Date,S&P Adj Close,S&P Volume
4/29/2013,1593.609985,2891200000
4/30/2013,1597.569946,3745070000
5/1/2013,1582.699951,3530320000
5/2/2013,1597.589966,3366950000
5/3/2013,1614.420044,3603910000
5/6/2013,1617.5,3062240000
5/7/2013,1625.959961,3309580000
5/8/2013,1632.689941,3554700000
5/9/2013,1626.670044,3457400000
5/10/2013,1633.699951,3086470000
5/13/2013,1633.77002,2910600000
5/14/2013,1650.339966,3457790000
5/15/2013,1658.780029,3657440000
5/16/2013,1650.469971,3513130000
5/17/2013,1667.469971,3440710000
5/20/2013,1666.290039,3275080000
5/21/2013,1669.160034,3513560000
5/22/2013,1655.349976,4361020000
5/23/2013,1650.51001,3945510000
5/24/2013,1649.599976,2758080000
5/28/2013,1660.060059,3457400000
5/29/2013,1648.359985,3587140000
5/30/2013,1654.410034,3498620000
5/31/2013,1630.73999,4099600000
6/3/2013,1640.420044,3952070000
6/4/2013,1631.380005,3653840000
6/5/2013,1608.900024,3632350000
6/6/2013,1622.560059,3547380000
6/7/2013,1643.380005,3371990000
6/10/2013,1642.810059,2978730000
6/11/2013,1626.130005,3435710000
6/12/2013,1612.52002,3202550000
6/13/2013,1636.359985,3378620000
6/14/2013,1626.72998,2939400000
6/17/2013,1639.040039,3137080000
6/18/2013,1651.810059,3120980000
6/19/2013,1628.930054,3545060000
6/20/2013,1588.189941,4858850000
6/21/2013,1592.430054,5797280000
6/24/2013,1573.089966,4733660000
6/25/2013,1588.030029,3761170000
6/26/2013,1603.26001,3558340000
6/27/2013,1613.199951,3364540000
6/28/2013,1606.280029,4977190000
7/1/2013,1614.959961,3104690000
7/2/2013,1614.079956,3317130000
7/3/2013,1615.410034,1966050000
7/5/2013,1631.890015,2634140000
7/8/2013,1640.459961,3514590000
7/9/2013,1652.319946,3155360000
7/10/2013,1652.619995,3011010000
7/11/2013,1675.02002,3446340000
7/12/2013,1680.189941,3039070000
7/15/2013,1682.5,2623200000
7/16/2013,1676.26001,3081710000
7/17/2013,1680.910034,3153440000
7/18/2013,1689.369995,3452370000
7/19/2013,1692.089966,3302580000
7/22/2013,1695.530029,2779130000
7/23/2013,1692.390015,3096180000
7/24/2013,1685.939941,3336120000
7/25/2013,1690.25,3322500000
7/26/2013,1691.650024,2762770000
7/29/2013,1685.329956,2840520000
7/30/2013,1685.959961,3320530000
7/31/2013,1685.72998,3847390000
8/1/2013,1706.869995,3775170000
8/2/2013,1709.670044,3136630000
8/5/2013,1707.140015,2529300000
8/6/2013,1697.369995,3141210000
8/7/2013,1690.910034,3010230000
8/8/2013,1697.47998,3271660000
8/9/2013,1691.420044,2957670000
8/12/2013,1689.469971,2789160000
8/13/2013,1694.160034,3035560000
8/14/2013,1685.390015,2871430000
8/15/2013,1661.319946,3426690000
8/16/2013,1655.829956,3211450000
8/19/2013,1646.060059,2904530000
8/20/2013,1652.349976,2994090000
8/21/2013,1642.800049,2932180000
8/22/2013,1656.959961,2537460000
8/23/2013,1663.5,2582670000
8/26/2013,1656.780029,2430670000
8/27/2013,1630.47998,3219190000
8/28/2013,1634.959961,2784010000
8/29/2013,1638.170044,2527550000
8/30/2013,1632.969971,2734300000
9/3/2013,1639.77002,3731610000
9/4/2013,1653.079956,3312150000
9/5/2013,1655.079956,2957110000
9/6/2013,1655.170044,3123880000
9/9/2013,1671.709961,3102780000
9/10/2013,1683.98999,3691800000
9/11/2013,1689.130005,3135460000
9/12/2013,1683.420044,3106290000
9/13/2013,1687.98999,2736500000
9/16/2013,1697.599976,3079800000
9/17/2013,1704.76001,2774240000
9/18/2013,1725.52002,3989760000
9/19/2013,1722.339966,3740130000
9/20/2013,1709.910034,5074030000
9/23/2013,1701.839966,3126950000
9/24/2013,1697.420044,3268930000
9/25/2013,1692.77002,3148730000
9/26/2013,1698.670044,2813930000
9/27/2013,1691.75,2951700000
9/30/2013,1681.550049,3308630000
10/1/2013,1695,3238690000
10/2/2013,1693.869995,3148600000
10/3/2013,1678.660034,3279650000
10/4/2013,1690.5,2880270000
10/7/2013,1676.119995,2678490000
10/8/2013,1655.449951,3569230000
10/9/2013,1656.400024,3577840000
10/10/2013,1692.560059,3362300000
10/11/2013,1703.199951,2944670000
10/14/2013,1710.140015,2580580000
10/15/2013,1698.060059,3327740000
10/16/2013,1721.540039,3486180000
10/17/2013,1733.150024,3453590000
10/18/2013,1744.5,3664890000
10/21/2013,1744.660034,3052710000
10/22/2013,1754.670044,3850840000
10/23/2013,1746.380005,3713380000
10/24/2013,1752.069946,3671700000
10/25/2013,1759.77002,3175720000
10/28/2013,1762.109985,3282300000
10/29/2013,1771.949951,3358460000
10/30/2013,1763.310059,3523040000
10/31/2013,1756.540039,3826530000
11/1/2013,1761.640015,3686290000
11/4/2013,1767.930054,3194870000
11/5/2013,1762.969971,3516680000
11/6/2013,1770.48999,3322100000
11/7/2013,1747.150024,4143200000
11/8/2013,1770.609985,3837170000
11/11/2013,1771.890015,2534060000
11/12/2013,1767.689941,3221030000
11/13/2013,1782,3327480000
11/14/2013,1790.619995,3139060000
11/15/2013,1798.180054,3254820000
11/18/2013,1791.530029,3168520000
11/19/2013,1787.869995,3224450000
11/20/2013,1781.369995,3109140000
11/21/2013,1795.849976,3256630000
11/22/2013,1804.76001,3055140000
11/25/2013,1802.47998,2998540000
11/26/2013,1802.75,3427120000
11/27/2013,1807.22998,2613590000
11/29/2013,1805.810059,1598300000
12/2/2013,1800.900024,3095430000
12/3/2013,1795.150024,3475680000
12/4/2013,1792.810059,3610540000
12/5/2013,1785.030029,3336880000
12/6/2013,1805.089966,3150030000
12/9/2013,1808.369995,3129500000
12/10/2013,1802.619995,3117150000
12/11/2013,1782.219971,3472240000
12/12/2013,1775.5,3306640000
12/13/2013,1775.319946,3061070000
12/16/2013,1786.540039,3209890000
12/17/2013,1781,3270030000
12/18/2013,1810.650024,4327770000
12/19/2013,1809.599976,3497210000
12/20/2013,1818.319946,5097700000
12/23/2013,1827.98999,2851540000
12/24/2013,1833.319946,1307630000
12/26/2013,1842.02002,1982270000
12/27/2013,1841.400024,2052920000
12/30/2013,1841.069946,2293860000
12/31/2013,1848.359985,2312840000
1/2/2014,1831.97998,3080600000
1/3/2014,1831.369995,2774270000
1/6/2014,1826.77002,3294850000
1/7/2014,1837.880005,3511750000
1/8/2014,1837.48999,3652140000
1/9/2014,1838.130005,3581150000
1/10/2014,1842.369995,3335710000
1/13/2014,1819.199951,3591350000
1/14/2014,1838.880005,3353270000
1/15/2014,1848.380005,3777800000
1/16/2014,1845.890015,3491310000
1/17/2014,1838.699951,3626120000
1/21/2014,1843.800049,3782470000
1/22/2014,1844.859985,3374170000
1/23/2014,1828.459961,3972250000
1/24/2014,1790.290039,4618450000
1/27/2014,1781.560059,4045200000
1/28/2014,1792.5,3437830000
1/29/2014,1774.199951,3964020000
1/30/2014,1794.189941,3547510000
1/31/2014,1782.589966,4059690000
2/3/2014,1741.890015,4726040000
2/4/2014,1755.199951,4068410000
2/5/2014,1751.640015,3984290000
2/6/2014,1773.430054,3825410000
2/7/2014,1797.02002,3775990000
2/10/2014,1799.839966,3312160000
2/11/2014,1819.75,3699380000
2/12/2014,1819.26001,3326380000
2/13/2014,1829.829956,3289510000
2/14/2014,1838.630005,3114750000
2/18/2014,1840.76001,3421110000
2/19/2014,1828.75,3661570000
2/20/2014,1839.780029,3404980000
2/21/2014,1836.25,3403880000
2/24/2014,1847.609985,4014530000
2/25/2014,1845.119995,3515560000
2/26/2014,1845.160034,3716730000
2/27/2014,1854.290039,3547460000
2/28/2014,1859.449951,3917450000
3/3/2014,1845.72998,3428220000
3/4/2014,1873.910034,3765770000
3/5/2014,1873.810059,3392990000
3/6/2014,1877.030029,3360450000
3/7/2014,1878.040039,3564740000
3/10/2014,1877.170044,3021350000
3/11/2014,1867.630005,3392400000
3/12/2014,1868.199951,3270860000
3/13/2014,1846.339966,3670990000
3/14/2014,1841.130005,3285460000
3/17/2014,1858.829956,2860490000
3/18/2014,1872.25,2930190000
3/19/2014,1860.77002,3289210000
3/20/2014,1872.01001,3327540000
3/21/2014,1866.52002,5270710000
3/24/2014,1857.439941,3409000000
3/25/2014,1865.619995,3200560000
3/26/2014,1852.560059,3480850000
3/27/2014,1849.040039,3733430000
3/28/2014,1857.619995,2955520000
3/31/2014,1872.339966,3274300000
4/1/2014,1885.52002,3336190000
4/2/2014,1890.900024,3131660000
4/3/2014,1888.77002,3055600000
4/4/2014,1865.089966,3583750000
4/7/2014,1845.040039,3801540000
4/8/2014,1851.959961,3721450000
4/9/2014,1872.180054,3308650000
4/10/2014,1833.079956,3758780000
4/11/2014,1815.689941,3743460000
4/14/2014,1830.609985,3111540000
4/15/2014,1842.97998,3736440000
4/16/2014,1862.310059,3155080000
4/17/2014,1864.849976,3341430000
4/21/2014,1871.890015,2642500000
4/22/2014,1879.550049,3215440000
4/23/2014,1875.390015,3085720000
4/24/2014,1878.609985,3191830000
4/25/2014,1863.400024,3213020000
4/28/2014,1869.430054,4034680000
4/29/2014,1878.329956,3647820000
4/30/2014,1883.949951,3779230000
5/1/2014,1883.680054,3416740000
5/2/2014,1881.140015,3159560000
5/5/2014,1884.660034,2733730000
5/6/2014,1867.719971,3327260000
5/7/2014,1878.209961,3632950000
5/8/2014,1875.630005,3393420000
5/9/2014,1878.47998,3025020000
5/12/2014,1896.650024,3005740000
5/13/2014,1897.449951,2915680000
5/14/2014,1888.530029,2822060000
5/15/2014,1870.849976,3552640000
5/16/2014,1877.859985,3173650000
5/19/2014,1885.079956,2664250000
5/20/2014,1872.829956,3007700000
5/21/2014,1888.030029,2777140000
5/22/2014,1892.48999,2759800000
5/23/2014,1900.530029,2396280000
5/27/2014,1911.910034,2911020000
5/28/2014,1909.780029,2976450000
5/29/2014,1920.030029,2709050000
5/30/2014,1923.569946,3263490000
6/2/2014,1924.969971,2509020000
6/3/2014,1924.23999,2867180000
6/4/2014,1927.880005,2793920000
6/5/2014,1940.459961,3113270000
6/6/2014,1949.439941,2864300000
6/9/2014,1951.27002,2812180000
6/10/2014,1950.790039,2702360000
6/11/2014,1943.890015,2710620000
6/12/2014,1930.109985,3040480000
6/13/2014,1936.160034,2598230000
6/16/2014,1937.780029,2926130000
6/17/2014,1941.98999,2971260000
6/18/2014,1956.97998,3065220000
6/19/2014,1959.47998,2952150000
6/20/2014,1962.869995,4336240000
6/23/2014,1962.609985,2717630000
6/24/2014,1949.97998,3089700000
6/25/2014,1959.530029,3106710000
6/26/2014,1957.219971,2778840000
6/27/2014,1960.959961,4290590000
6/30/2014,1960.22998,3037350000
7/1/2014,1973.319946,3188240000
7/2/2014,1974.619995,2851480000
7/3/2014,1985.439941,1998090000
7/7/2014,1977.650024,2681260000
7/8/2014,1963.709961,3302430000
7/9/2014,1972.829956,2858800000
7/10/2014,1964.680054,3165690000
7/11/2014,1967.569946,2684630000
7/14/2014,1977.099976,2744920000
7/15/2014,1973.280029,3328740000
7/16/2014,1981.569946,3390950000
7/17/2014,1958.119995,3381680000
7/18/2014,1978.219971,3106060000
7/21/2014,1973.630005,2611160000
7/22/2014,1983.530029,2890480000
7/23/2014,1987.01001,2869720000
7/24/2014,1987.97998,3203530000
7/25/2014,1978.339966,2638960000
7/28/2014,1978.910034,2803320000
7/29/2014,1969.949951,3183300000
7/30/2014,1970.069946,3448250000
7/31/2014,1930.670044,4193000000
8/1/2014,1925.150024,3789660000
8/4/2014,1938.98999,3072920000
8/5/2014,1920.209961,3462520000
8/6/2014,1920.23999,3539150000
8/7/2014,1909.569946,3230520000
8/8/2014,1931.589966,2902280000
8/11/2014,1936.920044,2784890000
8/12/2014,1933.75,2611700000
8/13/2014,1946.719971,2718020000
8/14/2014,1955.180054,2609460000
8/15/2014,1955.060059,3023380000
8/18/2014,1971.73999,2638160000
8/19/2014,1981.599976,2656430000
8/20/2014,1986.51001,2579560000
8/21/2014,1992.369995,2638920000
8/22/2014,1988.400024,2301860000
8/25/2014,1997.920044,2233880000
8/26/2014,2000.02002,2451950000
8/27/2014,2000.119995,2344350000
8/28/2014,1996.73999,2282400000
8/29/2014,2003.369995,2259130000
9/2/2014,2002.280029,2819980000
9/3/2014,2000.719971,2809980000
9/4/2014,1997.650024,3072410000
9/5/2014,2007.709961,2818300000
9/8/2014,2001.540039,2789090000
9/9/2014,1988.439941,2882830000
9/10/2014,1995.689941,2912430000
9/11/2014,1997.449951,2941690000
9/12/2014,1985.540039,3206570000
9/15/2014,1984.130005,2776530000
9/16/2014,1998.97998,3160310000
9/17/2014,2001.569946,3209420000
9/18/2014,2011.359985,3235340000
9/19/2014,2010.400024,4880220000
9/22/2014,1994.290039,3349670000
9/23/2014,1982.77002,3279350000
9/24/2014,1998.300049,3313850000
9/25/2014,1965.98999,3273050000
9/26/2014,1982.849976,2929440000
9/29/2014,1977.800049,3094440000
9/30/2014,1972.290039,3951100000
10/1/2014,1946.160034,4188590000
10/2/2014,1946.170044,4012510000
10/3/2014,1967.900024,3560970000
10/6/2014,1964.819946,3358220000
10/7/2014,1935.099976,3687870000
10/8/2014,1968.890015,4441890000
10/9/2014,1928.209961,4344020000
10/10/2014,1906.130005,4550540000
10/13/2014,1874.73999,4352580000
10/14/2014,1877.699951,4812010000
10/15/2014,1862.48999,6090800000
10/16/2014,1862.76001,5073150000
10/17/2014,1886.76001,4482120000
10/20/2014,1904.01001,3331210000
10/21/2014,1941.280029,3987090000
10/22/2014,1927.109985,3761930000
10/23/2014,1950.819946,3789250000
10/24/2014,1964.579956,3078380000
10/27/2014,1961.630005,3538860000
10/28/2014,1985.050049,3653260000
10/29/2014,1982.300049,3740350000
10/30/2014,1994.650024,3586150000
10/31/2014,2018.050049,4292290000
11/3/2014,2017.810059,3555440000
11/4/2014,2012.099976,3956260000
11/5/2014,2023.569946,3766590000
11/6/2014,2031.209961,3669770000
11/7/2014,2031.920044,3704280000
11/10/2014,2038.26001,3284940000
11/11/2014,2039.680054,2958320000
11/12/2014,2038.25,3246650000
11/13/2014,2039.329956,3455270000
11/14/2014,2039.819946,3227130000
11/17/2014,2041.319946,3152890000
11/18/2014,2051.800049,3416190000
11/19/2014,2048.719971,3390850000
11/20/2014,2052.75,3128290000
11/21/2014,2063.5,3916420000
11/24/2014,2069.409912,3128060000
11/25/2014,2067.030029,3392940000
11/26/2014,2072.830078,2745260000
11/28/2014,2067.560059,2504640000
12/1/2014,2053.439941,4159010000
12/2/2014,2066.550049,3686650000
12/3/2014,2074.330078,3612680000
12/4/2014,2071.919922,3408340000
12/5/2014,2075.370117,3419620000
12/8/2014,2060.310059,3800990000
12/9/2014,2059.820068,3970150000
12/10/2014,2026.140015,4114440000
12/11/2014,2035.329956,3917950000
12/12/2014,2002.329956,4157650000
12/15/2014,1989.630005,4361990000
12/16/2014,1972.73999,4958680000
12/17/2014,2012.890015,4942370000
12/18/2014,2061.22998,4703380000
12/19/2014,2070.649902,6465530000
12/22/2014,2078.540039,3369520000
12/23/2014,2082.169922,3043950000
12/24/2014,2081.879883,1416980000
12/26/2014,2088.77002,1735230000
12/29/2014,2090.570068,2452360000
12/30/2014,2080.350098,2440280000
12/31/2014,2058.899902,2606070000
1/2/2015,2058.199951,2708700000
1/5/2015,2020.579956,3799120000
1/6/2015,2002.609985,4460110000
1/7/2015,2025.900024,3805480000
1/8/2015,2062.139893,3934010000
1/9/2015,2044.810059,3364140000
1/12/2015,2028.26001,3456460000
1/13/2015,2023.030029,4107300000
1/14/2015,2011.27002,4378680000
1/15/2015,1992.670044,4276720000
1/16/2015,2019.420044,4056410000
1/20/2015,2022.550049,3944340000
1/21/2015,2032.119995,3730070000
1/22/2015,2063.149902,4176050000
1/23/2015,2051.820068,3573560000
1/26/2015,2057.090088,3465760000
1/27/2015,2029.550049,3329810000
1/28/2015,2002.160034,4067530000
1/29/2015,2021.25,4127140000
1/30/2015,1994.98999,4568650000
2/2/2015,2020.849976,4008330000
2/3/2015,2050.030029,4615900000
2/4/2015,2041.51001,4141920000
2/5/2015,2062.52002,3821990000
2/6/2015,2055.469971,4232970000
2/9/2015,2046.73999,3549540000
2/10/2015,2068.590088,3669850000
2/11/2015,2068.530029,3596860000
2/12/2015,2088.47998,3788350000
2/13/2015,2096.98999,3527450000
2/17/2015,2100.340088,3361750000
2/18/2015,2099.679932,3370020000
2/19/2015,2097.449951,3247100000
2/20/2015,2110.300049,3281600000
2/23/2015,2109.659912,3093680000
2/24/2015,2115.47998,3199840000
2/25/2015,2113.860107,3312340000
2/26/2015,2110.73999,3408690000
2/27/2015,2104.5,3547380000
3/2/2015,2117.389893,3409490000
3/3/2015,2107.780029,3262300000
3/4/2015,2098.530029,3421110000
3/5/2015,2101.040039,3103030000
3/6/2015,2071.26001,3853570000
3/9/2015,2079.429932,3349090000
3/10/2015,2044.160034,3668900000
3/11/2015,2040.23999,3406570000
3/12/2015,2065.949951,3405860000
3/13/2015,2053.399902,3498560000
3/16/2015,2081.189941,3295600000
3/17/2015,2074.280029,3221840000
3/18/2015,2099.5,4128210000
3/19/2015,2089.27002,3305220000
3/20/2015,2108.100098,5554120000
3/23/2015,2104.419922,3267960000
3/24/2015,2091.5,3189820000
3/25/2015,2061.050049,3521140000
3/26/2015,2056.149902,3510670000
3/27/2015,2061.02002,3008550000
3/30/2015,2086.23999,2917690000
3/31/2015,2067.889893,3376550000
4/1/2015,2059.689941,3543270000
4/2/2015,2066.959961,3095960000
4/6/2015,2080.620117,3302970000
4/7/2015,2076.330078,3065510000
4/8/2015,2081.899902,3265330000
4/9/2015,2091.179932,3172360000
4/10/2015,2102.060059,3156200000
4/13/2015,2092.429932,2908420000
4/14/2015,2095.840088,3301270000
4/15/2015,2106.629883,4013760000
4/16/2015,2104.98999,3434120000
4/17/2015,2081.179932,3627600000
4/20/2015,2100.399902,3000160000
4/21/2015,2097.290039,3243410000
4/22/2015,2107.959961,3348480000
4/23/2015,2112.929932,3636670000
4/24/2015,2117.689941,3375780000
4/27/2015,2108.919922,3438750000
4/28/2015,2114.76001,3546270000
4/29/2015,2106.850098,4074970000
4/30/2015,2085.51001,4509680000
5/1/2015,2108.290039,3379390000
5/4/2015,2114.48999,3091580000
5/5/2015,2089.459961,3793950000
5/6/2015,2080.149902,3792210000
5/7/2015,2088,3676640000
5/8/2015,2116.100098,3399440000
5/11/2015,2105.330078,2992670000
5/12/2015,2099.120117,3139520000
5/13/2015,2098.47998,3374260000
5/14/2015,2121.100098,3225740000
5/15/2015,2122.72998,3092080000
5/18/2015,2129.199951,2888190000
5/19/2015,2127.830078,3296030000
5/20/2015,2125.850098,3025880000
5/21/2015,2130.820068,3070460000
5/22/2015,2126.060059,2571860000
5/26/2015,2104.199951,3342130000
5/27/2015,2123.47998,3127960000
5/28/2015,2120.790039,2980350000
5/29/2015,2107.389893,3927390000
6/1/2015,2111.72998,3011710000
6/2/2015,2109.600098,3049350000
6/3/2015,2114.070068,3099980000
6/4/2015,2095.840088,3200050000
6/5/2015,2092.830078,3243690000
6/8/2015,2079.280029,2917150000
6/9/2015,2080.149902,3034580000
6/10/2015,2105.199951,3414320000
6/11/2015,2108.860107,3128600000
6/12/2015,2094.110107,2719400000
6/15/2015,2084.429932,3061570000
6/16/2015,2096.290039,2919900000
6/17/2015,2100.439941,3222240000
6/18/2015,2121.23999,3520360000
6/19/2015,2109.98999,4449810000
6/22/2015,2122.850098,3030020000
6/23/2015,2124.199951,3091190000
6/24/2015,2108.580078,3102480000
6/25/2015,2102.310059,3214610000
6/26/2015,2101.48999,5025470000
6/29/2015,2057.639893,3678960000
6/30/2015,2063.110107,4078540000
7/1/2015,2077.419922,3727260000
7/2/2015,2076.780029,2996540000
7/6/2015,2068.76001,3486360000
7/7/2015,2081.340088,4458660000
7/8/2015,2046.680054,3608780000
7/9/2015,2051.310059,3446810000
7/10/2015,2076.620117,3065070000
7/13/2015,2099.600098,3096730000
7/14/2015,2108.949951,3002120000
7/15/2015,2107.399902,3261810000
7/16/2015,2124.290039,3227080000
7/17/2015,2126.639893,3362750000
7/20/2015,2128.280029,3245870000
7/21/2015,2119.209961,3343690000
7/22/2015,2114.149902,3694070000
7/23/2015,2102.149902,3772810000
7/24/2015,2079.649902,3870040000
7/27/2015,2067.639893,3836750000
7/28/2015,2093.25,4117740000
7/29/2015,2108.570068,4038900000
7/30/2015,2108.629883,3579410000
7/31/2015,2103.840088,3681340000
8/3/2015,2098.040039,3476770000
8/4/2015,2093.320068,3546710000
8/5/2015,2099.840088,3968680000
8/6/2015,2083.560059,4246570000
8/7/2015,2077.570068,3602320000
8/10/2015,2104.179932,3514460000
8/11/2015,2084.070068,3708880000
8/12/2015,2086.050049,4269130000
8/13/2015,2083.389893,3221300000
8/14/2015,2091.540039,2795590000
8/17/2015,2102.439941,2867690000
8/18/2015,2096.919922,2949990000
8/19/2015,2079.610107,3512920000
8/20/2015,2035.72998,3922470000
8/21/2015,1970.890015,5018240000
8/24/2015,1893.209961,6612690000
8/25/2015,1867.609985,5183560000
8/26/2015,1940.51001,5338250000
8/27/2015,1987.660034,5006390000
8/28/2015,1988.869995,3949080000
8/31/2015,1972.180054,3915100000
9/1/2015,1913.849976,4371850000
9/2/2015,1948.859985,3742620000
9/3/2015,1951.130005,3520700000
9/4/2015,1921.219971,3167090000
9/8/2015,1969.410034,3548650000
9/9/2015,1942.040039,3652120000
9/10/2015,1952.290039,3626320000
9/11/2015,1961.050049,3218590000
9/14/2015,1953.030029,3000200000
9/15/2015,1978.089966,3239860000
9/16/2015,1995.310059,3630680000
9/17/2015,1990.199951,4183790000
9/18/2015,1958.030029,6021240000
9/21/2015,1966.969971,3269350000
9/22/2015,1942.73999,3808260000
9/23/2015,1938.76001,3190530000
9/24/2015,1932.23999,4091530000
9/25/2015,1931.339966,3721870000
9/28/2015,1881.77002,4326660000
9/29/2015,1884.089966,4132390000
9/30/2015,1920.030029,4525070000
10/1/2015,1923.819946,3983600000
10/2/2015,1951.359985,4378570000
10/5/2015,1987.050049,4334490000
10/6/2015,1979.920044,4202400000
10/7/2015,1995.829956,4666470000
10/8/2015,2013.430054,3939140000
10/9/2015,2014.890015,3706900000
10/12/2015,2017.459961,2893250000
10/13/2015,2003.689941,3401920000
10/14/2015,1994.23999,3644590000
10/15/2015,2023.859985,3746290000
10/16/2015,2033.109985,3595430000
10/19/2015,2033.660034,3287320000
10/20/2015,2030.77002,3331500000
10/21/2015,2018.939941,3627790000
10/22/2015,2052.51001,4430850000
10/23/2015,2075.149902,4108460000
10/26/2015,2071.179932,3385800000
10/27/2015,2065.889893,4216880000
10/28/2015,2090.350098,4698110000
10/29/2015,2089.409912,4008940000
10/30/2015,2079.360107,4256200000
11/2/2015,2104.050049,3760020000
11/3/2015,2109.790039,4272060000
11/4/2015,2102.310059,4078870000
11/5/2015,2099.929932,4051890000
11/6/2015,2099.199951,4369020000
11/9/2015,2078.580078,3882350000
11/10/2015,2081.719971,3821440000
11/11/2015,2075,3692410000
11/12/2015,2045.969971,4016370000
11/13/2015,2023.040039,4278750000
11/16/2015,2053.189941,3741240000
11/17/2015,2050.439941,4427350000
11/18/2015,2083.580078,3926390000
11/19/2015,2081.23999,3628110000
11/20/2015,2089.169922,3929600000
11/23/2015,2086.590088,3587980000
11/24/2015,2089.139893,3884930000
11/25/2015,2088.870117,2852940000
11/27/2015,2090.110107,1466840000
11/30/2015,2080.409912,4275030000
12/1/2015,2102.629883,3712120000
12/2/2015,2079.51001,3950640000
12/3/2015,2049.620117,4306490000
12/4/2015,2091.689941,4214910000
12/7/2015,2077.070068,4043820000
12/8/2015,2063.590088,4173570000
12/9/2015,2047.619995,4385250000
12/10/2015,2052.22998,3715150000
12/11/2015,2012.369995,4301060000
12/14/2015,2021.939941,4612440000
12/15/2015,2043.410034,4353540000
12/16/2015,2073.070068,4635450000
12/17/2015,2041.890015,4327390000
12/18/2015,2005.550049,6683070000
12/21/2015,2021.150024,3760280000
12/22/2015,2038.969971,3520860000
12/23/2015,2064.290039,3484090000
12/24/2015,2060.98999,1411860000
12/28/2015,2056.5,2492510000
12/29/2015,2078.360107,2542000000
12/30/2015,2063.360107,2367430000
12/31/2015,2043.939941,2655330000
1/4/2016,2012.660034,4304880000
1/5/2016,2016.709961,3706620000
1/6/2016,1990.26001,4336660000
1/7/2016,1943.089966,5076590000
1/8/2016,1922.030029,4664940000
1/11/2016,1923.670044,4607290000
1/12/2016,1938.680054,4887260000
1/13/2016,1890.280029,5087030000
1/14/2016,1921.839966,5241110000
1/15/2016,1880.329956,5468460000
1/19/2016,1881.329956,4928350000
1/20/2016,1859.329956,6416070000
1/21/2016,1868.98999,5078810000
1/22/2016,1906.900024,4901760000
1/25/2016,1877.079956,4401380000
1/26/2016,1903.630005,4357940000
1/27/2016,1882.949951,4754040000
1/28/2016,1893.359985,4693010000
1/29/2016,1940.23999,5497570000
2/1/2016,1939.380005,4322530000
2/2/2016,1903.030029,4463190000
2/3/2016,1912.530029,5172950000
2/4/2016,1915.449951,5193320000
2/5/2016,1880.050049,4929940000
2/8/2016,1853.439941,5636460000
2/9/2016,1852.209961,5183220000
2/10/2016,1851.859985,4471170000
2/11/2016,1829.079956,5500800000
2/12/2016,1864.780029,4696920000
2/16/2016,1895.579956,4570670000
2/17/2016,1926.819946,5011540000
2/18/2016,1917.829956,4436490000
2/19/2016,1917.780029,4142850000
2/22/2016,1945.5,4054710000
2/23/2016,1921.27002,3890650000
2/24/2016,1929.800049,4317250000
2/25/2016,1951.699951,4118210000
2/26/2016,1948.050049,4348510000
2/29/2016,1932.22998,4588180000
3/1/2016,1978.349976,4819750000
3/2/2016,1986.449951,4666610000
3/3/2016,1993.400024,5081700000
3/4/2016,1999.98999,6049930000
3/7/2016,2001.76001,4968180000
3/8/2016,1979.26001,4641650000
3/9/2016,1989.26001,4038120000
3/10/2016,1989.569946,4376790000
3/11/2016,2022.189941,4078620000
3/14/2016,2019.640015,3487850000
3/15/2016,2015.930054,3560280000
3/16/2016,2027.219971,4057020000
3/17/2016,2040.589966,4530480000
3/18/2016,2049.580078,6503140000
3/21/2016,2051.600098,3376600000
3/22/2016,2049.800049,3418460000
3/23/2016,2036.709961,3639510000
3/24/2016,2035.939941,3407720000
3/28/2016,2037.050049,2809090000
3/29/2016,2055.01001,3822330000
3/30/2016,2063.949951,3590310000
3/31/2016,2059.73999,3715280000
4/1/2016,2072.780029,3749990000
4/4/2016,2066.129883,3485710000
4/5/2016,2045.170044,4154920000
4/6/2016,2066.659912,3750800000
4/7/2016,2041.910034,3801250000
4/8/2016,2047.599976,3359530000
4/11/2016,2041.98999,3567840000
4/12/2016,2061.719971,4239740000
4/13/2016,2082.419922,4191830000
4/14/2016,2082.780029,3765870000
4/15/2016,2080.72998,3701450000
4/18/2016,2094.340088,3316880000
4/19/2016,2100.800049,3896830000
4/20/2016,2102.399902,4184880000
4/21/2016,2091.47998,4175290000
4/22/2016,2091.580078,3790580000
4/25/2016,2087.790039,3319740000
4/26/2016,2091.699951,3557190000
4/27/2016,2095.149902,4100110000
4/28/2016,2075.810059,4309840000
4/29/2016,2065.300049,4704720000
5/2/2016,2081.429932,3841110000
5/3/2016,2063.370117,4173390000
5/4/2016,2051.120117,4058560000
5/5/2016,2050.629883,4008530000
5/6/2016,2057.139893,3796350000
5/9/2016,2058.689941,3788620000
5/10/2016,2084.389893,3600200000
5/11/2016,2064.459961,3821980000
5/12/2016,2064.110107,3782390000
5/13/2016,2046.609985,3579880000
5/16/2016,2066.659912,3501360000
5/17/2016,2047.209961,4108960000
5/18/2016,2047.630005,4101320000
5/19/2016,2040.040039,3846770000
5/20/2016,2052.320068,3507650000
5/23/2016,2048.040039,3055480000
5/24/2016,2076.060059,3627340000
5/25/2016,2090.540039,3859160000
5/26/2016,2090.100098,3230990000
5/27/2016,2099.060059,3079150000
5/31/2016,2096.949951,4514410000
6/1/2016,2099.330078,3525170000
6/2/2016,2105.26001,3632720000
6/3/2016,2099.129883,3627780000
6/6/2016,2109.409912,3442020000
6/7/2016,2112.129883,3534730000
6/8/2016,2119.120117,3562060000
6/9/2016,2115.47998,3290320000
6/10/2016,2096.070068,3515010000
6/13/2016,2079.060059,3392030000
6/14/2016,2075.320068,3759770000
6/15/2016,2071.5,3544720000
6/16/2016,2077.98999,3628280000
6/17/2016,2071.219971,4952630000
6/20/2016,2083.25,3467440000
6/21/2016,2088.899902,3232880000
6/22/2016,2085.449951,3168160000
6/23/2016,2113.320068,3297940000
6/24/2016,2037.410034,7597450000
6/27/2016,2000.540039,5431220000
6/28/2016,2036.089966,4385810000
6/29/2016,2070.77002,4241740000
6/30/2016,2098.860107,4622820000
7/1/2016,2102.949951,3458890000
7/5/2016,2088.550049,3658380000
7/6/2016,2099.72998,3909380000
7/7/2016,2097.899902,3604550000
7/8/2016,2129.899902,3607500000
7/11/2016,2137.159912,3253340000
7/12/2016,2152.139893,4097820000
7/13/2016,2152.429932,3502320000
7/14/2016,2163.75,3465610000
7/15/2016,2161.73999,3122600000
7/18/2016,2166.889893,3009310000
7/19/2016,2163.780029,2968340000
7/20/2016,2173.02002,3211860000
7/21/2016,2165.169922,3438900000
7/22/2016,2175.030029,3023280000
7/25/2016,2168.47998,3057240000
7/26/2016,2169.179932,3442350000
7/27/2016,2166.580078,3995500000
7/28/2016,2170.060059,3664240000
7/29/2016,2173.600098,4038840000
8/1/2016,2170.840088,3505990000
8/2/2016,2157.030029,3848750000
8/3/2016,2163.790039,3786530000
8/4/2016,2164.25,3709200000
8/5/2016,2182.870117,3663070000
8/8/2016,2180.889893,3327550000
8/9/2016,2181.73999,3334300000
8/10/2016,2175.48999,3254950000
8/11/2016,2185.790039,3423160000
8/12/2016,2184.050049,3000660000
8/15/2016,2190.149902,3078530000
8/16/2016,2178.149902,3196400000
8/17/2016,2182.219971,3388910000
8/18/2016,2187.02002,3300570000
8/19/2016,2183.870117,3084800000
8/22/2016,2182.639893,2777550000
8/23/2016,2186.899902,3041490000
8/24/2016,2175.439941,3148280000
8/25/2016,2172.469971,2969310000
8/26/2016,2169.040039,3342340000
8/29/2016,2180.379883,2654780000
8/30/2016,2176.120117,3006800000
8/31/2016,2170.949951,3766390000
9/1/2016,2170.860107,3392120000
9/2/2016,2179.97998,3091120000
9/6/2016,2186.47998,3447650000
9/7/2016,2186.159912,3319420000
9/8/2016,2181.300049,3727840000
9/9/2016,2127.810059,4233960000
9/12/2016,2159.040039,4010480000
9/13/2016,2127.02002,4141670000
9/14/2016,2125.77002,3664100000
9/15/2016,2147.26001,3373720000
9/16/2016,2139.159912,5014360000
9/19/2016,2139.120117,3163000000
9/20/2016,2139.76001,3140730000
9/21/2016,2163.120117,3712090000
9/22/2016,2177.179932,3552830000
9/23/2016,2164.689941,3317190000
9/26/2016,2146.100098,3216170000
9/27/2016,2159.929932,3437770000
9/28/2016,2171.370117,3891460000
9/29/2016,2151.129883,4249220000
9/30/2016,2168.27002,4173340000
10/3/2016,2161.199951,3137550000
10/4/2016,2150.48999,3750890000
10/5/2016,2159.72998,3906550000
10/6/2016,2160.77002,3461550000
10/7/2016,2153.73999,3619890000
10/10/2016,2163.659912,2916550000
10/11/2016,2136.72998,3438270000
10/12/2016,2139.179932,2977100000
10/13/2016,2132.550049,3580450000
10/14/2016,2132.97998,3228150000
10/17/2016,2126.5,2830390000
10/18/2016,2139.600098,3170000000
10/19/2016,2144.290039,3362670000
10/20/2016,2141.340088,3337170000
10/21/2016,2141.159912,3448850000
10/24/2016,2151.330078,3357320000
10/25/2016,2143.159912,3751340000
10/26/2016,2139.429932,3775200000
10/27/2016,2133.040039,4204830000
10/28/2016,2126.409912,4019510000
10/31/2016,2126.149902,3922400000
11/1/2016,2111.719971,4532160000
11/2/2016,2097.939941,4248580000
11/3/2016,2088.659912,3886740000
11/4/2016,2085.179932,3837860000
11/7/2016,2131.52002,3736060000
11/8/2016,2139.560059,3916930000
11/9/2016,2163.26001,6264150000
11/10/2016,2167.47998,6451640000
11/11/2016,2164.449951,4988050000
11/14/2016,2164.199951,5367200000
11/15/2016,2180.389893,4543860000
11/16/2016,2176.939941,3830590000
11/17/2016,2187.120117,3809160000
11/18/2016,2181.899902,3572400000
11/21/2016,2198.179932,3607010000
11/22/2016,2202.939941,3957940000
11/23/2016,2204.719971,3418640000
11/25/2016,2213.350098,1584600000
11/28/2016,2201.719971,3505650000
11/29/2016,2204.659912,3706560000
11/30/2016,2198.810059,5533980000
12/1/2016,2191.080078,5063740000
12/2/2016,2191.949951,3779500000
12/5/2016,2204.709961,3895230000
12/6/2016,2212.22998,3855320000
12/7/2016,2241.350098,4501820000
12/8/2016,2246.189941,4200580000
12/9/2016,2259.530029,3884480000
12/12/2016,2256.959961,4034510000
12/13/2016,2271.719971,3857590000
12/14/2016,2253.280029,4406970000
12/15/2016,2262.030029,4168200000
12/16/2016,2258.070068,5920340000
12/19/2016,2262.530029,3248370000
12/20/2016,2270.76001,3298780000
12/21/2016,2265.179932,2852230000
12/22/2016,2260.959961,2876320000
12/23/2016,2263.790039,2020550000
12/27/2016,2268.879883,1987080000
12/28/2016,2249.919922,2392360000
12/29/2016,2249.26001,2336370000
12/30/2016,2238.830078,2670900000
1/3/2017,2257.830078,3770530000
1/4/2017,2270.75,3764890000
1/5/2017,2269,3761820000
1/6/2017,2276.97998,3339890000
1/9/2017,2268.899902,3217610000
1/10/2017,2268.899902,3638790000
1/11/2017,2275.320068,3620410000
1/12/2017,2270.439941,3462130000
1/13/2017,2274.639893,3081270000
1/17/2017,2267.889893,3584990000
1/18/2017,2271.889893,3315250000
1/19/2017,2263.689941,3165970000
1/20/2017,2271.310059,3524970000
1/23/2017,2265.199951,3152710000
1/24/2017,2280.070068,3810960000
1/25/2017,2298.370117,3846020000
1/26/2017,2296.679932,3610360000
1/27/2017,2294.689941,3135890000
1/30/2017,2280.899902,3591270000
1/31/2017,2278.870117,4087450000
2/1/2017,2279.550049,3916610000
2/2/2017,2280.850098,3807710000
2/3/2017,2297.419922,3597970000
2/6/2017,2292.560059,3109050000
2/7/2017,2293.080078,3448690000
2/8/2017,2294.669922,3609740000
2/9/2017,2307.870117,3677940000
2/10/2017,2316.100098,3475020000
2/13/2017,2328.25,3349730000
2/14/2017,2337.580078,3520910000
2/15/2017,2349.25,3775590000
2/16/2017,2347.219971,3672370000
2/17/2017,2351.159912,3513060000
2/21/2017,2365.379883,3579780000
2/22/2017,2362.820068,3468670000
2/23/2017,2363.810059,4015260000
2/24/2017,2367.340088,3831570000
2/27/2017,2369.75,3582610000
2/28/2017,2363.639893,4210140000
3/1/2017,2395.959961,4345180000
3/2/2017,2381.919922,3821320000
3/3/2017,2383.120117,3555260000
3/6/2017,2375.310059,3232700000
3/7/2017,2368.389893,3518390000
3/8/2017,2362.97998,3812100000
3/9/2017,2364.870117,3716340000
3/10/2017,2372.600098,3432950000
3/13/2017,2373.469971,3133900000
3/14/2017,2365.449951,3172630000
3/15/2017,2385.26001,3906840000
3/16/2017,2381.379883,3365660000
3/17/2017,2378.25,5178040000
3/20/2017,2373.469971,3054930000
3/21/2017,2344.02002,4265590000
3/22/2017,2348.449951,3572730000
3/23/2017,2345.959961,3260600000
3/24/2017,2343.97998,2975130000
3/27/2017,2341.590088,3240230000
3/28/2017,2358.570068,3367780000
3/29/2017,2361.129883,3106940000
3/30/2017,2368.060059,3158420000
3/31/2017,2362.719971,3354110000
4/3/2017,2358.840088,3416400000
4/4/2017,2360.159912,3206240000
4/5/2017,2352.949951,3770520000
4/6/2017,2357.48999,3201920000
4/7/2017,2355.540039,3053150000
4/10/2017,2357.159912,2785410000
4/11/2017,2353.780029,3117420000
4/12/2017,2344.929932,3196950000
4/13/2017,2328.949951,3143890000
4/17/2017,2349.01001,2824710000
4/18/2017,2342.189941,3269840000
4/19/2017,2338.169922,3519900000
4/20/2017,2355.840088,3647420000
4/21/2017,2348.689941,3503360000
4/24/2017,2374.149902,3690650000
4/25/2017,2388.610107,3995240000
4/26/2017,2387.449951,4105920000
4/27/2017,2388.77002,4098460000
4/28/2017,2384.199951,3718270000
5/1/2017,2388.330078,3199240000
5/2/2017,2391.169922,3813680000
5/3/2017,2388.129883,3893990000
5/4/2017,2389.52002,4362540000
5/5/2017,2399.290039,3540140000
5/8/2017,2399.379883,3429440000
5/9/2017,2396.919922,3653590000
5/10/2017,2399.629883,3643530000
5/11/2017,2394.439941,3727420000
5/12/2017,2390.899902,3305630000
5/15/2017,2402.320068,3473600000
5/16/2017,2400.669922,3420790000
5/17/2017,2357.030029,4163000000
5/18/2017,2365.719971,4319420000
5/19/2017,2381.72998,3825160000
5/22/2017,2394.02002,3172830000
5/23/2017,2398.419922,3213570000
5/24/2017,2404.389893,3389900000
5/25/2017,2415.070068,3535390000
5/26/2017,2415.820068,2805040000
5/30/2017,2412.909912,3203160000
5/31/2017,2411.800049,4516110000
6/1/2017,2430.060059,3857140000
6/2/2017,2439.070068,3461680000
6/5/2017,2436.100098,2912600000
6/6/2017,2429.330078,3357840000
6/7/2017,2433.139893,3572300000
6/8/2017,2433.790039,3728860000
6/9/2017,2431.77002,4027340000
6/12/2017,2429.389893,4027750000
6/13/2017,2440.350098,3275500000
6/14/2017,2437.919922,3555590000
6/15/2017,2432.459961,3353050000
6/16/2017,2433.149902,5284720000
6/19/2017,2453.459961,3264700000
6/20/2017,2437.030029,3416510000
6/21/2017,2435.610107,3594820000
6/22/2017,2434.5,3468210000
6/23/2017,2438.300049,5278330000
6/26/2017,2439.070068,3238970000
6/27/2017,2419.379883,3563910000
6/28/2017,2440.689941,3500800000
6/29/2017,2419.699951,3900280000
6/30/2017,2423.409912,3361590000
7/3/2017,2429.01001,1962290000
7/5/2017,2432.540039,3367220000
7/6/2017,2409.75,3364520000
7/7/2017,2425.179932,2901330000
7/10/2017,2427.429932,2999130000
7/11/2017,2425.530029,3106750000
7/12/2017,2443.25,3171620000
7/13/2017,2447.830078,3067670000
7/14/2017,2459.27002,2736640000
7/17/2017,2459.139893,2793170000
7/18/2017,2460.610107,2962130000
7/19/2017,2473.830078,3059760000
7/20/2017,2473.449951,3182780000
7/21/2017,2472.540039,3059570000
7/24/2017,2469.909912,3010240000
7/25/2017,2477.129883,4108060000
7/26/2017,2477.830078,3557020000
7/27/2017,2475.419922,3995520000
7/28/2017,2472.100098,3294770000
7/31/2017,2470.300049,3469210000
8/1/2017,2476.350098,3460860000
8/2/2017,2477.570068,3478580000
8/3/2017,2472.159912,3645020000
8/4/2017,2476.830078,3235140000
8/7/2017,2480.909912,2931780000
8/8/2017,2474.919922,3344640000
8/9/2017,2474.02002,3308060000
8/10/2017,2438.209961,3621070000
8/11/2017,2441.320068,3159930000
8/14/2017,2465.840088,2822550000
8/15/2017,2464.610107,2913100000
8/16/2017,2468.110107,2953650000
8/17/2017,2430.01001,3142620000
8/18/2017,2425.550049,3415680000
8/21/2017,2428.370117,2788150000
8/22/2017,2452.51001,2777490000
8/23/2017,2444.040039,2785290000
8/24/2017,2438.969971,2846590000
8/25/2017,2443.050049,2588780000
8/28/2017,2444.23999,2677700000
8/29/2017,2446.300049,2737580000
8/30/2017,2457.590088,2633660000
8/31/2017,2471.649902,3348110000
9/1/2017,2476.550049,2710730000
9/5/2017,2457.850098,3490260000
9/6/2017,2465.540039,3374410000
9/7/2017,2465.100098,3353930000
9/8/2017,2461.429932,3302490000
9/11/2017,2488.110107,3291760000
9/12/2017,2496.47998,3230920000
9/13/2017,2498.370117,3368050000
9/14/2017,2495.620117,3414460000
9/15/2017,2500.22998,4853170000
9/18/2017,2503.870117,3194300000
9/19/2017,2506.649902,3249100000
9/20/2017,2508.23999,3530010000
9/21/2017,2500.600098,2930860000
9/22/2017,2502.219971,2865960000
9/25/2017,2496.659912,3297890000
9/26/2017,2496.840088,3043110000
9/27/2017,2507.040039,3456030000
9/28/2017,2510.060059,3168620000
9/29/2017,2519.360107,3211920000
10/2/2017,2529.120117,3199730000
10/3/2017,2534.580078,3068850000
10/4/2017,2537.73999,3017120000
10/5/2017,2552.070068,3045120000
10/6/2017,2549.330078,2884570000
10/9/2017,2544.72998,2483970000
10/10/2017,2550.639893,2960500000
10/11/2017,2555.23999,2976090000
10/12/2017,2550.929932,3151510000
10/13/2017,2553.169922,3149440000
10/16/2017,2557.639893,2916020000
10/17/2017,2559.360107,2889390000
10/18/2017,2561.26001,2998090000
10/19/2017,2562.100098,2990710000
10/20/2017,2575.209961,3384650000
10/23/2017,2564.97998,3211710000
10/24/2017,2569.129883,3427330000
10/25/2017,2557.149902,3874510000
10/26/2017,2560.399902,3869050000
10/27/2017,2581.070068,3887110000
10/30/2017,2572.830078,3658870000
10/31/2017,2575.26001,3827230000
11/1/2017,2579.360107,3813180000
11/2/2017,2579.850098,4048270000
11/3/2017,2587.840088,3567710000
11/6/2017,2591.129883,3539080000
11/7/2017,2590.639893,3809650000
11/8/2017,2594.379883,3899360000
11/9/2017,2584.620117,3831610000
11/10/2017,2582.300049,3486910000
11/13/2017,2584.840088,3402930000
11/14/2017,2578.870117,3641760000
11/15/2017,2564.620117,3558890000
11/16/2017,2585.639893,3312710000
11/17/2017,2578.850098,3300160000
11/20/2017,2582.139893,3003540000
11/21/2017,2599.030029,3332720000
11/22/2017,2597.080078,2762950000
11/24/2017,2602.419922,1349780000
11/27/2017,2601.419922,3006860000
11/28/2017,2627.040039,3488420000
11/29/2017,2626.070068,4078280000
11/30/2017,2647.580078,4938490000
12/1/2017,2642.219971,3942320000
12/4/2017,2639.439941,4023150000
12/5/2017,2629.570068,3539040000
12/6/2017,2629.27002,3229000000
12/7/2017,2636.97998,3292400000
12/8/2017,2651.5,3106150000
12/11/2017,2659.98999,3091950000
12/12/2017,2664.110107,3555680000
12/13/2017,2662.850098,3542370000
12/14/2017,2652.01001,3430030000
12/15/2017,2675.810059,5723920000
12/18/2017,2690.159912,3724660000
12/19/2017,2681.469971,3368590000
12/20/2017,2679.25,3241030000
12/21/2017,2684.570068,3273390000
12/22/2017,2683.340088,2399830000
12/26/2017,2680.5,1968780000
12/27/2017,2682.620117,2202080000
12/28/2017,2687.540039,2153330000
12/29/2017,2673.610107,2443490000
1/2/2018,2695.810059,3367250000
1/3/2018,2713.060059,3538660000
1/4/2018,2723.98999,3695260000
1/5/2018,2743.149902,3236620000
1/8/2018,2747.709961,3242650000
1/9/2018,2751.290039,3453480000
1/10/2018,2748.22998,3576350000
1/11/2018,2767.560059,3641320000
1/12/2018,2786.23999,3573970000
1/16/2018,2776.419922,4325970000
1/17/2018,2802.560059,3778050000
1/18/2018,2798.030029,3681470000
1/19/2018,2810.300049,3639430000
1/22/2018,2832.969971,3471780000
1/23/2018,2839.129883,3519650000
1/24/2018,2837.540039,4014070000
1/25/2018,2839.25,3835150000
1/26/2018,2872.870117,3443230000
1/29/2018,2853.530029,3573830000
1/30/2018,2822.429932,3990650000
1/31/2018,2823.810059,4261280000
2/1/2018,2821.97998,3938450000
2/2/2018,2762.129883,4301130000
2/5/2018,2648.939941,5283460000
2/6/2018,2695.139893,5891660000
2/7/2018,2681.659912,4626570000
2/8/2018,2581,5305440000
2/9/2018,2619.550049,5680070000
2/12/2018,2656,4055790000
2/13/2018,2662.939941,3472870000
2/14/2018,2698.629883,4003740000
2/15/2018,2731.199951,3684910000
2/16/2018,2732.219971,3637460000
2/20/2018,2716.26001,3627610000
2/21/2018,2701.330078,3779400000
2/22/2018,2703.959961,3701270000
2/23/2018,2747.300049,3189190000
2/26/2018,2779.600098,3424650000
2/27/2018,2744.280029,3745080000
2/28/2018,2713.830078,4230660000
3/1/2018,2677.669922,4503970000
3/2/2018,2691.25,3882450000
3/5/2018,2720.939941,3710810000
3/6/2018,2728.120117,3370690000
3/7/2018,2726.800049,3393270000
3/8/2018,2738.969971,3212320000
3/9/2018,2786.570068,3364100000
3/12/2018,2783.02002,3185020000
3/13/2018,2765.310059,3301650000
3/14/2018,2749.47998,3391360000
3/15/2018,2747.330078,3500330000
3/16/2018,2752.01001,5372340000
3/19/2018,2712.919922,3302130000
3/20/2018,2716.939941,3261030000
3/21/2018,2711.929932,3415510000
3/22/2018,2643.689941,3739800000
3/23/2018,2588.26001,3815080000
3/26/2018,2658.550049,3511100000
3/27/2018,2612.620117,3706350000
3/28/2018,2605,3864500000
3/29/2018,2640.870117,3565990000
4/2/2018,2581.879883,3598520000
4/3/2018,2614.449951,3392810000
4/4/2018,2644.689941,3350340000
4/5/2018,2662.840088,3178970000
4/6/2018,2604.469971,3299700000
4/9/2018,2613.159912,3062960000
4/10/2018,2656.870117,3543930000
4/11/2018,2642.189941,3020760000
4/12/2018,2663.98999,3021320000
4/13/2018,2656.300049,2960910000
4/16/2018,2677.840088,3019700000
4/17/2018,2706.389893,3234360000
4/18/2018,2708.639893,3383410000
4/19/2018,2693.129883,3349370000
4/20/2018,2670.139893,3388590000
4/23/2018,2670.290039,3017480000
4/24/2018,2634.560059,3706740000
4/25/2018,2639.399902,3499440000
4/26/2018,2666.939941,3665720000
4/27/2018,2669.909912,3219030000
4/30/2018,2648.050049,3734530000
5/1/2018,2654.800049,3559850000
5/2/2018,2635.669922,4010770000
5/3/2018,2629.72998,3851470000
5/4/2018,2663.419922,3327220000
5/7/2018,2672.629883,3237960000
5/8/2018,2671.919922,3717570000
5/9/2018,2697.790039,3909500000
5/10/2018,2723.070068,3333050000
5/11/2018,2727.719971,2862700000
5/14/2018,2730.129883,2972660000
5/15/2018,2711.449951,3290680000
5/16/2018,2722.459961,3202670000
5/17/2018,2720.129883,3475400000
5/18/2018,2712.969971,3368690000
5/21/2018,2733.01001,3019890000
5/22/2018,2724.439941,3366310000
5/23/2018,2733.290039,3326290000
5/24/2018,2727.76001,3256030000
5/25/2018,2721.330078,2995260000
5/29/2018,2689.860107,3736890000
5/30/2018,2724.01001,3561050000
5/31/2018,2705.27002,4235370000
6/1/2018,2734.620117,3684130000
6/4/2018,2746.870117,3376510000
6/5/2018,2748.800049,3517790000
6/6/2018,2772.350098,3651640000
6/7/2018,2770.370117,3711330000
6/8/2018,2779.030029,3123210000
6/11/2018,2782,3232330000
6/12/2018,2786.850098,3401010000
6/13/2018,2775.629883,3779230000
6/14/2018,2782.48999,3526890000
6/15/2018,2779.659912,5428790000
6/18/2018,2773.75,3287150000
6/19/2018,2762.590088,3661470000
6/20/2018,2767.320068,3327600000
6/21/2018,2749.76001,3300060000
6/22/2018,2754.879883,5450550000
6/25/2018,2717.070068,3655080000
6/26/2018,2723.060059,3555090000
6/27/2018,2699.629883,3776090000
6/28/2018,2716.310059,3428140000
6/29/2018,2718.370117,3565620000
7/2/2018,2726.709961,3073650000
7/3/2018,2713.219971,1911470000
7/5/2018,2736.610107,2953420000
7/6/2018,2759.820068,2554780000
7/9/2018,2784.169922,3050040000
7/10/2018,2793.840088,3063850000
7/11/2018,2774.02002,2964740000
7/12/2018,2798.290039,2821690000
7/13/2018,2801.310059,2614000000
7/16/2018,2798.429932,2812230000
7/17/2018,2809.550049,3050730000
7/18/2018,2815.620117,3089780000
7/19/2018,2804.48999,3266700000
7/20/2018,2801.830078,3230210000
7/23/2018,2806.97998,2907430000
7/24/2018,2820.399902,3417530000
7/25/2018,2846.070068,3553010000
7/26/2018,2837.439941,3653330000
7/27/2018,2818.820068,3415710000
7/30/2018,2802.600098,3245770000
7/31/2018,2816.290039,3892100000
8/1/2018,2813.360107,3496990000
8/2/2018,2827.219971,3467380000
8/3/2018,2840.350098,3030390000
8/6/2018,2850.399902,2874540000
8/7/2018,2858.449951,3162770000
8/8/2018,2857.699951,2972200000
8/9/2018,2853.580078,3047050000
8/10/2018,2833.280029,3256040000
8/13/2018,2821.929932,3158450000
8/14/2018,2839.959961,2976970000
8/15/2018,2818.370117,3645070000
8/16/2018,2840.689941,3219880000
8/17/2018,2850.129883,3024100000
8/20/2018,2857.050049,2748020000
8/21/2018,2862.959961,3147140000
8/22/2018,2861.820068,2689560000
8/23/2018,2856.97998,2713910000
8/24/2018,2874.689941,2596190000
8/27/2018,2896.73999,2854080000
8/28/2018,2897.52002,2683190000
8/29/2018,2914.040039,2791860000
8/30/2018,2901.129883,2802180000
8/31/2018,2901.52002,2880260000
9/4/2018,2896.719971,3077060000
9/5/2018,2888.600098,3241250000
9/6/2018,2878.050049,3139590000
9/7/2018,2871.679932,2946270000
9/10/2018,2877.129883,2731400000
9/11/2018,2887.889893,2899660000
9/12/2018,2888.919922,3264930000
9/13/2018,2904.179932,3254930000
9/14/2018,2904.97998,3149800000
9/17/2018,2888.800049,2947760000
9/18/2018,2904.310059,3074610000
9/19/2018,2907.949951,3280020000
9/20/2018,2930.75,3337730000
9/21/2018,2929.669922,5607610000
9/24/2018,2919.370117,3372210000
9/25/2018,2915.560059,3285480000
9/26/2018,2905.969971,3388620000
9/27/2018,2914,3060850000
9/28/2018,2913.97998,3432300000
10/1/2018,2924.590088,3364190000
10/2/2018,2923.429932,3401880000
10/3/2018,2925.51001,3598710000
10/4/2018,2901.610107,3496860000
10/5/2018,2885.570068,3328980000
10/8/2018,2884.429932,3330320000
10/9/2018,2880.340088,3520500000
10/10/2018,2785.679932,4501250000
10/11/2018,2728.370117,4890630000
10/12/2018,2767.129883,3966040000
10/15/2018,2750.790039,3300140000
10/16/2018,2809.919922,3428340000
10/17/2018,2809.209961,3321710000
10/18/2018,2768.780029,3616440000
10/19/2018,2767.780029,3566490000
10/22/2018,2755.879883,3307140000
10/23/2018,2740.689941,4348580000
10/24/2018,2656.100098,4709310000
10/25/2018,2705.570068,4634770000
10/26/2018,2658.689941,4803150000
10/29/2018,2641.25,4673700000
10/30/2018,2682.629883,5106380000
10/31/2018,2711.73999,5112420000
11/1/2018,2740.370117,4708420000
11/2/2018,2723.060059,4237930000
11/5/2018,2738.310059,3623320000
11/6/2018,2755.449951,3510860000
11/7/2018,2813.889893,3914750000
11/8/2018,2806.830078,3630490000
11/9/2018,2781.01001,4019090000
11/12/2018,2726.219971,3670930000
11/13/2018,2722.179932,4091440000
11/14/2018,2701.580078,4402370000
11/15/2018,2730.199951,4179140000
11/16/2018,2736.27002,3975180000
11/19/2018,2690.72998,3772900000
11/20/2018,2641.889893,4357900000
11/21/2018,2649.929932,3233550000
11/23/2018,2632.560059,1651650000
11/26/2018,2673.449951,3443950000
11/27/2018,2682.169922,3485220000
11/28/2018,2743.790039,3951670000
