Date,NASDAQ Adj Close,NASDAQ Volume
4/29/2013,3307.02002,1594110000
4/30/2013,3328.790039,1984270000
5/1/2013,3299.129883,1884600000
5/2/2013,3340.620117,1757480000
5/3/2013,3378.629883,1745570000
5/6/2013,3392.969971,1500410000
5/7/2013,3396.629883,1709800000
5/8/2013,3413.27002,1756400000
5/9/2013,3409.169922,1826220000
5/10/2013,3436.580078,1689730000
5/13/2013,3438.790039,1615510000
5/14/2013,3462.610107,1820520000
5/15/2013,3471.620117,1843910000
5/16/2013,3465.23999,1945760000
5/17/2013,3498.969971,1828610000
5/20/2013,3496.429932,1745260000
5/21/2013,3502.120117,1776780000
5/22/2013,3463.300049,2179330000
5/23/2013,3459.419922,1820670000
5/24/2013,3459.139893,1449210000
5/28/2013,3488.889893,1748070000
5/29/2013,3467.52002,1794650000
5/30/2013,3491.300049,1737320000
5/31/2013,3455.909912,1968270000
6/3/2013,3465.370117,2054100000
6/4/2013,3445.26001,1871640000
6/5/2013,3401.47998,1813890000
6/6/2013,3424.050049,1802700000
6/7/2013,3469.219971,1646810000
6/10/2013,3473.77002,1556520000
6/11/2013,3436.949951,1560370000
6/12/2013,3400.429932,1630200000
6/13/2013,3445.360107,1584740000
6/14/2013,3423.560059,1458030000
6/17/2013,3452.129883,1581830000
6/18/2013,3482.179932,1675090000
6/19/2013,3443.199951,1649200000
6/20/2013,3364.639893,2041500000
6/21/2013,3357.25,2921900000
6/24/2013,3320.76001,2030960000
6/25/2013,3347.889893,1657280000
6/26/2013,3376.219971,1671280000
6/27/2013,3401.860107,1689800000
6/28/2013,3403.25,3630410000
7/1/2013,3434.48999,1586750000
7/2/2013,3433.399902,1685190000
7/3/2013,3443.669922,935980000
7/5/2013,3479.379883,1254400000
7/8/2013,3484.830078,1521720000
7/9/2013,3504.26001,1633520000
7/10/2013,3520.76001,1567340000
7/11/2013,3578.300049,1744210000
7/12/2013,3600.080078,1615820000
7/15/2013,3607.48999,1449130000
7/16/2013,3598.5,1590540000
7/17/2013,3610,1564340000
7/18/2013,3611.280029,1719390000
7/19/2013,3587.610107,1785460000
7/22/2013,3600.389893,1507010000
7/23/2013,3579.27002,1620350000
7/24/2013,3579.600098,1856660000
7/25/2013,3605.189941,2203970000
7/26/2013,3613.159912,1796060000
7/29/2013,3599.139893,1545720000
7/30/2013,3616.469971,1763580000
7/31/2013,3626.370117,1942380000
8/1/2013,3675.73999,1863290000
8/2/2013,3689.590088,1683270000
8/5/2013,3692.949951,1471860000
8/6/2013,3665.77002,1444200000
8/7/2013,3654.01001,1659780000
8/8/2013,3669.120117,1702950000
8/9/2013,3660.110107,1546570000
8/12/2013,3669.949951,1422420000
8/13/2013,3684.439941,1644730000
8/14/2013,3669.27002,1589370000
8/15/2013,3606.120117,1742510000
8/16/2013,3602.780029,1520430000
8/19/2013,3589.090088,1381050000
8/20/2013,3613.590088,1308280000
8/21/2013,3599.790039,1438510000
8/22/2013,3638.709961,927400000
8/23/2013,3657.790039,1499890000
8/26/2013,3657.570068,1404230000
8/27/2013,3578.52002,1640040000
8/28/2013,3593.350098,1370650000
8/29/2013,3620.300049,1344900000
8/30/2013,3589.870117,1328320000
9/3/2013,3612.610107,1628810000
9/4/2013,3649.040039,1855980000
9/5/2013,3658.780029,1550180000
9/6/2013,3660.01001,1647310000
9/9/2013,3706.179932,1664290000
9/10/2013,3729.02002,1842570000
9/11/2013,3725.01001,1722380000
9/12/2013,3715.969971,1653860000
9/13/2013,3722.179932,1460190000
9/16/2013,3717.850098,1542500000
9/17/2013,3745.699951,1338800000
9/18/2013,3783.639893,1828820000
9/19/2013,3789.379883,1775980000
9/20/2013,3774.72998,2711270000
9/23/2013,3765.290039,1728620000
9/24/2013,3768.25,1810950000
9/25/2013,3761.100098,1821790000
9/26/2013,3787.429932,1817960000
9/27/2013,3781.590088,1699720000
9/30/2013,3771.47998,1895760000
10/1/2013,3817.97998,1843320000
10/2/2013,3815.02002,1792980000
10/3/2013,3774.340088,1884340000
10/4/2013,3807.75,1549600000
10/7/2013,3770.379883,1475990000
10/8/2013,3694.830078,2087580000
10/9/2013,3677.780029,2242700000
10/10/2013,3760.75,1902410000
10/11/2013,3791.870117,1750350000
10/14/2013,3815.280029,1455160000
10/15/2013,3794.01001,1745560000
10/16/2013,3839.429932,1744000000
10/17/2013,3863.149902,1975140000
10/18/2013,3914.280029,1943090000
10/21/2013,3920.050049,1674470000
10/22/2013,3929.570068,1890500000
10/23/2013,3907.070068,1915030000
10/24/2013,3928.959961,2054350000
10/25/2013,3943.360107,2225780000
10/28/2013,3940.129883,1904810000
10/29/2013,3952.340088,1897380000
10/30/2013,3930.620117,1923000000
10/31/2013,3919.709961,2139650000
11/1/2013,3922.040039,1949460000
11/4/2013,3936.590088,1817880000
11/5/2013,3939.860107,1934630000
11/6/2013,3931.949951,2020160000
11/7/2013,3857.330078,2303320000
11/8/2013,3919.22998,1981740000
11/11/2013,3919.790039,1595340000
11/12/2013,3919.919922,1776860000
11/13/2013,3965.580078,1827220000
11/14/2013,3972.73999,1965350000
11/15/2013,3985.969971,1899150000
11/18/2013,3949.070068,1829870000
11/19/2013,3931.550049,1747840000
11/20/2013,3921.27002,1721160000
11/21/2013,3969.159912,1684250000
11/22/2013,3991.649902,1730280000
11/25/2013,3994.570068,1795760000
11/26/2013,4017.75,1907680000
11/27/2013,4044.75,1477020000
11/29/2013,4059.889893,853500000
12/2/2013,4045.26001,1680380000
12/3/2013,4037.199951,1875010000
12/4/2013,4038,1886970000
12/5/2013,4033.169922,1880950000
12/6/2013,4062.52002,1727130000
12/9/2013,4068.75,1717120000
12/10/2013,4060.48999,1864860000
12/11/2013,4003.810059,1923520000
12/12/2013,3998.399902,1893270000
12/13/2013,4000.97998,1615340000
12/16/2013,4029.52002,1943830000
12/17/2013,4023.679932,1861130000
12/18/2013,4070.060059,2178330000
12/19/2013,4058.139893,1813050000
12/20/2013,4104.740234,3510420000
12/23/2013,4148.899902,1779400000
12/24/2013,4155.419922,802270000
12/26/2013,4167.180176,1180670000
12/27/2013,4156.589844,1255020000
12/30/2013,4154.200195,1349470000
12/31/2013,4176.589844,1401140000
1/2/2014,4143.069824,1738820000
1/3/2014,4131.910156,1667480000
1/6/2014,4113.680176,2292840000
1/7/2014,4153.180176,2278220000
1/8/2014,4165.609863,2345220000
1/9/2014,4156.189941,2214770000
1/10/2014,4174.669922,2143070000
1/13/2014,4113.299805,2322240000
1/14/2014,4183.02002,2034180000
1/15/2014,4214.879883,2101870000
1/16/2014,4218.689941,2005850000
1/17/2014,4197.580078,2150370000
1/21/2014,4225.759766,2034030000
1/22/2014,4243,2026910000
1/23/2014,4218.879883,2191980000
1/24/2014,4128.169922,2489470000
1/27/2014,4083.610107,2398280000
1/28/2014,4097.959961,2091180000
1/29/2014,4051.429932,2231850000
1/30/2014,4123.129883,2168410000
1/31/2014,4103.879883,2300570000
2/3/2014,3996.959961,2617030000
2/4/2014,4031.52002,2173360000
2/5/2014,4011.550049,2168360000
2/6/2014,4057.120117,1942700000
2/7/2014,4125.859863,2055850000
2/10/2014,4148.169922,1811970000
2/11/2014,4191.049805,1993950000
2/12/2014,4201.290039,2035890000
2/13/2014,4240.669922,2249990000
2/14/2014,4244.02002,1881510000
2/18/2014,4272.779785,1886210000
2/19/2014,4237.950195,1956720000
2/20/2014,4267.549805,1992780000
2/21/2014,4263.410156,2138250000
2/24/2014,4292.970215,2161300000
2/25/2014,4287.589844,2137150000
2/26/2014,4292.060059,2108270000
2/27/2014,4318.930176,2049160000
2/28/2014,4308.120117,2617730000
3/3/2014,4277.299805,2077500000
3/4/2014,4351.970215,2477850000
3/5/2014,4357.970215,2215980000
3/6/2014,4352.129883,2136260000
3/7/2014,4336.220215,2175560000
3/10/2014,4334.450195,2111610000
3/11/2014,4307.189941,2477780000
3/12/2014,4323.330078,2131880000
3/13/2014,4260.419922,2383600000
3/14/2014,4245.399902,2196890000
3/17/2014,4279.950195,1810410000
3/18/2014,4333.310059,1962890000
3/19/2014,4307.600098,1992750000
3/20/2014,4319.290039,1847270000
3/21/2014,4276.790039,3245740000
3/24/2014,4226.390137,2434650000
3/25/2014,4234.27002,2270760000
3/26/2014,4173.580078,2455460000
3/27/2014,4151.22998,2270650000
3/28/2014,4155.759766,2029840000
3/31/2014,4198.990234,2090850000
4/1/2014,4268.040039,2153130000
4/2/2014,4276.459961,2187100000
4/3/2014,4237.740234,2067370000
4/4/2014,4127.72998,2621270000
4/7/2014,4079.75,2554680000
4/8/2014,4112.990234,2198900000
4/9/2014,4183.899902,1957560000
4/10/2014,4054.110107,2421210000
4/11/2014,3999.72998,2264480000
4/14/2014,4022.689941,1890480000
4/15/2014,4034.159912,2413110000
4/16/2014,4086.22998,1863110000
4/17/2014,4095.52002,1954720000
4/21/2014,4121.549805,1544440000
4/22/2014,4161.459961,1875930000
4/23/2014,4126.970215,1794760000
4/24/2014,4148.339844,2130870000
4/25/2014,4075.560059,2087140000
4/28/2014,4074.399902,2348320000
4/29/2014,4103.540039,1911240000
4/30/2014,4114.560059,2151400000
5/1/2014,4127.450195,2077040000
5/2/2014,4123.899902,1844790000
5/5/2014,4138.060059,1561170000
5/6/2014,4080.76001,1850610000
5/7/2014,4067.669922,2486030000
5/8/2014,4051.5,2411940000
5/9/2014,4071.870117,1976160000
5/12/2014,4143.859863,1880020000
5/13/2014,4130.169922,1923480000
5/14/2014,4100.629883,1764430000
5/15/2014,4069.290039,2083030000
5/16/2014,4090.590088,1741070000
5/19/2014,4125.810059,1601400000
5/20/2014,4096.890137,1797910000
5/21/2014,4131.540039,1703500000
5/22/2014,4154.339844,1835810000
5/23/2014,4185.810059,1536610000
5/27/2014,4237.069824,1812330000
5/28/2014,4225.080078,1785140000
5/29/2014,4247.950195,1714000000
5/30/2014,4242.620117,1903660000
6/2/2014,4237.200195,1631310000
6/3/2014,4234.080078,1718640000
6/4/2014,4251.640137,1610090000
6/5/2014,4296.22998,1926750000
6/6/2014,4321.399902,1616650000
6/9/2014,4336.240234,1783060000
6/10/2014,4338,1787120000
6/11/2014,4331.930176,1778460000
6/12/2014,4297.629883,1908190000
6/13/2014,4310.649902,1754560000
6/16/2014,4321.100098,1675120000
6/17/2014,4337.22998,1814360000
6/18/2014,4362.839844,1860660000
6/19/2014,4359.330078,1845460000
6/20/2014,4368.040039,2721380000
6/23/2014,4368.680176,1712930000
6/24/2014,4350.350098,2014700000
6/25/2014,4379.759766,1722820000
6/26/2014,4379.049805,1554070000
6/27/2014,4397.930176,3964930000
6/30/2014,4408.180176,1848110000
7/1/2014,4458.649902,1942550000
7/2/2014,4457.72998,1599480000
7/3/2014,4485.930176,1001730000
7/7/2014,4451.529785,1691390000
7/8/2014,4391.459961,2221820000
7/9/2014,4419.029785,1736960000
7/10/2014,4396.200195,1682920000
7/11/2014,4415.490234,1511250000
7/14/2014,4440.419922,1579660000
7/15/2014,4416.390137,1772030000
7/16/2014,4425.970215,2059340000
7/17/2014,4363.450195,2055240000
7/18/2014,4432.149902,1823580000
7/21/2014,4424.700195,1557820000
7/22/2014,4456.02002,1724440000
7/23/2014,4473.700195,1909810000
7/24/2014,4472.109863,1935090000
7/25/2014,4449.560059,1711430000
7/28/2014,4444.910156,1783250000
7/29/2014,4442.700195,2090810000
7/30/2014,4462.899902,1872430000
7/31/2014,4369.77002,2273380000
8/1/2014,4352.640137,2050340000
8/4/2014,4383.890137,1677400000
8/5/2014,4352.839844,1916180000
8/6/2014,4355.049805,1819310000
8/7/2014,4334.970215,1866330000
8/8/2014,4370.899902,1759060000
8/11/2014,4401.330078,1537880000
8/12/2014,4389.25,1560220000
8/13/2014,4434.129883,1611690000
8/14/2014,4453,1549820000
8/15/2014,4464.930176,1799460000
8/18/2014,4508.310059,1571100000
8/19/2014,4527.509766,1556560000
8/20/2014,4526.47998,1502290000
8/21/2014,4532.100098,1421730000
8/22/2014,4538.549805,1311810000
8/25/2014,4557.350098,1384620000
8/26/2014,4570.640137,1469620000
8/27/2014,4569.620117,1389470000
8/28/2014,4557.700195,1309580000
8/29/2014,4580.27002,1352830000
9/2/2014,4598.189941,1859080000
9/3/2014,4572.560059,1897450000
9/4/2014,4562.290039,1728700000
9/5/2014,4582.899902,1641830000
9/8/2014,4592.290039,1670210000
9/9/2014,4552.290039,1956550000
9/10/2014,4586.52002,1808650000
9/11/2014,4591.810059,1704850000
9/12/2014,4567.600098,1784170000
9/15/2014,4518.899902,1940520000
9/16/2014,4552.759766,1879350000
9/17/2014,4562.189941,1796710000
9/18/2014,4593.430176,1774840000
9/19/2014,4579.790039,3178490000
9/22/2014,4527.689941,1881520000
9/23/2014,4508.689941,1847730000
9/24/2014,4555.220215,1765260000
9/25/2014,4466.75,1939610000
9/26/2014,4512.189941,1637480000
9/29/2014,4505.850098,1737750000
9/30/2014,4493.390137,2200380000
10/1/2014,4422.089844,2312630000
10/2/2014,4430.200195,2165500000
10/3/2014,4475.620117,1777640000
10/6/2014,4454.799805,1828240000
10/7/2014,4385.200195,2111360000
10/8/2014,4468.589844,2451630000
10/9/2014,4378.339844,2264220000
10/10/2014,4276.240234,2765750000
10/13/2014,4213.660156,2467830000
10/14/2014,4227.169922,2496120000
10/15/2014,4215.319824,3058740000
10/16/2014,4217.390137,2591940000
10/17/2014,4258.439941,2260070000
10/20/2014,4316.069824,1717370000
10/21/2014,4419.47998,1997580000
10/22/2014,4382.850098,1967020000
10/23/2014,4452.790039,1952380000
10/24/2014,4483.720215,1754300000
10/27/2014,4485.930176,1585580000
10/28/2014,4564.290039,1966920000
10/29/2014,4549.22998,2184050000
10/30/2014,4566.140137,2034960000
10/31/2014,4630.740234,2424360000
11/3/2014,4638.910156,2033000000
11/4/2014,4623.640137,1939320000
11/5/2014,4620.720215,2001870000
11/6/2014,4638.470215,1986820000
11/7/2014,4632.529785,1978830000
11/10/2014,4651.620117,1830010000
11/11/2014,4660.560059,1663690000
11/12/2014,4675.140137,1773060000
11/13/2014,4680.140137,1857580000
11/14/2014,4688.540039,1739950000
11/17/2014,4671,1695070000
11/18/2014,4702.439941,1655760000
11/19/2014,4675.709961,1641560000
11/20/2014,4701.870117,1667330000
11/21/2014,4712.970215,1854340000
11/24/2014,4754.890137,1568130000
11/25/2014,4758.25,1720140000
11/26/2014,4787.319824,1362930000
11/28/2014,4791.629883,998600000
12/1/2014,4727.350098,1893600000
12/2/2014,4755.810059,1839170000
12/3/2014,4774.470215,1734510000
12/4/2014,4769.439941,1724090000
12/5/2014,4780.759766,1767100000
12/8/2014,4740.689941,1966770000
12/9/2014,4766.470215,1950330000
12/10/2014,4684.02002,1850810000
12/11/2014,4708.160156,1873050000
12/12/2014,4653.600098,1888870000
12/15/2014,4605.160156,2143610000
12/16/2014,4547.830078,2231670000
12/17/2014,4644.310059,2279930000
12/18/2014,4748.399902,2172260000
12/19/2014,4765.379883,3287920000
12/22/2014,4781.419922,1720070000
12/23/2014,4765.419922,1590820000
12/24/2014,4773.470215,729750000
12/26/2014,4806.859863,930220000
12/29/2014,4806.910156,1227740000
12/30/2014,4777.439941,1269200000
12/31/2014,4736.049805,1515600000
1/2/2015,4726.810059,1435150000
1/5/2015,4652.569824,1794470000
1/6/2015,4592.740234,2167320000
1/7/2015,4650.470215,1957950000
1/8/2015,4736.189941,2105450000
1/9/2015,4704.069824,1715830000
1/12/2015,4664.709961,1861960000
1/13/2015,4661.5,2162180000
1/14/2015,4639.319824,2073810000
1/15/2015,4570.819824,1976260000
1/16/2015,4634.379883,1970520000
1/20/2015,4654.850098,1835040000
1/21/2015,4667.419922,1847420000
1/22/2015,4750.399902,1996550000
1/23/2015,4757.879883,1653830000
1/26/2015,4771.759766,1717510000
1/27/2015,4681.5,1954160000
1/28/2015,4637.990234,2118680000
1/29/2015,4683.410156,2110710000
1/30/2015,4635.240234,2264230000
2/2/2015,4676.689941,2006450000
2/3/2015,4727.740234,2153520000
2/4/2015,4716.700195,2212960000
2/5/2015,4765.100098,2036590000
2/6/2015,4744.399902,2034060000
2/9/2015,4726.009766,1654680000
2/10/2015,4787.640137,1773730000
2/11/2015,4801.180176,1793630000
2/12/2015,4857.609863,2075470000
2/13/2015,4893.839844,1942240000
2/17/2015,4899.27002,1751490000
2/18/2015,4906.359863,1684800000
2/19/2015,4924.700195,1592890000
2/20/2015,4955.970215,1761140000
2/23/2015,4960.970215,1754850000
2/24/2015,4968.120117,1834890000
2/25/2015,4967.140137,1848560000
2/26/2015,4987.890137,1905550000
2/27/2015,4963.529785,1955590000
3/2/2015,5008.100098,1931110000
3/3/2015,4979.899902,2018900000
3/4/2015,4967.140137,1824830000
3/5/2015,4982.810059,1724200000
3/6/2015,4927.370117,1918220000
3/9/2015,4942.439941,1696510000
3/10/2015,4859.790039,1876010000
3/11/2015,4849.939941,1846020000
3/12/2015,4893.290039,1855110000
3/13/2015,4871.759766,1851410000
3/16/2015,4929.509766,1713480000
3/17/2015,4937.430176,1724370000
3/18/2015,4982.830078,1983570000
3/19/2015,4992.379883,1674970000
3/20/2015,5026.419922,2825670000
3/23/2015,5010.970215,1608880000
3/24/2015,4994.72998,1611670000
3/25/2015,4876.52002,2219520000
3/26/2015,4863.359863,2004960000
3/27/2015,4891.220215,1678650000
3/30/2015,4947.439941,1778520000
3/31/2015,4900.879883,1837660000
4/1/2015,4880.22998,1874960000
4/2/2015,4886.939941,1563670000
4/6/2015,4917.319824,1737560000
4/7/2015,4910.22998,1572940000
4/8/2015,4950.819824,1714210000
4/9/2015,4974.560059,1729750000
4/10/2015,4995.97998,1494240000
4/13/2015,4988.25,1544190000
4/14/2015,4977.290039,1571360000
4/15/2015,5011.02002,1795530000
4/16/2015,5007.790039,1662850000
4/17/2015,4931.810059,1985190000
4/20/2015,4994.600098,1646340000
4/21/2015,5014.100098,1721260000
4/22/2015,5035.169922,1696380000
4/23/2015,5056.060059,1858620000
4/24/2015,5092.080078,1895150000
4/27/2015,5060.25,2172470000
4/28/2015,5055.419922,2032500000
4/29/2015,5023.640137,1871300000
4/30/2015,4941.419922,2269290000
5/1/2015,5005.390137,1854400000
5/4/2015,5016.930176,1668200000
5/5/2015,4939.330078,2069490000
5/6/2015,4919.640137,2144620000
5/7/2015,4945.540039,2042960000
5/8/2015,5003.549805,1978760000
5/11/2015,4993.569824,1731390000
5/12/2015,4976.189941,0
5/13/2015,4981.689941,1672260000
5/14/2015,5050.799805,1741970000
5/15/2015,5048.290039,1667260000
5/18/2015,5078.439941,1643870000
5/19/2015,5070.029785,1750980000
5/20/2015,5071.740234,1786830000
5/21/2015,5090.790039,1683670000
5/22/2015,5089.359863,1544920000
5/26/2015,5032.75,1731950000
5/27/2015,5106.589844,1809550000
5/28/2015,5097.97998,1741420000
5/29/2015,5070.029785,2024170000
6/1/2015,5082.930176,1902120000
6/2/2015,5076.52002,1729750000
6/3/2015,5099.22998,1852680000
6/4/2015,5059.120117,1813960000
6/5/2015,5068.459961,1842890000
6/8/2015,5021.629883,1712210000
6/9/2015,5013.870117,1754340000
6/10/2015,5076.689941,1792980000
6/11/2015,5082.509766,1623950000
6/12/2015,5051.100098,1428900000
6/15/2015,5029.970215,1790280000
6/16/2015,5055.549805,1654820000
6/17/2015,5064.879883,1712820000
6/18/2015,5132.950195,1877920000
6/19/2015,5117,2468310000
6/22/2015,5153.970215,1619970000
6/23/2015,5160.089844,1613540000
6/24/2015,5122.410156,1628800000
6/25/2015,5112.189941,1614760000
6/26/2015,5080.509766,3843810000
6/29/2015,4958.470215,2025580000
6/30/2015,4986.870117,2034430000
7/1/2015,5013.120117,1814560000
7/2/2015,5009.209961,1490810000
7/6/2015,4991.939941,1741500000
7/7/2015,4997.459961,2132080000
7/8/2015,4909.759766,1931520000
7/9/2015,4922.399902,1861600000
7/10/2015,4997.700195,1590230000
7/13/2015,5071.509766,1694140000
7/14/2015,5104.890137,1682660000
7/15/2015,5098.939941,1691350000
7/16/2015,5163.180176,1823530000
7/17/2015,5210.140137,1854450000
7/20/2015,5218.859863,1814180000
7/21/2015,5208.120117,1774570000
7/22/2015,5171.77002,2035730000
7/23/2015,5146.410156,2003310000
7/24/2015,5088.629883,2004380000
7/27/2015,5039.779785,1942520000
7/28/2015,5089.209961,2025110000
7/29/2015,5111.72998,1890350000
7/30/2015,5128.779785,1908480000
7/31/2015,5128.279785,1926360000
8/3/2015,5115.379883,1790080000
8/4/2015,5105.549805,1819700000
8/5/2015,5139.939941,2041490000
8/6/2015,5056.439941,2290950000
8/7/2015,5043.540039,2008360000
8/10/2015,5101.799805,1784930000
8/11/2015,5036.790039,1912340000
8/12/2015,5044.390137,2089460000
8/13/2015,5033.560059,1632340000
8/14/2015,5048.240234,1487630000
8/17/2015,5091.700195,1510790000
8/18/2015,5059.350098,1501540000
8/19/2015,5019.049805,1785420000
8/20/2015,4877.490234,2087000000
8/21/2015,4706.040039,2768540000
8/24/2015,4526.25,3508840000
8/25/2015,4506.490234,2612800000
8/26/2015,4697.540039,2631660000
8/27/2015,4812.709961,2368880000
8/28/2015,4828.319824,1936540000
8/31/2015,4776.509766,1839010000
9/1/2015,4636.100098,2253750000
9/2/2015,4749.97998,1929080000
9/3/2015,4733.5,1803320000
9/4/2015,4683.919922,1574720000
9/8/2015,4811.930176,1765600000
9/9/2015,4756.529785,1963750000
9/10/2015,4796.25,1845770000
9/11/2015,4822.339844,1686190000
9/14/2015,4805.759766,1467740000
9/15/2015,4860.52002,1587460000
9/16/2015,4889.240234,1666380000
9/17/2015,4893.950195,1891510000
9/18/2015,4827.22998,3272150000
9/21/2015,4828.950195,2021530000
9/22/2015,4756.720215,2042880000
9/23/2015,4752.740234,1606330000
9/24/2015,4734.47998,1995820000
9/25/2015,4686.5,2050530000
9/28/2015,4543.970215,2387610000
9/29/2015,4517.319824,2293450000
9/30/2015,4620.160156,2398350000
10/1/2015,4627.080078,2133990000
10/2/2015,4707.779785,2183320000
10/5/2015,4781.259766,2005320000
10/6/2015,4748.359863,2085020000
10/7/2015,4791.149902,2149890000
10/8/2015,4810.790039,1984230000
10/9/2015,4830.470215,1804260000
10/12/2015,4838.640137,1343820000
10/13/2015,4796.609863,1565060000
10/14/2015,4782.850098,1902460000
10/15/2015,4870.100098,1942900000
10/16/2015,4886.689941,1855290000
10/19/2015,4905.470215,1619920000
10/20/2015,4880.970215,1711700000
10/21/2015,4840.120117,1895390000
10/22/2015,4920.049805,2156040000
10/23/2015,5031.859863,2178270000
10/26/2015,5034.700195,1758690000
10/27/2015,5030.149902,1986840000
10/28/2015,5095.689941,2141130000
10/29/2015,5074.27002,1928310000
10/30/2015,5053.75,2016390000
11/2/2015,5127.149902,1888180000
11/3/2015,5145.129883,2028630000
11/4/2015,5142.47998,2096110000
11/5/2015,5127.740234,2054490000
11/6/2015,5147.120117,2066430000
11/9/2015,5095.299805,1850770000
11/10/2015,5083.240234,1906120000
11/11/2015,5067.02002,1672340000
11/12/2015,5005.080078,1820930000
11/13/2015,4927.879883,2001050000
11/16/2015,4984.620117,1819190000
11/17/2015,4986.02002,1861710000
11/18/2015,5075.200195,2017390000
11/19/2015,5073.640137,1794110000
11/20/2015,5104.919922,1766630000
11/23/2015,5102.47998,1668280000
11/24/2015,5102.810059,1956920000
11/25/2015,5116.140137,1539300000
11/27/2015,5127.52002,781730000
11/30/2015,5108.669922,2244550000
12/1/2015,5156.310059,2035570000
12/2/2015,5123.220215,2060340000
12/3/2015,5037.529785,2088100000
12/4/2015,5142.27002,1897490000
12/7/2015,5101.810059,1952690000
12/8/2015,5098.240234,1871450000
12/9/2015,5022.870117,2003450000
12/10/2015,5045.169922,1746520000
12/11/2015,4933.470215,2084950000
12/14/2015,4952.22998,2216060000
12/15/2015,4995.359863,2054710000
12/16/2015,5071.129883,2036610000
12/17/2015,5002.549805,1897220000
12/18/2015,4923.080078,3765210000
12/21/2015,4968.919922,1673400000
12/22/2015,5001.109863,1556670000
12/23/2015,5045.930176,1591490000
12/24/2015,5048.490234,706880000
12/28/2015,5040.990234,1310650000
12/29/2015,5107.939941,1383470000
12/30/2015,5065.850098,1247530000
12/31/2015,5007.410156,1437480000
1/4/2016,4903.089844,2218420000
1/5/2016,4891.430176,1927380000
1/6/2016,4835.759766,2168620000
1/7/2016,4689.430176,2552590000
1/8/2016,4643.629883,2288750000
1/11/2016,4637.990234,2391110000
1/12/2016,4685.919922,2147470000
1/13/2016,4526.060059,2533200000
1/14/2016,4615,2565560000
1/15/2016,4488.419922,2818630000
1/19/2016,4476.950195,2394550000
1/20/2016,4471.689941,3204130000
1/21/2016,4472.060059,2447750000
1/22/2016,4591.180176,2153340000
1/25/2016,4518.490234,2028880000
1/26/2016,4567.669922,1981180000
1/27/2016,4468.169922,2115710000
1/28/2016,4506.680176,2322310000
1/29/2016,4613.950195,2617550000
2/1/2016,4620.370117,1983340000
2/2/2016,4516.950195,2185180000
2/3/2016,4504.240234,2466190000
2/4/2016,4509.560059,2200930000
2/5/2016,4363.140137,2489280000
2/8/2016,4283.75,2702070000
2/9/2016,4268.759766,2465790000
2/10/2016,4283.589844,2448380000
2/11/2016,4266.839844,2812330000
2/12/2016,4337.509766,1983190000
2/16/2016,4435.959961,2117920000
2/17/2016,4534.060059,2296440000
2/18/2016,4487.540039,1955870000
2/19/2016,4504.430176,1903770000
2/22/2016,4570.609863,1794020000
2/23/2016,4503.580078,1777750000
2/24/2016,4542.609863,1978180000
2/25/2016,4582.200195,1667840000
2/26/2016,4590.470215,1814920000
2/29/2016,4557.950195,2065260000
3/1/2016,4689.600098,2080150000
3/2/2016,4703.419922,1912510000
3/3/2016,4707.419922,1936290000
3/4/2016,4717.02002,2171230000
3/7/2016,4708.25,2084390000
3/8/2016,4648.819824,1993060000
3/9/2016,4674.379883,1789550000
3/10/2016,4662.160156,1936470000
3/11/2016,4748.470215,1801790000
3/14/2016,4750.279785,1615100000
3/15/2016,4728.669922,1692420000
3/16/2016,4763.970215,1781060000
3/17/2016,4774.990234,1907190000
3/18/2016,4795.649902,2829040000
3/21/2016,4808.870117,1609230000
3/22/2016,4821.660156,1596200000
3/23/2016,4768.859863,1732630000
3/24/2016,4773.5,1590990000
3/28/2016,4766.790039,1381000000
3/29/2016,4846.620117,1806490000
3/30/2016,4869.290039,1717820000
3/31/2016,4869.850098,1774270000
4/1/2016,4914.540039,1812250000
4/4/2016,4891.799805,1705730000
4/5/2016,4843.930176,1726010000
4/6/2016,4920.720215,1761770000
4/7/2016,4848.370117,1908940000
4/8/2016,4850.689941,1588830000
4/11/2016,4833.399902,1545540000
4/12/2016,4872.089844,1759280000
4/13/2016,4947.419922,1936450000
4/14/2016,4945.890137,1645810000
4/15/2016,4938.220215,1684790000
4/18/2016,4960.02002,1672260000
4/19/2016,4940.330078,1824250000
4/20/2016,4948.129883,1781340000
4/21/2016,4945.890137,1758190000
4/22/2016,4906.22998,2018930000
4/25/2016,4895.790039,1582270000
4/26/2016,4888.279785,1825020000
4/27/2016,4863.140137,1938780000
4/28/2016,4805.290039,2161400000
4/29/2016,4775.359863,2376460000
5/2/2016,4817.589844,1880460000
5/3/2016,4763.220215,1984340000
5/4/2016,4725.640137,1950800000
5/5/2016,4717.089844,1888350000
5/6/2016,4736.160156,1860800000
5/9/2016,4750.209961,1625100000
5/10/2016,4809.879883,1760120000
5/11/2016,4760.689941,1859110000
5/12/2016,4737.330078,1930450000
5/13/2016,4717.680176,1698030000
5/16/2016,4775.459961,1741510000
5/17/2016,4715.72998,1925230000
5/18/2016,4739.120117,1934100000
5/19/2016,4712.529785,1805890000
5/20/2016,4769.560059,1970520000
5/23/2016,4765.779785,1865110000
5/24/2016,4861.060059,1942280000
5/25/2016,4894.890137,1784420000
5/26/2016,4901.77002,1606250000
5/27/2016,4933.5,1505020000
5/31/2016,4948.049805,2285350000
6/1/2016,4952.25,1797090000
6/2/2016,4971.359863,1729050000
6/3/2016,4942.52002,1697840000
6/6/2016,4968.709961,1663840000
6/7/2016,4961.75,1747760000
6/8/2016,4974.640137,1692640000
6/9/2016,4958.620117,1632340000
6/10/2016,4894.549805,1822200000
6/13/2016,4848.439941,1888300000
6/14/2016,4843.549805,1919710000
6/15/2016,4834.930176,1802200000
6/16/2016,4844.919922,1851770000
6/17/2016,4800.339844,2638220000
6/20/2016,4837.209961,1779560000
6/21/2016,4843.759766,1698080000
6/22/2016,4833.319824,1682220000
6/23/2016,4910.040039,1738570000
6/24/2016,4707.97998,4411040000
6/27/2016,4594.439941,2659650000
6/28/2016,4691.870117,2074090000
6/29/2016,4779.25,2116550000
6/30/2016,4842.669922,2171180000
7/1/2016,4862.569824,1745130000
7/5/2016,4822.899902,1690340000
7/6/2016,4859.160156,1876090000
7/7/2016,4876.810059,1672770000
7/8/2016,4956.759766,1947260000
7/11/2016,4988.640137,1718450000
7/12/2016,5022.819824,1866280000
7/13/2016,5005.72998,1650820000
7/14/2016,5034.060059,1641170000
7/15/2016,5029.589844,1610300000
7/18/2016,5055.779785,1585570000
7/19/2016,5036.370117,1694740000
7/20/2016,5089.930176,1877330000
7/21/2016,5073.899902,1880310000
7/22/2016,5100.160156,1639000000
7/25/2016,5097.629883,1770620000
7/26/2016,5110.049805,2038060000
7/27/2016,5139.810059,2122250000
7/28/2016,5154.97998,1950910000
7/29/2016,5162.129883,2072640000
8/1/2016,5184.200195,1866590000
8/2/2016,5137.72998,2142010000
8/3/2016,5159.740234,1909470000
8/4/2016,5166.25,1930000000
8/5/2016,5221.120117,2017720000
8/8/2016,5213.140137,1624450000
8/9/2016,5225.47998,1664320000
8/10/2016,5204.580078,1651240000
8/11/2016,5228.399902,1511670000
8/12/2016,5232.890137,1501620000
8/15/2016,5262.02002,1533170000
8/16/2016,5227.109863,1698390000
8/17/2016,5228.660156,1747890000
8/18/2016,5240.149902,1659080000
8/19/2016,5238.379883,1632740000
8/22/2016,5244.600098,1560210000
8/23/2016,5260.080078,1547050000
8/24/2016,5217.689941,1714780000
8/25/2016,5212.200195,1511890000
8/26/2016,5218.919922,1591060000
8/29/2016,5232.330078,1416640000
8/30/2016,5222.990234,1561020000
8/31/2016,5213.220215,1761770000
9/1/2016,5227.209961,1592520000
9/2/2016,5249.899902,1474200000
9/6/2016,5275.910156,1777940000
9/7/2016,5283.930176,1878460000
9/8/2016,5259.47998,1839790000
9/9/2016,5125.910156,2208690000
9/12/2016,5211.890137,2007610000
9/13/2016,5155.25,2071460000
9/14/2016,5173.77002,1902680000
9/15/2016,5249.689941,1950940000
9/16/2016,5244.569824,3013860000
9/19/2016,5235.029785,1791120000
9/20/2016,5241.350098,1695190000
9/21/2016,5295.180176,1999690000
9/22/2016,5339.52002,1882100000
9/23/2016,5305.75,1761330000
9/26/2016,5257.490234,1669520000
9/27/2016,5305.709961,1751060000
9/28/2016,5318.549805,1785470000
9/29/2016,5269.149902,1941170000
9/30/2016,5312,2059800000
10/3/2016,5300.870117,1604060000
10/4/2016,5289.660156,1708990000
10/5/2016,5316.02002,1753340000
10/6/2016,5306.850098,1654020000
10/7/2016,5292.399902,1646650000
10/10/2016,5328.669922,1364150000
10/11/2016,5246.790039,1821680000
10/12/2016,5239.02002,1565940000
10/13/2016,5213.330078,1735310000
10/14/2016,5214.160156,1594480000
10/17/2016,5199.819824,1424270000
10/18/2016,5243.839844,1474430000
10/19/2016,5246.410156,1546960000
10/20/2016,5241.830078,1741820000
10/21/2016,5257.399902,1649470000
10/24/2016,5309.830078,1531970000
10/25/2016,5283.399902,1579490000
10/26/2016,5250.27002,1725900000
10/27/2016,5215.970215,1918690000
10/28/2016,5190.100098,1895970000
10/31/2016,5189.140137,1707260000
11/1/2016,5153.580078,1878650000
11/2/2016,5105.569824,2105870000
11/3/2016,5058.410156,2107720000
11/4/2016,5046.370117,2015130000
11/7/2016,5166.169922,1914310000
11/8/2016,5193.490234,1736100000
11/9/2016,5251.069824,2824560000
11/10/2016,5208.799805,2984360000
11/11/2016,5237.109863,2285050000
11/14/2016,5218.399902,2369190000
11/15/2016,5275.620117,2156500000
11/16/2016,5294.580078,2057140000
11/17/2016,5333.970215,2081760000
11/18/2016,5321.509766,1858610000
11/21/2016,5368.859863,1745320000
11/22/2016,5386.350098,1886800000
11/23/2016,5380.680176,1616740000
11/25/2016,5398.919922,768070000
11/28/2016,5368.810059,1625620000
11/29/2016,5379.919922,1788790000
11/30/2016,5323.680176,2064430000
12/1/2016,5251.109863,2264960000
12/2/2016,5255.649902,1848930000
12/5/2016,5308.890137,1798160000
12/6/2016,5333,1974850000
12/7/2016,5393.759766,2122590000
12/8/2016,5417.359863,2231070000
12/9/2016,5444.5,2038700000
12/12/2016,5412.540039,1927560000
12/13/2016,5463.830078,2085710000
12/14/2016,5436.669922,1974150000
12/15/2016,5456.850098,2095910000
12/16/2016,5437.160156,3257750000
12/19/2016,5457.439941,1685800000
12/20/2016,5483.939941,1678040000
12/21/2016,5471.430176,1493900000
12/22/2016,5447.419922,1582600000
12/23/2016,5462.689941,1144280000
12/27/2016,5487.439941,1216870000
12/28/2016,5438.560059,1322130000
12/29/2016,5432.089844,1264480000
12/30/2016,5383.120117,1550820000
1/3/2017,5429.080078,1886200000
1/4/2017,5477,1883360000
1/5/2017,5487.939941,1792610000
1/6/2017,5521.060059,1710770000
1/9/2017,5531.819824,1885500000
1/10/2017,5551.819824,1796500000
1/11/2017,5563.649902,1954720000
1/12/2017,5547.490234,1801750000
1/13/2017,5574.120117,1605110000
1/17/2017,5538.72998,1757030000
1/18/2017,5555.649902,1683320000
1/19/2017,5540.080078,1805710000
1/20/2017,5555.330078,1740320000
1/23/2017,5552.939941,1650290000
1/24/2017,5600.959961,1805370000
1/25/2017,5656.339844,1959950000
1/26/2017,5655.180176,1827490000
1/27/2017,5660.779785,1663400000
1/30/2017,5613.709961,1777090000
1/31/2017,5614.790039,2041480000
2/1/2017,5642.649902,2223560000
2/2/2017,5636.200195,2073980000
2/3/2017,5666.77002,1786860000
2/6/2017,5663.549805,1732280000
2/7/2017,5674.220215,1919100000
2/8/2017,5682.450195,1945060000
2/9/2017,5715.180176,1943840000
2/10/2017,5734.129883,1852010000
2/13/2017,5763.959961,1840010000
2/14/2017,5782.569824,1945160000
2/15/2017,5819.439941,2083660000
2/16/2017,5814.899902,1943600000
2/17/2017,5838.580078,1875580000
2/21/2017,5865.950195,1935110000
2/22/2017,5860.629883,1872330000
2/23/2017,5835.509766,1879670000
2/24/2017,5845.310059,1683280000
2/27/2017,5861.899902,1876090000
2/28/2017,5825.439941,2298380000
3/1/2017,5904.029785,2210360000
3/2/2017,5861.220215,2040770000
3/3/2017,5870.75,1852130000
3/6/2017,5849.180176,1767840000
3/7/2017,5833.930176,1822000000
3/8/2017,5837.549805,1810480000
3/9/2017,5838.810059,1883930000
3/10/2017,5861.72998,1982150000
3/13/2017,5875.779785,1799340000
3/14/2017,5856.819824,1663170000
3/15/2017,5900.049805,1952690000
3/16/2017,5900.759766,1766980000
3/17/2017,5901,3184130000
3/20/2017,5901.529785,1730550000
3/21/2017,5793.830078,2192090000
3/22/2017,5821.640137,1857680000
3/23/2017,5817.689941,1742640000
3/24/2017,5828.740234,1841920000
3/27/2017,5840.370117,1670760000
3/28/2017,5875.140137,1820860000
3/29/2017,5897.549805,1718680000
3/30/2017,5914.339844,1723770000
3/31/2017,5911.740234,1902800000
4/3/2017,5894.680176,1854200000
4/4/2017,5898.609863,1790840000
4/5/2017,5864.47998,2204490000
4/6/2017,5878.950195,1845800000
4/7/2017,5877.810059,1692150000
4/10/2017,5880.930176,1630070000
4/11/2017,5866.77002,1821650000
4/12/2017,5836.160156,1658960000
4/13/2017,5805.149902,1581870000
4/17/2017,5856.790039,1381290000
4/18/2017,5849.470215,1608870000
4/19/2017,5863.029785,1752620000
4/20/2017,5916.779785,1749110000
4/21/2017,5910.52002,1723210000
4/24/2017,5983.819824,1836570000
4/25/2017,6025.490234,1895430000
4/26/2017,6025.22998,1894210000
4/27/2017,6048.939941,1876700000
4/28/2017,6047.609863,1995160000
5/1/2017,6091.600098,1757000000
5/2/2017,6095.370117,2146730000
5/3/2017,6072.549805,2149360000
5/4/2017,6075.339844,2056270000
5/5/2017,6100.759766,1899570000
5/8/2017,6102.660156,1909710000
5/9/2017,6120.589844,1997490000
5/10/2017,6129.140137,2108000000
5/11/2017,6115.959961,1950910000
5/12/2017,6121.22998,1740960000
5/15/2017,6149.669922,1850790000
5/16/2017,6169.870117,1999330000
5/17/2017,6011.240234,2347480000
5/18/2017,6055.129883,2131520000
5/19/2017,6083.700195,1905520000
5/22/2017,6133.620117,1726230000
5/23/2017,6138.709961,1705860000
5/24/2017,6163.02002,1666050000
5/25/2017,6205.259766,1767690000
5/26/2017,6210.189941,1571040000
5/30/2017,6203.189941,1688480000
5/31/2017,6198.52002,2209400000
6/1/2017,6246.830078,1943610000
6/2/2017,6305.799805,1820000000
6/5/2017,6295.680176,1739820000
6/6/2017,6275.060059,1889690000
6/7/2017,6297.379883,1822270000
6/8/2017,6321.759766,2128780000
6/9/2017,6207.919922,3152050000
6/12/2017,6175.459961,2586540000
6/13/2017,6220.370117,2062110000
6/14/2017,6194.890137,1940440000
6/15/2017,6165.5,1858130000
6/16/2017,6151.759766,3120640000
6/19/2017,6239.009766,1976970000
6/20/2017,6188.029785,2570130000
6/21/2017,6233.950195,2401440000
6/22/2017,6236.689941,2170250000
6/23/2017,6265.25,4158700000
6/26/2017,6247.149902,2150630000
6/27/2017,6146.620117,2181830000
6/28/2017,6234.410156,2069400000
6/29/2017,6144.350098,2402250000
6/30/2017,6140.419922,1998330000
7/3/2017,6110.060059,1099560000
7/5/2017,6150.859863,1872130000
7/6/2017,6089.459961,1990590000
7/7/2017,6153.080078,1700630000
7/10/2017,6176.390137,1675470000
7/11/2017,6193.299805,1808110000
7/12/2017,6261.169922,1820550000
7/13/2017,6274.439941,1803810000
7/14/2017,6312.470215,1608120000
7/17/2017,6314.430176,1558030000
7/18/2017,6344.310059,1762400000
7/19/2017,6385.040039,1862910000
7/20/2017,6390,1818880000
7/21/2017,6387.75,1797100000
7/24/2017,6410.810059,1735520000
7/25/2017,6412.169922,1925230000
7/26/2017,6422.75,1988040000
7/27/2017,6382.189941,2483560000
7/28/2017,6374.680176,1860770000
7/31/2017,6348.120117,1891710000
8/1/2017,6362.939941,1812590000
8/2/2017,6362.649902,2104130000
8/3/2017,6340.339844,2113440000
8/4/2017,6351.560059,1907170000
8/7/2017,6383.77002,1701550000
8/8/2017,6370.459961,1914670000
8/9/2017,6352.330078,2033760000
8/10/2017,6216.870117,2204700000
8/11/2017,6256.560059,1794850000
8/14/2017,6340.22998,1698560000
8/15/2017,6333.009766,1580060000
8/16/2017,6345.109863,1804730000
8/17/2017,6221.910156,2041220000
8/18/2017,6216.529785,1964590000
8/21/2017,6213.129883,1576070000
8/22/2017,6297.47998,1597700000
8/23/2017,6278.410156,1533220000
8/24/2017,6271.330078,1616780000
8/25/2017,6265.640137,1442900000
8/28/2017,6283.02002,1558690000
8/29/2017,6301.890137,1637640000
8/30/2017,6368.310059,1712070000
8/31/2017,6428.660156,1885710000
9/1/2017,6435.330078,1488040000
9/5/2017,6375.569824,1886950000
9/6/2017,6393.310059,1906030000
9/7/2017,6397.870117,1998380000
9/8/2017,6360.189941,1785560000
9/11/2017,6432.259766,1819300000
9/12/2017,6454.279785,1745090000
9/13/2017,6460.189941,1942090000
9/14/2017,6429.080078,1809170000
9/15/2017,6448.470215,2821110000
9/18/2017,6454.640137,1874440000
9/19/2017,6461.319824,1809710000
9/20/2017,6456.040039,2052520000
9/21/2017,6422.689941,1772790000
9/22/2017,6426.919922,1639100000
9/25/2017,6370.589844,2050410000
9/26/2017,6380.160156,1926420000
9/27/2017,6453.259766,2053720000
9/28/2017,6453.450195,1828570000
9/29/2017,6495.959961,1967720000
10/2/2017,6516.720215,1977030000
10/3/2017,6531.709961,1969320000
10/4/2017,6534.629883,1938440000
10/5/2017,6585.359863,1875670000
10/6/2017,6590.180176,1742470000
10/9/2017,6579.72998,1490620000
10/10/2017,6587.25,1799400000
10/11/2017,6603.549805,1830360000
10/12/2017,6591.509766,2000470000
10/13/2017,6605.799805,1756150000
10/16/2017,6624,1629480000
10/17/2017,6623.660156,1647240000
10/18/2017,6624.220215,1734030000
10/19/2017,6605.069824,1823860000
10/20/2017,6629.049805,1794810000
10/23/2017,6586.830078,1809320000
10/24/2017,6598.430176,1842640000
10/25/2017,6563.890137,2190720000
10/26/2017,6556.77002,2108210000
10/27/2017,6701.259766,2403600000
10/30/2017,6698.959961,2013640000
10/31/2017,6727.669922,2043890000
11/1/2017,6716.529785,2056860000
11/2/2017,6714.939941,2262940000
11/3/2017,6764.439941,2195010000
11/6/2017,6786.439941,2166470000
11/7/2017,6767.779785,2205270000
11/8/2017,6789.120117,2110990000
11/9/2017,6750.049805,2235180000
11/10/2017,6750.939941,1973970000
11/13/2017,6757.600098,1973790000
11/14/2017,6737.870117,1983830000
11/15/2017,6706.209961,1908660000
11/16/2017,6793.290039,2002920000
11/17/2017,6782.790039,1988090000
11/20/2017,6790.709961,1800880000
11/21/2017,6862.47998,1883550000
11/22/2017,6867.359863,1588200000
11/24/2017,6889.160156,848520000
11/27/2017,6878.52002,1773400000
11/28/2017,6912.359863,2000410000
11/29/2017,6824.390137,2452860000
11/30/2017,6873.970215,2458580000
12/1/2017,6847.589844,2293570000
12/4/2017,6775.370117,2426570000
12/5/2017,6762.209961,2083540000
12/6/2017,6776.379883,1891850000
12/7/2017,6812.839844,1934120000
12/8/2017,6840.080078,1806040000
12/11/2017,6875.080078,1818970000
12/12/2017,6862.319824,1861560000
12/13/2017,6875.799805,1919560000
12/14/2017,6856.529785,1985200000
12/15/2017,6936.580078,3510420000
12/18/2017,6994.759766,2144360000
12/19/2017,6963.850098,2071060000
12/20/2017,6960.959961,1874550000
12/21/2017,6965.359863,1815620000
12/22/2017,6959.959961,1539250000
12/26/2017,6936.25,1304340000
12/27/2017,6939.339844,1409540000
12/28/2017,6950.160156,1311320000
12/29/2017,6903.390137,1571730000
1/2/2018,7006.899902,1914930000
1/3/2018,7065.529785,2166780000
1/4/2018,7077.910156,2098890000
1/5/2018,7136.560059,2020900000
1/8/2018,7157.390137,2051430000
1/9/2018,7163.580078,0
1/10/2018,7153.569824,2122740000
1/11/2018,7211.779785,2009740000
1/12/2018,7261.060059,1976200000
1/16/2018,7223.689941,2377140000
1/17/2018,7298.279785,2238070000
1/18/2018,7296.049805,2026220000
1/19/2018,7336.379883,1997270000
1/22/2018,7408.029785,2106070000
1/23/2018,7460.290039,2119840000
1/24/2018,7415.060059,2277010000
1/25/2018,7411.160156,2061450000
1/26/2018,7505.77002,2059010000
1/29/2018,7466.509766,2103380000
1/30/2018,7402.47998,2163980000
1/31/2018,7411.47998,2407540000
2/1/2018,7385.859863,2291680000
2/2/2018,7240.950195,2587770000
2/5/2018,6967.529785,3106870000
2/6/2018,7115.879883,3131030000
2/7/2018,7051.97998,2366970000
2/8/2018,6777.160156,2707700000
2/9/2018,6874.490234,3155990000
2/12/2018,6981.959961,2240420000
2/13/2018,7013.509766,1816670000
2/14/2018,7143.620117,2211460000
2/15/2018,7256.430176,2110700000
2/16/2018,7239.470215,2019830000
2/20/2018,7234.310059,1911170000
2/21/2018,7218.22998,1946010000
2/22/2018,7210.089844,1911900000
2/23/2018,7337.390137,1879460000
2/26/2018,7421.459961,1866610000
2/27/2018,7330.350098,2155850000
2/28/2018,7273.009766,2373880000
3/1/2018,7180.560059,2489040000
3/2/2018,7257.870117,2287320000
3/5/2018,7330.709961,2066350000
3/6/2018,7372.009766,2112570000
3/7/2018,7396.649902,2192230000
3/8/2018,7427.950195,2272110000
3/9/2018,7560.810059,2302930000
3/12/2018,7588.319824,2294440000
3/13/2018,7511.009766,2448830000
3/14/2018,7496.810059,2104450000
3/15/2018,7481.740234,1991570000
3/16/2018,7481.990234,3046990000
3/19/2018,7344.240234,2324430000
3/20/2018,7364.299805,1967690000
3/21/2018,7345.290039,1988390000
3/22/2018,7166.680176,2347160000
3/23/2018,6992.669922,2390410000
3/26/2018,7220.540039,2326060000
3/27/2018,7008.810059,2325990000
3/28/2018,6949.22998,2518670000
3/29/2018,7063.450195,2554500000
4/2/2018,6870.120117,2394730000
4/3/2018,6941.279785,2328510000
4/4/2018,7042.109863,2254070000
4/5/2018,7076.549805,2124660000
4/6/2018,6915.109863,2350540000
4/9/2018,6950.339844,2080900000
4/10/2018,7094.299805,2238770000
4/11/2018,7069.029785,1852120000
4/12/2018,7140.25,2021110000
4/13/2018,7106.649902,1743640000
4/16/2018,7156.279785,1795950000
4/17/2018,7281.100098,1913230000
4/18/2018,7295.240234,1893220000
4/19/2018,7238.060059,1963950000
4/20/2018,7146.129883,1921790000
4/23/2018,7128.600098,1737370000
4/24/2018,7007.350098,2149250000
4/25/2018,7003.740234,2026690000
4/26/2018,7118.680176,2127140000
4/27/2018,7119.799805,2027530000
4/30/2018,7066.27002,1987020000
5/1/2018,7130.700195,1929110000
5/2/2018,7100.899902,2144200000
5/3/2018,7088.149902,2345740000
5/4/2018,7209.620117,2022230000
5/7/2018,7265.209961,1939980000
5/8/2018,7266.899902,2054830000
5/9/2018,7339.910156,2241480000
5/10/2018,7404.970215,2233460000
5/11/2018,7402.879883,2083030000
5/14/2018,7411.319824,2075670000
5/15/2018,7351.629883,2114040000
5/16/2018,7398.299805,2083660000
5/17/2018,7382.470215,1931700000
5/18/2018,7354.339844,1966710000
5/21/2018,7394.040039,1949100000
5/22/2018,7378.459961,1908280000
5/23/2018,7425.959961,1980450000
5/24/2018,7424.430176,1992460000
5/25/2018,7433.850098,1757660000
5/29/2018,7396.589844,2087370000
5/30/2018,7462.450195,2049450000
5/31/2018,7442.120117,2514610000
6/1/2018,7554.330078,2208600000
6/4/2018,7606.459961,2142790000
6/5/2018,7637.859863,2058630000
6/6/2018,7689.240234,2191750000
6/7/2018,7635.069824,2328280000
6/8/2018,7645.509766,1941580000
6/11/2018,7659.930176,1942940000
6/12/2018,7703.790039,2006760000
6/13/2018,7695.700195,2172770000
6/14/2018,7761.040039,2188230000
6/15/2018,7746.379883,3043790000
6/18/2018,7747.029785,2093950000
6/19/2018,7725.589844,2269000000
6/20/2018,7781.509766,2305100000
6/21/2018,7712.950195,2315880000
6/22/2018,7692.819824,3928340000
6/25/2018,7532.009766,2415090000
6/26/2018,7561.629883,2058640000
6/27/2018,7445.080078,2306430000
6/28/2018,7503.680176,2195400000
6/29/2018,7510.299805,2192010000
7/2/2018,7567.689941,1767910000
7/3/2018,7502.669922,1179310000
7/5/2018,7586.430176,1745030000
7/6/2018,7688.390137,1704580000
7/9/2018,7756.200195,1837330000
7/10/2018,7759.200195,1725210000
7/11/2018,7716.609863,1761420000
7/12/2018,7823.919922,1926110000
7/13/2018,7825.97998,1714140000
7/16/2018,7805.720215,1730190000
7/17/2018,7855.120117,1740680000
7/18/2018,7854.439941,1857670000
7/19/2018,7825.299805,1853030000
7/20/2018,7820.200195,1786250000
7/23/2018,7841.870117,1654290000
7/24/2018,7840.77002,2014850000
7/25/2018,7932.240234,1899790000
7/26/2018,7852.180176,2263070000
7/27/2018,7737.419922,2176170000
7/30/2018,7630,2143410000
7/31/2018,7671.790039,2195050000
8/1/2018,7707.290039,2223550000
8/2/2018,7802.689941,2081300000
8/3/2018,7812.009766,2018700000
8/6/2018,7859.680176,2238170000
8/7/2018,7883.660156,2197590000
8/8/2018,7888.330078,2087850000
8/9/2018,7891.779785,2032950000
8/10/2018,7839.109863,2095180000
8/13/2018,7819.709961,1914240000
8/14/2018,7870.890137,1917360000
8/15/2018,7774.120117,2286960000
8/16/2018,7806.52002,1979540000
8/17/2018,7816.330078,1843150000
8/20/2018,7821.009766,1698970000
8/21/2018,7859.169922,1766630000
8/22/2018,7889.100098,1660460000
8/23/2018,7878.459961,1879890000
8/24/2018,7945.97998,1886600000
8/27/2018,8017.899902,2319130000
8/28/2018,8030.040039,1961300000
8/29/2018,8109.689941,1897000000
8/30/2018,8088.359863,2014450000
8/31/2018,8109.540039,1899910000
9/4/2018,8091.25,2229520000
9/5/2018,7995.169922,2596780000
9/6/2018,7922.72998,2368680000
9/7/2018,7902.540039,2146380000
9/10/2018,7924.160156,2041450000
9/11/2018,7972.470215,2320190000
9/12/2018,7954.22998,2341850000
9/13/2018,8013.709961,2318720000
9/14/2018,8010.040039,2033720000
9/17/2018,7895.790039,2284140000
9/18/2018,7956.109863,2317990000
9/19/2018,7950.040039,2156730000
9/20/2018,8028.22998,2287150000
9/21/2018,7986.959961,3706820000
9/24/2018,7993.25,2416380000
9/25/2018,8007.470215,2288140000
9/26/2018,7990.370117,2297030000
9/27/2018,8041.970215,2053770000
9/28/2018,8046.350098,2323940000
10/1/2018,8037.299805,2283230000
10/2/2018,7999.549805,2391370000
10/3/2018,8025.089844,3047330000
10/4/2018,7879.509766,3274550000
10/5/2018,7788.450195,2672900000
10/8/2018,7735.950195,2239640000
10/9/2018,7738.02002,2459040000
10/10/2018,7422.049805,3077330000
10/11/2018,7329.060059,3139290000
10/12/2018,7496.890137,2650290000
10/15/2018,7430.740234,2148850000
10/16/2018,7645.490234,2623300000
10/17/2018,7642.700195,2364720000
10/18/2018,7485.140137,2545950000
10/19/2018,7449.029785,2532220000
10/22/2018,7468.629883,2282400000
10/23/2018,7437.540039,2735820000
10/24/2018,7108.399902,2935550000
10/25/2018,7318.339844,2741810000
10/26/2018,7167.209961,2964780000
10/29/2018,7050.290039,2689550000
10/30/2018,7161.649902,2681310000
10/31/2018,7305.899902,2899730000
11/1/2018,7434.060059,2708880000
11/2/2018,7356.990234,2889910000
11/5/2018,7328.850098,2166470000
11/6/2018,7375.959961,2285680000
11/7/2018,7570.75,2677530000
11/8/2018,7530.879883,2462430000
11/9/2018,7406.899902,2418490000
11/12/2018,7200.870117,2283070000
11/13/2018,7200.870117,2343940000
11/14/2018,7136.390137,2540220000
11/15/2018,7259.029785,2508720000
11/16/2018,7247.870117,2438260000
11/19/2018,7028.47998,2354020000
11/20/2018,6908.819824,2664950000
11/21/2018,6972.25,1858050000
11/23/2018,6938.97998,958950000
11/26/2018,7081.850098,2011180000
11/27/2018,7082.700195,2067360000
11/28/2018,7291.589844,2390260000
