Date,BTC_price,BTC_volume
12/27/2013,734.27,62881800
12/28/2013,738.81,28121600
12/29/2013,726.47,27018300
12/30/2013,760.52,24717100
12/31/2013,755.16,21903500
1/1/2014,767.74,23448600
1/2/2014,772.53,16837800
1/3/2014,825.47,54171500
1/4/2014,849.14,36344700
1/5/2014,919.41,62414600
1/6/2014,936.38,88584600
1/7/2014,826.5,80268100
1/8/2014,838.32,78060300
1/9/2014,853.29,58813600
1/10/2014,863.3,29763600
1/11/2014,905.72,48299500
1/12/2014,867.45,40171100
1/13/2014,840.96,42950500
1/14/2014,838.05,23469400
1/15/2014,860.44,28600400
1/16/2014,837.98,18719700
1/17/2014,812.9,39266000
1/18/2014,840,18052700
1/19/2014,838.17,17574100
1/20/2014,869.15,25421600
1/21/2014,869.57,26779700
1/22/2014,865.03,17879900
1/23/2014,846.97,18412100
1/24/2014,808.32,20176000
1/25/2014,804.39,31742800
1/26/2014,853.51,22676800
1/27/2014,891.86,32539200
1/28/2014,777,61878700
1/29/2014,816.85,33409200
1/30/2014,817.17,16261700
1/31/2014,817.93,31107400
2/1/2014,832.52,14722200
2/2/2014,836.41,19347600
2/3/2014,813.38,12759200
2/4/2014,832.36,14823400
2/5/2014,830.92,15706200
2/6/2014,805.08,47441900
2/7/2014,721.32,65733100
2/8/2014,701.61,86940400
2/9/2014,672.07,34864400
2/10/2014,689.65,38527400
2/11/2014,697.76,121884000
2/12/2014,655.26,65970400
2/13/2014,651.91,19109100
2/14/2014,623.57,90917600
2/15/2014,644.1,57350800
2/16/2014,613.85,24104900
2/17/2014,645.14,48516100
2/18/2014,625.01,22066400
2/19/2014,620.99,13276100
2/20/2014,593.89,35743400
2/21/2014,582.75,56059000
2/22/2014,571.06,21675800
2/23/2014,622.97,44590700
2/24/2014,572.39,47229500
2/25/2014,489.31,111102000
2/26/2014,567.25,75039300
2/27/2014,586.28,38219000
2/28/2014,567.2,24649000
3/1/2014,560.11,22903800
3/2/2014,561.35,11143900
3/3/2014,585.79,33049800
3/4/2014,675,86124600
3/5/2014,658.24,26946700
3/6/2014,654.55,16659800
3/7/2014,617.62,29823000
3/8/2014,610.37,21353000
3/9/2014,636.17,15489000
3/10/2014,621.17,16425700
3/11/2014,624.23,12542300
3/12/2014,638.07,20806300
3/13/2014,639.03,12866600
3/14/2014,629.67,11939800
3/15/2014,638.07,5963930
3/16/2014,629.55,4834240
3/17/2014,623.705,13371500
3/18/2014,612.622,23217800
3/19/2014,610.636,15227500
3/20/2014,592.07,20048500
3/21/2014,582.303,38053400
3/22/2014,561.22,17983700
3/23/2014,567.779,10283000
3/24/2014,571.418,17185800
3/25/2014,582.55,18634700
3/26/2014,584.442,17583200
3/27/2014,567.64,22316700
3/28/2014,503.661,79571600
3/29/2014,502.302,26810900
3/30/2014,469.938,17867800
3/31/2014,457.399,56838500
4/1/2014,478.7163,
4/2/2014,437.515,
4/3/2014,447.0822,
4/4/2014,448.8792,
4/5/2014,464.8259,
4/6/2014,460.7028,
4/7/2014,457.792,9802770
4/8/2014,450.4638,
4/9/2014,440.1983,
4/10/2014,360.8407,
4/11/2014,420.0563,
4/12/2014,420.66,
4/13/2014,414.9495,
4/14/2014,457.6338,
4/15/2014,520.1233,
4/16/2014,529.1625,
4/17/2014,494.4,
4/18/2014,478.2312,
4/19/2014,501.5515,
4/20/2014,497.3177,
4/21/2014,492.6733,
4/22/2014,484.8533,9770190.335
4/23/2014,487.525,8412033.043
4/24/2014,494.2733,9512215.004
4/25/2014,458.8067,44062361.81
4/26/2014,453.8,11997979.87
4/27/2014,437.9216,9760121.835
4/28/2014,436.92,20781687.98
4/29/2014,443.27,15011935.55
4/30/2014,444.9968,13054745.68
5/1/2014,455.0913,11953625.13
5/2/2014,443.4734,8165770.148
5/3/2014,434.0333,9446958.636
5/4/2014,433.9432,5229830.631
5/5/2014,429.0761,8567756.392
5/6/2014,426.7634,10822749.12
5/7/2014,439.3,16360711.04
5/8/2014,437.3633,8491458.546
5/9/2014,447.4933,8820053.293
5/10/2014,452.505,5529665.187
5/11/2014,436.2833,11522907.03
5/12/2014,439.19,5903393.674
5/13/2014,437.305,5619474.109
5/14/2014,444.2467,6764834.291
5/15/2014,444.25,6219944.385
5/16/2014,445.165,5292980.731
5/17/2014,445.8533,2642092.213
5/18/2014,444.2133,7828552.782
5/19/2014,443.87,11697296.02
5/20/2014,483.4167,59415447.48
5/21/2014,488.7717,20125942.25
5/22/2014,522.6083,28758404.01
5/23/2014,524.475,30253343.7
5/24/2014,523.1083,10236386.68
5/25/2014,569.3767,43762384.56
5/26/2014,579.6217,26174591.72
5/27/2014,569.475,33059214.24
5/28/2014,571.5533,15739188.29
5/29/2014,565.26,14362990.94
5/30/2014,621.1467,42271699.64
5/31/2014,620.5,18656368.1
6/1/2014,640.1617,53565199.68
6/2/2014,656.41,41153743.55
6/3/2014,667.3683,37419432.11
6/4/2014,641.1833,43722721.86
6/5/2014,658.1,24809749.57
6/6/2014,648.63,14032413.37
6/7/2014,651.7083,12954147.5
6/8/2014,649.8983,6819173.803
6/9/2014,643.905,15165258
6/10/2014,649.0567,13698528.1
6/11/2014,630.0367,20706208.81
6/12/2014,567.175,41032286.05
6/13/2014,594.6833,37950646.15
6/14/2014,570.0033,33752601.59
6/15/2014,583.41,19377536.88
6/16/2014,592.52,25803391.33
6/17/2014,607.1583,14064824.78
6/18/2014,604.19,14955835.77
6/19/2014,593.3883,11266428.3
6/20/2014,590.055,14899960.97
6/21/2014,591.2567,8304999.79
6/22/2014,595.0367,9952321.043
6/23/2014,586.1483,11249420.62
6/24/2014,582.415,11613405.82
6/25/2014,561.4717,18237241.35
6/26/2014,579.5867,12733876.65
6/27/2014,598.2367,19906418.83
6/28/2014,594.8717,13624207.4
6/29/2014,598.4883,8878656.403
6/30/2014,637.755,47015974.06
7/1/2014,643.935,38496541.69
7/2/2014,648.1075,25992122.17
7/3/2014,640.2838,18539083.75
7/4/2014,627.1288,22418156.55
7/5/2014,627.5813,9292051.769
7/6/2014,631.0025,11187211.13
7/7/2014,619.495,18525910.65
7/8/2014,620.0475,9269839.61
7/9/2014,620.16,9329941.3
7/10/2014,615.1275,15009203.94
7/11/2014,630.835,15836826.82
7/12/2014,633.6389952,13267457.87
7/13/2014,627.4623228,11435029.12
7/14/2014,618.2050265,2646077079
7/15/2014,618.9525,10776372.32
7/16/2014,614.1475,13679053.32
7/17/2014,622.895,14637445.28
7/18/2014,627.0188,14086517.69
7/19/2014,626.1763,7640657.031
7/20/2014,620.5138,4767570.263
7/21/2014,619.9088,8225443.992
7/22/2014,619.0063,7698580.923
7/23/2014,617.9425,9043046.013
7/24/2014,599.8088,24703385.25
7/25/2014,600.0963,20256797.4
7/26/2014,593.775,11443452.29
7/27/2014,590.3788,9300140.747
7/28/2014,585.2788,23117898.16
7/29/2014,581.7138,11790372.33
7/30/2014,560.7913,18397948.92
7/31/2014,583.1821057,23252091.39
8/1/2014,593.8655274,22927176.8
8/2/2014,588.2306992,9260582.608
8/3/2014,585.5731941,9179432.126
8/4/2014,586.3686859,11325982.79
8/5/2014,582.4186268,13046784.25
8/6/2014,583.325,12769922.2
8/7/2014,587.203159,11942668.46
8/8/2014,590.9072702,12277588.53
8/9/2014,588.107856,7934876.355
8/10/2014,588.5004826,8504716.676
8/11/2014,573.4063,16394404.86
8/12/2014,567.4023482,15825348.32
8/13/2014,543.6675,36644669.93
8/14/2014,503.7088,46265624.63
8/15/2014,492.2844983,31123413.36
8/16/2014,521.0463,27941383.43
8/17/2014,494.7813,28596111.8
8/18/2014,459.8863,60758484.53
8/19/2014,484.155,45173284.03
8/20/2014,514.1863,55122051.11
8/21/2014,515.605,47111104.08
8/22/2014,515.8263,34159957.6
8/23/2014,496.5688,23986341.56
8/24/2014,508.1138,18509793.27
8/25/2014,500.3863,15737842.72
8/26/2014,510.6388,21288943.92
8/27/2014,510.4463,21505988.92
8/28/2014,506.915,18467248.49
8/29/2014,508.0963,16001723.63
8/30/2014,501.53,10747408.66
8/31/2014,480.0263,43358429.76
9/1/2014,475.82,19343751.81
9/2/2014,474.6938,21083352.22
9/3/2014,474.7263,14233663.71
9/4/2014,489.5475,23597497.06
9/5/2014,480.2425,14058803.05
9/6/2014,482.3588,9776900.705
9/7/2014,480.6025,7748654.383
9/8/2014,471.125,27618107.42
9/9/2014,471.7538,20218609.3
9/10/2014,477.1138,20792329.42
9/11/2014,476.3775,14579193.13
9/12/2014,473.6875,13395857.32
9/13/2014,476.0013,14007703
9/14/2014,474.795,11468703.33
9/15/2014,473.0313,12723496.88
9/16/2014,462.5925,16956832.82
9/17/2014,454.6238,23179362.99
9/18/2014,423.565,48338347.98
9/19/2014,393.2625,47766762.16
9/20/2014,408.5025,47847915.32
9/21/2014,396.62,32843840.16
9/22/2014,398.3113,24225299.21
9/23/2014,433.7513,57448184.25
9/24/2014,420.92,32689372.44
9/25/2014,407.9775,30733509.97
9/26/2014,402.88,23707503.07
9/27/2014,398.0075,16698720.05
9/28/2014,375.9888,29504744.83
9/29/2014,373.0888,37668363.04
9/30/2014,387.3513,34519038.81
10/1/2014,380.895,26019381.16
10/2/2014,371.8413,19867284.51
10/3/2014,356.19,29080111.34
10/4/2014,327.8813,44971218.62
10/5/2014,325.11,81809696.99
10/6/2014,328.73,75997580.14
10/7/2014,331.7238,43924704.46
10/8/2014,353.3901,50777426.83
10/9/2014,358.395,80036548.34
10/10/2014,357.555,42046080.75
10/11/2014,359.515,32266988.41
10/12/2014,374.1675,30739066.02
10/13/2014,387.0388,55435747.92
10/14/2014,398.2888,71417120.07
10/15/2014,392.19,49257724.14
10/16/2014,379.3913,48941848.67
10/17/2014,380.2925,38063635.9
10/18/2014,389.1163,43799624.06
10/19/2014,386.945,32870166.1
10/20/2014,379.77,32186402.18
10/21/2014,382.4138,33195457.63
10/22/2014,379.4425,22279085.76
10/23/2014,356.2,48354309.49
10/24/2014,354.3175,32650701.35
10/25/2014,347.0304941,35098508.12
10/26/2014,350.1888,27618300.83
10/27/2014,348.29,40322147.38
10/28/2014,351.5638,26517269.32
10/29/2014,333.1475,43376134.31
10/30/2014,343.6675,59854847.08
10/31/2014,336.5879758,30524273.86
11/1/2014,323.9763,38569972.59
11/2/2014,323.985,28711350.71
11/3/2014,323.995,40772300.42
11/4/2014,328.0083,35073797.88
11/5/2014,337.5933,44434915.11
11/6/2014,347.8183,43131102.63
11/7/2014,341.2317,40263476.29
11/8/2014,344.1783,30212775.72
11/9/2014,363.4241291,51466025.87
11/10/2014,363.765,62274660.84
11/11/2014,366.15,45679773.64
11/12/2014,418.5783,234617998.9
11/13/2014,414.7083,338849744.2
11/14/2014,395.245,263499968.6
11/15/2014,377.3267,99179350.35
11/16/2014,387.6233,95731301.28
11/17/2014,384.9,152824089.1
11/18/2014,374.8683,109440633.1
11/19/2014,376.7883,84367865.37
11/20/2014,355.3888346,93722502.04
11/21/2014,349.3882854,100624477.6
11/22/2014,351.55,68856354.94
11/23/2014,366.7817,71063869.31
11/24/2014,377.7417,116848548.4
11/25/2014,375.248,115570302.5
11/26/2014,365.766,92282203.68
11/27/2014,368.448,70974036.26
11/28/2014,376.951,91254232.82
11/29/2014,374.965,100952560.5
11/30/2014,376.472,74926943.91
12/1/2014,379.489,64120830.5
12/2/2014,381.3768,66841251.27
12/3/2014,374.103,74772912.71
12/4/2014,368.2282,62639548.33
12/5/2014,376.379,57857463.43
12/6/2014,373.671,48428933.76
12/7/2014,374.448,38514374.88
12/8/2014,361.433,66593741.91
12/9/2014,350.928,88924869.66
12/10/2014,346.9798718,59696950.63
12/11/2014,346.909,118502898.8
12/12/2014,351.502,50698218.4
12/13/2014,347.484,38735004.41
12/14/2014,350.133,44354135.29
12/15/2014,344.615,30644200.62
12/16/2014,328.534,71798679.48
12/17/2014,318.828,76239460.27
12/18/2014,309.765,90976235.79
12/19/2014,317.54,60607669.35
12/20/2014,328.774,64328493.85
12/21/2014,319.501,58024786.31
12/22/2014,329.886,51126866.97
12/23/2014,333.97,58571793.11
12/24/2014,322.194,37974791.62
12/25/2014,318.166,75362825.06
12/26/2014,327.7169709,93256490.21
12/27/2014,314.568,145862961.1
12/28/2014,316.491,67051620.39
12/29/2014,312.633,99471184.47
12/30/2014,310.079,71609763.02
12/31/2014,317.379,71036111.35
1/1/2015,313.992,46999364.09
1/2/2015,314.446,38855906.3
1/3/2015,286.572,118778941.4
1/4/2015,260.936,205500149
1/5/2015,273.22,155038125.5
1/6/2015,285.3738,97002895.98
1/7/2015,295.8725,110674233
1/8/2015,284.4525,86570544.47
1/9/2015,289.5738,83478400.28
1/10/2015,274.533,92683835.63
1/11/2015,267.184,73256737.91
1/12/2015,268.3536677,78982214.89
1/13/2015,221.436,215752219.9
1/14/2015,172.1479,236006920.8
1/15/2015,210.5559,257637517.3
1/16/2015,205.816,176217465.5
1/17/2015,199.4914,106431481.1
1/18/2015,208.9892,118664232.7
1/19/2015,214.545,105545327.3
1/20/2015,210.5137,94312137.94
1/21/2015,224.0451,99166469.2
1/22/2015,232.0423,151229886.4
1/23/2015,232.898,126038219.2
1/24/2015,248.096,134933345.1
1/25/2015,253.8389,142426844.9
1/26/2015,271.2882,401755946.5
1/27/2015,259.2356,339951744.7
1/29/2015,232.5329422,161971565.5
1/30/2015,228.6354,105832532.6
1/31/2015,218.0233,92459195.63
2/1/2015,226.2697,100844154.3
2/2/2015,240.0193,108043831.2
2/3/2015,226.0119,135790231.9
2/4/2015,225.3083,83155505.16
2/5/2015,216.9136,74142168.01
2/6/2015,222.4872,88164946.84
2/7/2015,227.2051,80694160.19
2/8/2015,222.9061,76979240.31
2/9/2015,220.0922,79154588.47
2/10/2015,220.6493,66708973.92
2/11/2015,219.0956,65150873.75
2/12/2015,222.0401588,51632481.44
2/13/2015,235.6774,137045816.2
2/14/2015,259.0086,165435433.7
2/15/2015,232.9962,199965387.7
2/16/2015,235.9199,128976205
2/17/2015,242.4568,121468767.5
2/18/2015,234.6238,88821471.78
2/19/2015,240.2988,71396084.82
2/20/2015,244.0821,80482172.1
2/21/2015,244.1459,64143296.2
2/22/2015,235.553,74180476.07
2/23/2015,238.1319,61755698.93
2/24/2015,238.7314,58732103.48
2/25/2015,237.378,57584610.06
2/26/2015,236.1711558,44991044.51
2/27/2015,253.8991,137186494.7
2/28/2015,253.5991,85884430.31
3/1/2015,257.7075,58106060.44
3/2/2015,269.9615,93658288.67
3/3/2015,280.6242,128754965.9
3/4/2015,273.0193,119553920
3/5/2015,274.8255,98543018.35
3/6/2015,272.3413,74704492.04
3/7/2015,275.5846387,50059694.68
3/8/2015,274.578,45050575.23
3/9/2015,289.2957,111062141.1
3/10/2015,290.3057,129285347.5
3/11/2015,295.961,73794326.12
3/12/2015,293.9203,65277495.59
3/13/2015,288.0365,67739327.35
3/14/2015,281.4887,63244191.83
3/15/2015,285.2645,32203956.62
3/16/2015,290.0955,60818266.22
3/17/2015,284.3491,50540130.75
3/18/2015,255.6062,123648767.8
3/19/2015,260.0037,133194355.1
3/20/2015,260.9075,59404464.5
3/21/2015,259.4899,54148215.13
3/22/2015,267.7981,51503307.07
3/23/2015,266.0272,73040649.64
3/24/2015,245.1679,153991184.3
3/25/2015,246.2715,175875957.6
3/26/2015,247.5595,148675593.3
3/27/2015,247.1476,90325941.06
3/28/2015,252.0497,82125758.56
3/29/2015,241.9137,84472855.79
3/30/2015,246.5418,96641741.12
3/31/2015,243.2692,76545513.49
4/1/2015,246.7755,78230800.05
4/2/2015,252.341,95206093.36
4/3/2015,253.6227,94243302.29
4/4/2015,253.3213,63959131.2
4/5/2015,259.7118,82969308.75
4/6/2015,255.4233,83832524.04
4/7/2015,253.2085,88508043.43
4/8/2015,244.2709,106548662.3
4/9/2015,243.2006549,93749435.17
4/10/2015,234.5253,110710603.1
4/11/2015,236.4501,87634999.72
4/12/2015,235.7386,62271722.26
4/13/2015,223.9464,87796699.15
4/14/2015,217.9995,109539415.1
4/15/2015,223.0161,71588917.36
4/16/2015,227.9995,88471192.54
4/17/2015,222.4171383,101386584.1
4/18/2015,222.9537,70165374.02
4/19/2015,222.6812,58633108.41
4/20/2015,224.3086,63561423.22
4/21/2015,234.6867,80763824.95
4/22/2015,233.7807,72515582.87
4/23/2015,235.1735,55130032.4
4/24/2015,230.9863,73282646.19
4/25/2015,225.9568,58830426.89
4/26/2015,218.5065,96999963.63
4/27/2015,228.5712,95409417.49
4/28/2015,225.6423,71643965.12
4/29/2015,225.9978,56781693.78
4/30/2015,236.2208,103785827.3
5/1/2015,232.7403,74708330.71
5/2/2015,235.1563,61431426.39
5/3/2015,239.882,86630763.25
5/4/2015,238.9706,84138462.79
5/5/2015,236.0015,71871894.07
5/6/2015,229.8152,70623213.74
5/7/2015,236.845,74887945.16
5/8/2015,243.657,79882346.23
5/9/2015,241.5321,79529081.71
5/10/2015,239.5548,67810639.81
5/11/2015,241.8506,70787411.31
5/12/2015,241.5189,60882937.63
5/13/2015,235.4793,50100818.29
5/14/2015,236.704,56975125.5
5/15/2015,236.9908,39256136.3
5/16/2015,235.9781,26856157.04
5/17/2015,236.0847,24401603.48
5/18/2015,232.4757,33772801.86
5/19/2015,231.9446,31085021.51
5/20/2015,234.048,28778007.29
5/21/2015,235.4205,27373179.76
5/22/2015,240.9352,54518478.96
5/23/2015,239.0329941,47757592.66
5/24/2015,241.2417,29761665.98
5/25/2015,237.441,30834563.23
5/26/2015,237.4971,30268982.76
5/27/2015,237.2305,30728765.83
5/28/2015,237.4891,26801090.33
5/29/2015,237.0714,31108417.13
5/30/2015,233.4572,31403744.86
5/31/2015,229.6785,23353985.65
6/1/2015,223.3178,43602264.82
6/2/2015,225.7387,32062237.06
6/3/2015,225.4831,30472196.12
6/4/2015,224.1748,29003069.46
6/5/2015,224.7413,32252691.59
6/6/2015,225.2889,18238445.74
6/7/2015,223.6157,24133822.47
6/8/2015,228.7013,40449914.19
6/9/2015,229.5264,36746856.38
6/10/2015,229.0022,29194036.77
6/11/2015,229.9343,28833233.41
6/12/2015,230.5181,29722314.85
6/13/2015,232.6301,29012321.27
6/14/2015,233.6681,35303170.71
6/15/2015,237.2013,46839294.42
6/16/2015,250.4743,96364192.87
6/17/2015,247.6944,100630046.4
6/18/2015,248.552,67360540.68
6/19/2015,242.9967,60767655.66
6/20/2015,245.4754,55692672.67
6/21/2015,243.9959,26531885.05
6/22/2015,247.279,41166801.75
6/23/2015,243.8486,37387508.43
6/24/2015,240.5377,39616260.3
6/25/2015,242.4769,34244051.08
6/26/2015,242.4819,34005665.06
6/27/2015,250.621,49080095.22
6/28/2015,248.3451,40522516.66
6/29/2015,256.303874,73197757.01
6/30/2015,262.4063255,99893250.07
7/1/2015,257.5058,68104997.64
7/2/2015,254.6537509,52711167.63
7/3/2015,255.161,42339288.97
7/4/2015,260.415,42932957.08
7/5/2015,271.0401208,96139966.49
7/6/2015,268.595,111884711.2
7/7/2015,265.384452,64748934.31
7/8/2015,269.6130164,79366281.26
7/9/2015,268.8928,75940632.2
7/10/2015,285.0223,113799594.1
7/11/2015,291.8907432,114394387.2
7/12/2015,310.1915636,115546321.2
7/13/2015,290.6655,130058766.8
7/14/2015,286.6654,74446013.37
7/15/2015,283.9491881,52932167.7
7/16/2015,276.6801,97423601.54
7/17/2015,278.3728,60573486.78
7/18/2015,274.4839,52505422.18
7/19/2015,272.8061796,26896009.89
7/20/2015,277.2454,40729476.38
7/21/2015,274.9428877,43239135.23
7/22/2015,276.1756,43240737.35
7/23/2015,275.6135,34164576.52
7/24/2015,288.4447168,79396118.75
7/25/2015,288.3881586,54859994.56
7/26/2015,291.7037645,40248392.33
7/27/2015,292.6148,63540197.33
7/28/2015,293.9933,63623601.6
7/29/2015,288.7194991,52624701.47
7/30/2015,286.8366,43880110.29
7/31/2015,283.6760591,63971590.59
8/1/2015,280.7014,53533745.83
8/2/2015,281.7267,46165536.82
8/3/2015,281.8298708,41411646.71
8/4/2015,284.2393,48308760.91
8/5/2015,281.4010624,43424335.53
8/6/2015,278.0134,41914107.68
8/7/2015,278.5088138,47637462.17
8/8/2015,259.8007284,80056217
8/9/2015,264.3384834,67863178.91
8/10/2015,263.5782,60783290.22
8/11/2015,269.8668,64124893
8/12/2015,267.7126,73043602.39
8/13/2015,263.6558186,57163446.8
8/14/2015,265.1281,61280618.56
8/15/2015,260.4762323,38131976.87
8/16/2015,257.8158,55868003.65
8/17/2015,257.0634,51730292.4
8/18/2015,253.0766,49833133.8
8/19/2015,225.9602,143390129.3
8/20/2015,234.6379,99655604.53
8/21/2015,232.3324,62180213.61
8/22/2015,229.1488,102329840.3
8/23/2015,227.2454,72465770.67
8/24/2015,210.0943851,139379271.3
8/25/2015,221.3283,183422133
8/26/2015,225.2666,144278489.5
8/27/2015,222.9704,69900344.07
8/28/2015,231.6583,95134718.76
8/29/2015,228.4683,56654306.07
8/30/2015,228.0672,54615311.64
8/31/2015,230.0781,58032869.77
9/1/2015,227.1631,61479340.24
9/2/2015,228.6428,47781609.22
9/3/2015,226.5658,43765322.15
9/4/2015,230.0509,55274502.38
9/5/2015,234.7495,58712579.1
9/6/2015,239.1289,70113446.3
9/7/2015,240.503,50336412.98
9/8/2015,243.5587,67754768.56
9/9/2015,237.9452,55993048.12
9/10/2015,238.7763,48531118.88
9/11/2015,240.0007956,44294574.35
9/12/2015,234.9098,40541222.5
9/13/2015,230.5048,46253457.41
9/14/2015,230.21,52117340.61
9/15/2015,229.9118,58562863.2
9/16/2015,228.464,51089489.85
9/17/2015,232.746,54594105.83
9/18/2015,232.354,79606359.73
9/19/2015,231.2733,39022087.91
9/20/2015,230.6597,36477159.26
9/21/2015,226.4528,36795275.82
9/22/2015,229.8831,71785978.84
9/23/2015,229.8658,53526673.24
9/24/2015,233.9255,124125639.3
9/25/2015,234.9767,115435785.5
9/26/2015,234.5279,93607431.45
9/27/2015,232.8347,75776526.64
9/28/2015,239.2765,245683532.1
9/29/2015,237.2262,115160470.8
9/30/2015,236.0463,76056339.96
10/1/2015,237.7358,72356986.65
10/2/2015,237.2593,84448749.1
10/3/2015,238.9718,73353042.37
10/4/2015,238.6566,78899567.08
10/5/2015,240.3238,107434379.9
10/6/2015,246.444,135776679.8
10/7/2015,243.2229,121587412.8
10/8/2015,242.9008,97564224.99
10/9/2015,244.2051,109153977
10/10/2015,245.3209,89165069.7
10/11/2015,247.5392,79268221.72
10/12/2015,245.5661,108125413.6
10/13/2015,249.4051,164455688.1
10/14/2015,252.6956,321865165.9
10/15/2015,254.6295531,207297257.6
10/16/2015,262.3735,332398256.2
10/17/2015,270.3646,271593080.8
10/18/2015,262.2345,116712427.1
10/19/2015,264.2094,224715633.9
10/20/2015,270.2664,319017395.2
10/21/2015,267.0187,201630914.9
10/22/2015,273.573,229034925.7
10/23/2015,277.3884,130573069.8
10/24/2015,282.9566,168029249.4
10/25/2015,284.749,336860319.6
10/26/2015,285.5159,221583939.3
10/27/2015,294.8094,329397533.9
10/28/2015,303.6366,387209571.1
10/29/2015,313.9073,543163761.5
10/30/2015,325.8006,843340993.2
10/31/2015,312.2783,321997491.8
11/1/2015,324.9971,582434357.4
11/2/2015,350.7678,636690229
11/3/2015,398.2369,987283928.3
11/4/2015,404.3588,984425381.8
11/5/2015,387.473,913505444.8
11/6/2015,372.826,770242854.5
11/7/2015,387.06,462741972.5
11/8/2015,371.502,264157489.6
11/9/2015,380.644,420137368.4
11/10/2015,336.873,620473336.4
11/11/2015,305.983,572707252.5
11/12/2015,337.955,546923067.5
11/13/2015,337.372,414918018.1
11/14/2015,331.501,131135195.6
11/15/2015,320.484,237800138.7
11/16/2015,331.353,239442892.6
11/17/2015,335.111,236625919.3
11/18/2015,335.447,185981663.3
11/19/2015,325.568,206391901.3
11/20/2015,321.417,123560944.2
11/21/2015,325.159,199949522.2
11/22/2015,323.395,167053005.4
11/23/2015,322.829,188739479.4
11/24/2015,319.979,103800161.9
11/25/2015,328.169,714595229.5
11/26/2015,356.245,1237550808
11/27/2015,359.011,895711315.7
11/28/2015,356.212,667783121.8
11/29/2015,371.488,921927632.2
11/30/2015,378.265,1299027009
12/1/2015,363.45,523072117.5
12/2/2015,358.82,1153668372
12/3/2015,360.954,1149814390
12/4/2015,362.767,1039912870
12/5/2015,390.645,1426331736
12/6/2015,394.011,1512626610
12/7/2015,394.355,1282263557
12/8/2015,412.93,954462002.3
12/9/2015,417.368,1528970868
12/10/2015,416.91,1275837073
12/11/2015,452.415,1623480958
12/12/2015,434.903,1745413357
12/13/2015,435.815,1484344616
12/14/2015,443.277,1497157324
12/15/2015,464.999,1555251795
12/16/2015,453.914,896686369.8
12/17/2015,456.473,1302614351
12/18/2015,463.816,1135226734
12/19/2015,462.053,556941127
12/20/2015,441.129,1175787491
12/21/2015,437.809,1416880180
12/22/2015,436.237,1296402582
12/23/2015,442.821,955949147.6
12/24/2015,454.907,1418671442
12/25/2015,455.742,1058738142
12/26/2015,417.092,1725069506
12/27/2015,423.925,1378749291
12/28/2015,420.708,1310931885
12/29/2015,432.154,1176234727
12/30/2015,426.811,1227648166
12/31/2015,431.139,1310033275
1/1/2016,434.427,1338781511
1/2/2016,434.326,769869067.6
1/3/2016,430.198,984185979.6
1/4/2016,433.534,1021957723
1/5/2016,432.115,758209345.9
1/6/2016,431.343,833341869.3
1/7/2016,456.434,1637948558
1/8/2016,454.6963,1501742594
1/9/2016,448.709,1085553694
1/10/2016,447.207,1361099090
1/11/2016,448.349,1182725806
1/12/2016,445.792,888588584.8
1/13/2016,432.12,1584488641
1/14/2016,429.243,1266295629
1/15/2016,365.912,1576734614
1/16/2016,384.813,1710583688
1/17/2016,386.356,1476285801
1/18/2016,385.132,1357696059
1/19/2016,379.015,1157108221
1/20/2016,418.848,1674254290
1/21/2016,407.815,1484721462
1/22/2016,377.21,1626853796
1/23/2016,389.641,755378842.1
1/24/2016,403.056,1458284444
1/25/2016,392.326,1332190241
1/26/2016,392.456,1231352757
1/27/2016,394.491,1023661370
1/28/2016,379.552,1144817696
1/29/2016,378.912,1378222858
1/30/2016,376.921,926767404.4
1/31/2016,364.352,795209372.7
2/1/2016,371.041,1028395381
2/2/2016,372.868,669492000.7
2/3/2016,368.124,701511710.6
2/4/2016,388.376,1068491901
2/5/2016,385.733,1099201402
2/6/2016,374.905,979578026
2/7/2016,375.517,551083226.5
2/8/2016,371.136,542257471.1
2/9/2016,373.909,465479007.4
2/10/2016,379.829,814090887.7
2/11/2016,377.058,503979335.1
2/12/2016,382.72,658159244.5
2/13/2016,390.424,740171994.7
2/14/2016,404.144,1319015073
2/15/2016,399.379,1388195100
2/16/2016,407.013,1111797900
2/17/2016,416.85,1296165324
2/18/2016,421.422,1445224879
2/19/2016,419.377,601898504.3
2/20/2016,441.12,1385245440
2/21/2016,438.65,1506908217
2/22/2016,437.803,1166708341
2/23/2016,420.302,1465084347
2/24/2016,423.187,1457408416
2/25/2016,423.142,1416389937
2/26/2016,427.029,58325277.64
2/27/2016,432.139,595150632.4
2/28/2016,432.797,546124185.9
2/29/2016,436.919,1847224331
3/1/2016,431.371,2515777834
3/2/2016,424.485,2052408229
3/3/2016,420.171,2737847218
3/4/2016,409.408,2408874554
3/5/2016,397.241,2766255767
3/6/2016,404.912,2521764887
3/7/2016,413.74,2361080396
3/8/2016,411.877,1845168034
3/9/2016,412.319,1705210743
3/10/2016,416.292,2166212980
3/11/2016,419.299,2440375017
3/12/2016,410.801,2292018374
3/13/2016,412.495,1845648236
3/14/2016,414.585,1803876534
3/15/2016,415.641,2111129338
3/16/2016,416.544,1895643174
3/17/2016,418.4,1743173853
3/18/2016,408.28,2438769296
3/19/2016,406.739,1764836350
3/20/2016,411.882,1440329762
3/21/2016,411.091,2250456010
3/22/2016,416.36,2041042450
3/23/2016,418.076,1985257305
3/24/2016,414.883,2021330255
3/25/2016,415.743,1933831282
3/26/2016,416.715,1604214632
3/27/2016,425.349,2326287424
3/28/2016,422.756,2155194926
3/29/2016,415.547,2681866389
3/30/2016,412.597,2387281658
3/31/2016,415.366,1432304099
4/1/2016,416.754,447338223
4/2/2016,419.67,633704454
4/3/2016,418.185,429476810.4
4/4/2016,419.437,525611739.8
4/5/2016,422.651,541558101.3
4/6/2016,421.656,527136257.7
4/7/2016,421.076,593936633.5
4/8/2016,418.474,727873660.9
4/9/2016,416.145,791269617.3
4/10/2016,421.133,484836963.8
4/11/2016,422.584,710470936.9
4/12/2016,426.181,1182165394
4/13/2016,424.269,785800596
4/14/2016,424.932,616490737.8
4/15/2016,429.966,841700526.6
4/16/2016,430.941,743886906.6
4/17/2016,428.027,528907575.4
4/18/2016,428.506,549297574.3
4/19/2016,436.37,674540887.3
4/20/2016,441.916,1101674781
4/21/2016,451.083,1340299673
4/22/2016,447.488,1244399315
4/23/2016,451.818,835075482.7
4/24/2016,459.923,1609960187
4/25/2016,460.466,1607304204
4/26/2016,467.856,1278134939
4/27/2016,444.789,1344104894
4/28/2016,449.381,1497339511
4/29/2016,456.566,683291625.4
4/30/2016,447.903,577836728.9
5/1/2016,452.592,394606185.8
5/2/2016,444.488,679795242.4
5/3/2016,450.3,460396814.1
5/4/2016,447.119,430680620.3
5/5/2016,448.922,547921245.8
5/6/2016,461.62,892002595.4
5/7/2016,459.248,418352341.3
5/8/2016,459.283,640880145.1
5/9/2016,461.747,892533004.2
5/10/2016,450.326,1121093827
5/11/2016,452.179,672525013.6
5/12/2016,454.731,697010377.1
5/13/2016,456.007,489812072.4
5/14/2016,455.503,540603400.5
5/15/2016,457.837,514727783.6
5/16/2016,454.893,649625052.5
5/17/2016,452.422,456208618.6
5/18/2016,453.371,382814029.9
5/19/2016,440.539,626926267.8
5/20/2016,441.888,644225134.7
5/21/2016,443.147,382669886.1
5/22/2016,438.675,369986913.4
5/23/2016,443.175,378979422.1
5/24/2016,445.769,423917608.1
5/25/2016,449.055,593928754.6
5/26/2016,453.732,772901620.2
5/27/2016,473.864,1609915744
5/28/2016,528.545,2308852892
5/29/2016,524.624,2265760455
5/30/2016,534.224,1027238918
5/31/2016,531.407,976889071.5
6/1/2016,539.168,864207752.9
6/2/2016,538.832,655601895.7
6/3/2016,570.445,947549857.4
6/4/2016,573.526,1014758654
6/5/2016,574.4756747,980649173.4
6/6/2016,585.563,850291006.7
6/7/2016,577.9106943,995595870
6/8/2016,583.139,625927307.7
6/9/2016,577.607,570784842.2
6/10/2016,579.2276479,574507838.3
6/11/2016,597.746562,567638086.3
6/12/2016,671.7122785,2134843167
6/13/2016,704.2918522,1929369214
6/14/2016,685.9321316,1295617504
6/15/2016,693.227,1111645976
6/16/2016,765.463,2295279423
6/17/2016,749.419,2089119189
6/18/2016,756.7996013,1639977543
6/19/2016,764.046,1440147059
6/20/2016,734.1617358,1274257071
6/21/2016,664.9965294,2616450205
6/22/2016,591.895,2116429838
6/23/2016,623.2062564,2950728709
6/24/2016,661.4166052,2819565197
6/25/2016,666.0566979,2165368589
6/26/2016,629.306,1973414930
6/27/2016,648.3,1893446211
6/28/2016,646.843,1557753995
6/29/2016,637.437,1478192306
6/30/2016,671.616,1557452115
7/1/2016,677.71,1520646626
7/2/2016,693.047,1369565986
7/3/2016,664.7451003,1980745475
7/4/2016,678.7005717,1647219063
7/5/2016,667.530518,1363651289
7/6/2016,675.919,1193299158
7/7/2016,638.62,2122556833
7/8/2016,665.7445063,1407424927
7/9/2016,653.8705125,1734638027
7/10/2016,650.321,1043956725
7/11/2016,649.07,969355597.1
7/12/2016,670.948,1085661832
7/13/2016,658.15,930971250.7
7/14/2016,659.576,907126119.1
7/15/2016,665.6869915,915530669.9
7/16/2016,663.501,583921220
7/17/2016,678.3905582,878701509.4
7/18/2016,674.7874378,951136968
7/19/2016,674.557389,721148317.7
7/20/2016,670.8934741,718486386.1
7/21/2016,665.3643845,651736587.5
7/22/2016,651.09,744993482.4
7/23/2016,655.423,749951409.5
7/24/2016,660.8489235,628152931.6
7/25/2016,654.5186383,571897923.7
7/26/2016,651.31,704328935.7
7/27/2016,655.6182633,701731382.9
7/28/2016,655.8904302,590272472.8
7/29/2016,657.3423792,498459288.3
7/30/2016,654.5489803,381261251.2
7/31/2016,623.7457713,1034681070
8/1/2016,605.747,1099193369
8/2/2016,517.1349294,1868906087
8/3/2016,567.3810616,2497221231
8/4/2016,576.6037067,1656264327
8/5/2016,576.0338,730357921.5
8/6/2016,587.635,781499291.6
8/7/2016,592.6675,1119146427
8/8/2016,590.7125,732938493.5
8/9/2016,585.3025,764158462.5
8/10/2016,592.2668433,787203551.1
8/11/2016,587.6138,332761748.9
8/12/2016,586.53,332148000.2
8/13/2016,584.4688683,528917329.6
8/14/2016,570.7367,800709328
8/15/2016,567.7342837,689576137.5
8/16/2016,578.2231511,665471810.7
8/17/2016,571.461915,509828615.1
8/18/2016,572.2684198,448162729.7
8/19/2016,573.4919907,404401760.6
8/20/2016,581.9462731,449090940.6
8/21/2016,580.5870271,397848571.1
8/22/2016,585.2175,391991120.3
8/23/2016,582.0038,602216568.7
8/24/2016,577.8880532,366732500.4
8/25/2016,576.1163,401309291
8/26/2016,578.1038,338221514.6
8/27/2016,568.575,445311513.4
8/28/2016,573.5288,339737295.9
8/29/2016,572.5102284,381390186.6
8/30/2016,576.08,414583282.4
8/31/2016,571.7582827,335483654.4
9/1/2016,571.59,356532608.3
9/2/2016,573.9625,378500484.5
9/3/2016,596.195,561496914.8
9/4/2016,608.6888,884434073.9
9/5/2016,606.6438,618185193
9/6/2016,610.6838,560341026.7
9/7/2016,614.3264886,597124132.7
9/8/2016,625.4675,1600702239
9/9/2016,621.9125,850137524.8
9/10/2016,623.0588,586796232.5
9/11/2016,605.3154152,1228662231
9/12/2016,605.8312052,973866198.7
9/13/2016,606.645,699782155.3
9/14/2016,608.425,619105286
9/15/2016,605.5838,549080254.7
9/16/2016,606.5533659,546585886.1
9/17/2016,605.3438,531090439.8
9/18/2016,608.795,1306045902
9/19/2016,608.6176343,1272958790
9/20/2016,607.7688126,953214316.4
9/21/2016,595.8402492,1589139471
9/22/2016,594.9588,994983745.5
9/23/2016,601.8925,1471656057
9/24/2016,601.2725,1136053862
9/25/2016,599.3113,1074112053
9/26/2016,606.0970645,1917754354
9/27/2016,604.2075,1448434854
9/28/2016,603.555,1023325385
9/29/2016,604.6375,1291135796
9/30/2016,608.2575,1177411408
10/1/2016,614.0598845,1673872374
10/2/2016,610.3588,1018352267
10/3/2016,611.9609027,767820467
10/4/2016,609.2425,817050996.3
10/5/2016,611.6363,915039145.9
10/6/2016,610.98,714618920.4
10/7/2016,616.2188,1104537956
10/8/2016,616.5338,793016113.8
10/9/2016,614.6238,901840112.4
10/10/2016,614.3138,1274169413
10/11/2016,640.7,2996984110
10/12/2016,635.6163,2475619341
10/13/2016,634.6223388,2099764691
10/14/2016,638.18,1671558094
10/15/2016,637.2088,1644480562
10/16/2016,640.1863,1454057375
10/17/2016,637.4825,1187159913
10/18/2016,635.465,2024277148
10/19/2016,628.4375,1955775380
10/20/2016,628.5425,1803186001
10/21/2016,629.7188,1283400177
10/22/2016,652.0875,3522949283
10/23/2016,649.6263,3643525163
10/24/2016,648.7663,3212766801
10/25/2016,652.6338,2499429907
10/26/2016,673.4175,4850797703
10/27/2016,683.3725,5041475157
10/28/2016,687.5588,5069538566
10/29/2016,715.4103243,6838400543
10/30/2016,697.2773625,5824289996
10/31/2016,698.5763,6861251336
11/1/2016,729.205,5882440879
11/2/2016,734.1638,4549460043
11/3/2016,686.0613,10469111039
11/4/2016,702.11,5929334121
11/5/2016,704.0225,2146200088
11/6/2016,712.1263,2676516224
11/7/2016,706.0925,3299753094
11/8/2016,708.94,3071821253
11/9/2016,721.1775,4364284008
11/10/2016,713.2141433,3237455966
11/11/2016,715.6425,3576474208
11/12/2016,703.76,6291883754
11/13/2016,702.346317,3720281493
11/14/2016,705.55,5335752435
11/15/2016,712.1588998,7530105089
11/16/2016,740.8993549,9936150861
11/17/2016,738.48,5475859343
11/18/2016,748.4263,3987706065
11/19/2016,750.4100481,3235133019
11/20/2016,728.3713,5039283040
11/21/2016,736.505,3192815797
11/22/2016,748.1225,3267220914
11/23/2016,741.1662465,3775381683
11/24/2016,736.7486937,3798900330
11/25/2016,738.2039432,2481664642
11/26/2016,732.7338,2391921659
11/27/2016,727.7575,2688074106
11/28/2016,731.8424614,2451726074
11/29/2016,731.81,1904325476
11/30/2016,742.3588,4489070915
12/1/2016,753.055,5522487160
12/2/2016,771.1713,4613958358
12/3/2016,764.8338233,2869024714
12/4/2016,766.3688,3517012112
12/5/2016,752.24,3552862905
12/6/2016,758.6925,3256985152
12/7/2016,763.915,2603948961
12/8/2016,768.675,2683311953
12/9/2016,769.8413,3111825855
12/10/2016,773.1262934,6551233316
12/11/2016,768.2325,5508375144
12/12/2016,778.4323012,6313690794
12/13/2016,778.215,2821130580
12/14/2016,775.8913,1558761071
12/15/2016,775.5725,1345904094
12/16/2016,781.3375,1764681181
12/17/2016,788.8775,1759607152
12/18/2016,788.4413,1469513205
12/19/2016,790.1163,1102832367
12/20/2016,799.7213,1894271980
12/21/2016,826.6207679,6050784066
12/22/2016,859.3663,7952522425
12/23/2016,917.0988,5647399306
12/24/2016,891.6813,4642138992
12/25/2016,894.3371332,4022250326
12/26/2016,902.6063,4809313198
12/27/2016,929.115,4597863955
12/28/2016,977.14,4906008702
12/29/2016,971.7213,3796961161
12/30/2016,960.925,4380999912
12/31/2016,966.5689709,3381572989
1/1/2017,998.05,3470830330
1/2/2017,1019.1988,4444828109
1/3/2017,1035.5313,4399421327
1/4/2017,1130.849516,8705359110
1/5/2017,990.6675,12102750397
1/6/2017,894.0325,10713248032
1/7/2017,900.0788,7496626398
1/8/2017,908.085,4735054808
1/9/2017,901.878888,4072687735
1/10/2017,905.7594627,3216810929
1/11/2017,784.2775,5258603516
1/12/2017,799.4275,3344901198
1/13/2017,824.4988,1860269657
1/14/2017,817.825,1204479772
1/15/2017,821.9125,923896735.4
1/16/2017,828.31,831361487.5
1/17/2017,904.1525,1316827457
1/18/2017,873.935,1147970282
1/19/2017,896.89,875858520.4
1/20/2017,891.4588,613796288.1
1/21/2017,919.6775,683491208.3
1/22/2017,918.778812,830201798.2
1/23/2017,918.9075,467022882.9
1/24/2017,885.7888,378666162.6
1/25/2017,893.4738,381951425.9
1/26/2017,915.36,58349366.78
1/27/2017,918.2875,49029317.21
1/28/2017,920.245,21882209.49
1/29/2017,914.1425,20288320.82
1/30/2017,920.9911459,30166025.4
1/31/2017,968.2663,101775253.2
2/1/2017,986.5728903,92784081.55
2/2/2017,1008.403318,93269627.17
2/3/2017,1015.4425,138411478.2
2/4/2017,1033.63,99014097.14
2/5/2017,1016.926159,75284571.16
2/6/2017,1024.511089,73413586.5
2/7/2017,1051.5,89525304.92
2/8/2017,1055.3013,164316931.4
2/9/2017,981.705,333977588.2
2/10/2017,992.1113,155061226.9
2/11/2017,1010.9463,61189139.08
2/12/2017,1000.523769,36448049.45
2/13/2017,996.1039359,75754126.52
2/14/2017,1010.102162,79285701.7
2/15/2017,1008.8813,38397960.04
2/16/2017,1034.9038,66797083.39
2/17/2017,1056.558091,93994063.11
2/18/2017,1058.580931,55001149.21
2/19/2017,1053.5025,37478366.7
2/20/2017,1082.016823,55971656.68
2/21/2017,1125.408815,157173668.2
2/22/2017,1123.305,99272532.8
2/23/2017,1185.654785,132273779.1
2/24/2017,1180.871,303444815.4
2/25/2017,1149.403678,118187068.1
2/26/2017,1180.673,89353606.54
2/27/2017,1193.129515,87503104.9
2/28/2017,1190.331,139855221.8
3/1/2017,1227.477149,105587214.8
3/2/2017,1262.081,174318244.9
3/3/2017,1289.540612,152484577.4
3/4/2017,1268.814532,121628868
3/5/2017,1276.233,62090177.88
3/6/2017,1280.986,65232264.87
3/7/2017,1233.056508,213974224.5
3/8/2017,1149.631,248575333.4
3/9/2017,1191.236722,149501332.4
3/10/2017,1100.01059,417086882.9
3/11/2017,1181.204123,169071412.5
3/12/2017,1230.56,104613431.4
3/13/2017,1243.264922,131403644.1
3/14/2017,1246.556739,86807305.13
3/15/2017,1258.457,72763975.29
3/16/2017,1217.314541,137592935.4
3/17/2017,1074.09387,283988947.7
3/18/2017,961.962,342885275
3/19/2017,1023.490101,177388243.2
3/20/2017,1036.332012,101975751.4
3/21/2017,1112.701532,150015664.6
3/22/2017,1039.840173,188848065.4
3/23/2017,1029.139414,82048831.98
3/24/2017,940.0206266,161801850.3
3/25/2017,965.2650627,190451071.3
3/26/2017,954.47666,130490540.4
3/27/2017,1042.605073,138288339
3/28/2017,1044.722,127643560.3
3/29/2017,1038.617198,121169066.5
3/30/2017,1031.492906,102438849.9
3/31/2017,1078.274711,133287124.4
4/1/2017,1085.253,87750426.9
4/2/2017,1098.068,80231506.35
4/3/2017,1139.308275,131765236
4/4/2017,1140.49759,108222974.3
4/5/2017,1132.339905,87439620.02
4/6/2017,1194.211,128309277.2
4/7/2017,1189.775124,90840184.05
4/8/2017,1182.271,43899666.21
4/9/2017,1187.699,41151425.52
4/10/2017,1210.515,76050218.06
4/11/2017,1226.618,78899688.76
4/12/2017,1218.299,83573376.82
4/13/2017,1174.209,131395672.1
4/14/2017,1183.687,92892227.9
4/15/2017,1180.323,53325277
4/16/2017,1186.31,36294382.38
4/17/2017,1205.143,83379623.41
4/18/2017,1217.58,85025813.9
4/19/2017,1225.721,71343829.94
4/20/2017,1253.904,112476255.6
4/21/2017,1254.9875,91517340.72
4/22/2017,1249.67,84061246.82
4/23/2017,1247.8388,84420564.21
4/24/2017,1249.9563,70514448.3
4/25/2017,1263.045,93017240.9
4/26/2017,1287.32,121914930.8
4/27/2017,1331.3125,134993633.4
4/28/2017,1321.205,161417797.4
4/29/2017,1327.6863,86320647.34
4/30/2017,1349.8863,86247238.96
5/1/2017,1408.445,217759983.7
5/2/2017,1442.245,189160669.7
5/3/2017,1485.8175,206154588.9
5/4/2017,1499.36,335017412.6
5/5/2017,1506.0438,324314593
5/6/2017,1547.815,135507234.1
5/7/2017,1557.8838,149859388.4
5/8/2017,1633.38,276144904.9
5/9/2017,1700.1775,383922543.3
5/10/2017,1747.3175,288565639.4
5/11/2017,1808.7788,313353159.7
5/12/2017,1700.7725,248020430.2
5/13/2017,1751.73,246696636.6
5/14/2017,1767.7088,124978733
5/15/2017,1696.13,231039670.3
5/16/2017,1716.315,218205145.7
5/17/2017,1804.4513,271656160.4
5/18/2017,1889.4088,230137778.8
5/19/2017,1972.9013,279848678.1
5/20/2017,2043.42,274198303.3
5/21/2017,2053.8788,264478153.8
5/22/2017,2109.3963,580030832.8
5/23/2017,2292.7025,389402023.7
5/24/2017,2448.1313,555024432.8
5/25/2017,2366.9725,889791512.3
5/26/2017,2262.36,716011544
5/27/2017,2082.845,683119789.1
5/28/2017,2219.4875,401864331.3
5/29/2017,2286.2663,312368211.9
5/30/2017,2167.6438,335746190.7
5/31/2017,2329.0775,416350458.7
6/1/2017,2436.0363,438586633.5
6/2/2017,2514.2275,292795886.9
6/3/2017,2562.54,304803966.2
6/4/2017,2556.405,254469613.9
6/5/2017,2721.5525,334411829.5
6/6/2017,2903.4438,1211604496
6/7/2017,2716.0588,717931660.8
6/8/2017,2824.2038,580940070.4
6/9/2017,2817.0638,393210044.7
6/10/2017,2937.4538,354694237.4
6/11/2017,3013.7138,350197483.3
6/12/2017,2701.255,792436484.8
6/13/2017,2736.1888,410084483.7
6/14/2017,2503.401273,565476421.8
6/15/2017,2444.493712,845674827.7
6/16/2017,2513.810348,404682134.6
6/17/2017,2683.571344,386716359.4
6/18/2017,2577.219361,320439362.7
6/19/2017,2620.136451,307738404.8
6/20/2017,2777.792656,461719561.5
6/21/2017,2717.003108,447106675.8
6/22/2017,2724.912213,273815444.5
6/23/2017,2737.746231,187781433.4
6/24/2017,2618.416736,314564252.6
6/25/2017,2606.863235,320081172
6/26/2017,2488.194163,540038332.5
6/27/2017,2531.348999,518735269.2
6/28/2017,2575.43777,351206317.8
6/29/2017,2561.681435,239853090.8
6/30/2017,2490.753488,210111037.8
7/1/2017,2439.82056,207555417.5
7/2/2017,2518.545694,226784228.6
7/3/2017,2576.714657,304599469.9
7/4/2017,2610.997575,274900590.6
7/5/2017,2607.219302,238310795.5
7/6/2017,2612.670428,175365965
7/7/2017,2509.21821,260711000.7
7/8/2017,2563.195514,178182801.7
7/9/2017,2519.217392,117876420.6
7/10/2017,2363.515682,387541497.1
7/11/2017,2353.910661,420715282.4
7/12/2017,2387.328912,314834432.8
7/13/2017,2364.321266,233041527.7
7/14/2017,2228.728791,320113442
7/15/2017,2033.291088,463942211.4
7/16/2017,1927.099066,480771847.6
7/17/2017,2181.286081,495170862.9
7/18/2017,2303.889355,729320057.5
7/19/2017,2274.621365,577643323.8
7/20/2017,2766.825119,1277986818
7/21/2017,2658.074912,856653849.5
7/22/2017,2802.347887,631346052.4
7/23/2017,2731.604007,532874222.8
7/24/2017,2751.34707,356970178.1
7/25/2017,2563.747895,793382308.1
7/26/2017,2507.389685,583046427.1
7/27/2017,2649.441201,438390969.6
7/28/2017,2798.829313,1248796319
7/29/2017,2720.102263,862355190.6
7/30/2017,2740.323592,373175816.2
7/31/2017,2871.368015,438125892.5
8/1/2017,2737.763792,745400937.1
8/2/2017,2697.850902,412594211
8/3/2017,2777.367994,339104668.2
8/4/2017,2845.897162,368080367.5
8/5/2017,3237.070695,1066264902
8/6/2017,3189.732453,489419318.3
8/7/2017,3356.709738,695546889.1
8/8/2017,3410.45008,803019985.2
8/9/2017,3330.897825,638922625.1
8/10/2017,3367.905387,424604065.3
8/11/2017,3562.587663,641330314.4
8/12/2017,3800.140625,988460078.2
8/13/2017,4023.254522,1549520790
8/14/2017,4175.695291,1089626077
8/15/2017,4149.308759,1908427436
8/16/2017,4262.558791,1755705435
8/17/2017,4286.917435,1774245121
8/18/2017,4097.685802,1515069152
8/19/2017,4115.211988,1710080500
8/20/2017,4001.228632,551798952
8/21/2017,3935.229933,712634899.4
8/22/2017,4008.416685,1402352817
8/23/2017,4069.080239,801748251
8/24/2017,4167.289177,686855777.3
8/25/2017,4199.892032,689332055.1
8/26/2017,4123.513371,401970264.2
8/27/2017,4116.468739,348607397.4
8/28/2017,4216.242773,652038444.5
8/29/2017,4394.063436,864725915.1
8/30/2017,4553.806527,674336659.5
8/31/2017,4702.938163,675647444.7
9/1/2017,4863.193049,909131411.6
9/2/2017,4556.597777,1475097323
9/3/2017,4632.462331,1007165501
9/4/2017,4317.185188,1554585274
9/5/2017,4447.875592,1626968193
9/6/2017,4592.250278,1060025862
9/7/2017,4584.820275,669892692.7
9/8/2017,4285.207939,1477975498
9/9/2017,4245.607341,787822375.7
9/10/2017,4132.664642,997139675.4
9/11/2017,4164.976212,771493043.4
9/12/2017,4130.956285,1062536774
9/13/2017,3883.652001,1545425745
9/14/2017,3100.668155,1950938472
9/15/2017,3587.943122,3308099534
9/16/2017,3606.275197,1399781741
9/17/2017,3553.432316,846880197.9
9/18/2017,4012.285825,1282809663
9/19/2017,3898.934732,942656241.4
9/20/2017,3858.020951,676074373.2
9/21/2017,3628.058588,913652257.3
9/22/2017,3622.183039,767837732.8
9/23/2017,3763.411406,578068211.8
9/24/2017,3672.30508,429544014.4
9/25/2017,3866.705153,800311260.8
9/26/2017,3852.935205,544391497.6
9/27/2017,4134.212415,936452128.6
9/28/2017,4134.884951,852500405.4
9/29/2017,4130.415246,829225349.4
9/30/2017,4297.79117,720251083
10/1/2017,4347.578735,682387248.1
10/2/2017,4383.325497,738468959
10/3/2017,4319.069212,760685985.7
10/4/2017,4231.464187,573368922.9
10/5/2017,4290.380404,713160614.1
10/6/2017,4347.54724,623863525.1
10/7/2017,4405.016201,468192424.4
10/8/2017,4562.321931,771225396.3
10/9/2017,4758.72165,1128809803
10/10/2017,4769.477347,1134289150
10/11/2017,4807.925895,836737765.8
10/12/2017,5331.619302,2084912155
10/13/2017,5610.493162,3174154333
10/14/2017,5679.216222,2311782992
10/15/2017,5684.047104,1665374311
10/16/2017,5728.932751,1060235880
10/17/2017,5643.859077,1106795867
10/18/2017,5592.782224,2100240730
10/19/2017,5696.380141,1229468606
10/20/2017,5952.771359,1843078157
10/21/2017,6043.966731,1763987337
10/22/2017,6003.464019,1799855390
10/23/2017,5959.983041,2039339671
10/24/2017,5550.081585,2240037527
10/25/2017,5704.874807,1621897626
10/26/2017,5883.053184,1501048614
10/27/2017,5775.516665,1332315431
10/28/2017,5734.307454,892992277.1
10/29/2017,6123.549771,1942980853
10/30/2017,6104.388709,1307795535
10/31/2017,6368.651641,1800486324
11/1/2017,6714.788987,2095690343
11/2/2017,7059.793861,4363333286
11/3/2017,7234.738382,2826731065
11/4/2017,7390.535227,2043449643
11/5/2017,7416.267951,1942850009
11/6/2017,7103.046081,2653734035
11/7/2017,7166.741372,1829995407
11/8/2017,7461.824435,3478638875
11/9/2017,7186.292775,2330693501
11/10/2017,6656.839694,3886426126
11/11/2017,6365.397852,3148369501
11/12/2017,5866.513129,6001017947
11/13/2017,6423.091402,4636291556
11/14/2017,6652.21678,1824550615
11/15/2017,7297.668836,2935591360
11/16/2017,7814.944404,3413089663
11/17/2017,7783.542465,3245859431
11/18/2017,7827.631469,2227536660
11/19/2017,8011.14743,1572771189
11/20/2017,8220.509966,1706394366
11/21/2017,8114.13368,2901936853
11/22/2017,8257.123895,1528137247
11/23/2017,8117.664348,1550586715
11/24/2017,8278.128436,2135298893
11/25/2017,8743.159378,2124257199
11/26/2017,9342.988641,3493015607
11/27/2017,9831.40293,3629754500
11/28/2017,10257.06742,3453118782
11/29/2017,9875.892308,10258439068
11/30/2017,10406.18772,7443964833
12/1/2017,10995.72355,5021611420
12/2/2017,11162.54503,3178820955
12/3/2017,11256.70183,5761492456
12/4/2017,11634.98496,3216349724
12/5/2017,12174.25374,3131952574
12/6/2017,13876.47358,5086411370
12/7/2017,18491.18155,16482921408
12/8/2017,16908.00495,24144297784
12/9/2017,15266.42639,7307194000
12/10/2017,15808.5099,10474626173
12/11/2017,17106.50515,7710546750
12/12/2017,17249.92021,4686094940
12/13/2017,16525.04449,4407769522
12/14/2017,16865.36166,4117594354
12/15/2017,17978.63056,6146229229
12/16/2017,19665.39493,5116192713
12/17/2017,19423.58015,4251128480
12/18/2017,19188.05396,5411492205
12/19/2017,18174.18676,6141309845
12/20/2017,17059.88835,7509260354
12/21/2017,16355.23823,5580926437
12/22/2017,14084.82493,12164204097
12/23/2017,15241.91647,5076754666
12/24/2017,14451.11455,4129411908
12/25/2017,14302.75371,2485439207
12/26/2017,16616.68206,4255570626
12/27/2017,16373.08108,4950722889
12/28/2017,15067.8995,5266566468
12/29/2017,15096.55944,3753038184
12/30/2017,13620.36187,3600481281
12/31/2017,14839.59079,2921202870
1/1/2018,14093.60683,2345478674
1/2/2018,15321.93285,4130217904
1/3/2018,15583.88554,3310355625
1/4/2018,15976.36519,4217387188
1/5/2018,18336.92298,6275687596
1/6/2018,18343.66249,4240919831
1/7/2018,17039.87391,3044989247
1/8/2018,15900.36502,5752981090
1/9/2018,15604.72341,4214092202
1/10/2018,15509.27013,4969472883
1/11/2018,14050.56961,5833888113
1/12/2018,14759.29463,4021952803
1/13/2018,15193.3149,3134247725
1/14/2018,14476.58897,3336056551
1/15/2018,14411.99771,3222958351
1/16/2018,11723.91352,9677283153
1/17/2018,11415.39284,10225958521
1/18/2018,11569.42499,6558304864
1/19/2018,11758.46933,4208563477
1/20/2018,13260.27119,4520485016
1/21/2018,11703.50486,4319501969
1/22/2018,10991.59501,5012581424
1/23/2018,10894.00091,4779406611
1/24/2018,11277.11597,3582338296
1/25/2018,11225.25446,3204496193
1/26/2018,11044.90724,4616389063
1/27/2018,11456.21351,2894314081
1/28/2018,11665.69693,2682886341
1/29/2018,11157.66389,2345235501
1/30/2018,11095.21069,2321424680
1/31/2018,9989.689777,3804947187
2/1/2018,10114.49509,3225562145
2/2/2018,9070.555449,4769515274
2/3/2018,8830.16351,6813550017
2/4/2018,8994.914866,3422042095
2/5/2018,8315.517491,3337096341
2/6/2018,6852.052701,5313588643
2/7/2018,7711.220329,9152685413
2/8/2018,7611.610278,4862232217
2/9/2018,8208.572084,3190753947
2/10/2018,8650.71675,2960039949
2/11/2018,8574.677638,3371677738
2/12/2018,8168.63778,2806997177
2/13/2018,8911.398574,3069219871
2/14/2018,8518.269076,2551515988
2/15/2018,9428.025607,3282094241
2/16/2018,10112.58014,4332356646
2/17/2018,10155.27706,3141038601
2/18/2018,11006.64769,3699819140
2/19/2018,10523.42931,4740378627
2/20/2018,11103.09004,3486171705
2/21/2018,11502.37705,4225354045
2/22/2018,10637.85068,
2/22/2018,9973.59212,4574800113
2/23/2018,10032.86311,4626064156
2/24/2018,10301.88361,4009462976
2/25/2018,9742.62819,3465387502
2/26/2018,9699.517182,2743650278
2/27/2018,10355.57813,3646748812
2/28/2018,10709.38843,3398119467
3/1/2018,10346.66493,3182259829
3/2/2018,10859.55219,2892166041
3/3/2018,11098.07581,3031487197
3/4/2018,11356.0416,3019436740
3/5/2018,11286.67629,2580256309
3/6/2018,11526.42093,2693945511
3/7/2018,10727.71625,3618749299
3/8/2018,9999.682486,4896773758
3/9/2018,9420.85489,4028135944
3/10/2018,9276.33759,5476476289
3/11/2018,8890.865804,3260891796
3/12/2018,9512.456113,3876612722
3/13/2018,9232.70588,4019736167
3/14/2018,9216.530976,3628990704
3/15/2018,8307.223386,4020163253
3/16/2018,8359.365283,4571407140
3/17/2018,8520.008159,3070872383
3/18/2018,8063.409792,2591898944
3/19/2018,8217.8422,4330642348
3/20/2018,8640.52143,4276409100
3/21/2018,8926.820496,3554700592
3/22/2018,8970.317906,3081152046
3/23/2018,8736.385769,2931676660
3/24/2018,8824.592832,2877067842
3/25/2018,8621.150792,2444371384
3/26/2018,8478.638196,2066020545
3/27/2018,8186.196063,2972024163
3/28/2018,7836.763044,2653185409
3/29/2018,7930.779541,2033730317
3/30/2018,7126.895193,3680239216
3/31/2018,6897.268578,4264255595
4/1/2018,6975.275314,2565052340
4/2/2018,6836.572327,2649647152
4/3/2018,7080.417232,2253363912
4/4/2018,7464.356094,2762080503
4/5/2018,6845.315978,2544238382
4/6/2018,6855.422305,2568972346
4/7/2018,6628.754456,1840465006
4/8/2018,6884.477235,1856418406
4/9/2018,6984.808966,1413593787
4/10/2018,6778.49157,2437632634
4/11/2018,6829.316504,1550558592
4/12/2018,6925.101995,1586992258
4/13/2018,7836.396994,4980342880
4/14/2018,7845.75284,3910297535
4/15/2018,7897.719931,2294693915
4/16/2018,8258.067084,2350690711
4/17/2018,8030.999262,2754142166
4/18/2018,7873.63551,2491337660
4/19/2018,8097.418233,2326968646
4/20/2018,8277.460639,2422027692
4/21/2018,8499.450009,2961030105
4/22/2018,8878.42826,3214807963
4/23/2018,8769.011999,2503340750
4/24/2018,8881.391704,2205498227
4/25/2018,9716.489757,4398198651
4/26/2018,8825.2025,5523433548
4/27/2018,9221.868026,3847600030
4/28/2018,8940.381122,2839339949
4/29/2018,9249.659525,3006508148
4/30/2018,9325.628851,2827554754
5/1/2018,9198.18951,2508704421
5/2/2018,9024.387512,2661071473
5/3/2018,9122.653014,2179558786
5/4/2018,9551.135184,1228125378
5/5/2018,9634.538226,2695999384
5/6/2018,9766.244485,2617990804
5/7/2018,9583.871746,2626417557
5/8/2018,9308.265026,2767085706
5/9/2018,9149.517833,2455200522
5/10/2018,9248.960396,2363841215
5/11/2018,8969.940376,2359598426
5/12/2018,8405.560563,3726075355
5/13/2018,8480.580376,2995955137
5/14/2018,8683.986203,2283320840
5/15/2018,8696.974004,3143239504
5/16/2018,8473.348649,2586241490
5/17/2018,8343.125222,2772906142
5/18/2018,8056.053192,2173653717
5/19/2018,8202.82541,2127912775
5/20/2018,8180.62701,1672351903
5/21/2018,8443.260246,1660868681
5/22/2018,8354.996336,1711697912
5/23/2018,8009.299507,1895031387
5/24/2018,7556.316043,2777184893
5/25/2018,7563.435465,2602938657
5/26/2018,7472.022602,1959178260
5/27/2018,7328.871674,1289488237
5/28/2018,7326.64394,1247227035
5/29/2018,7111.068925,1770692328
5/30/2018,7451.230837,2224251684
5/31/2018,7380.851558,1772428208
6/1/2018,7460.16695,1714862985
6/2/2018,7487.076305,1637953743
6/3/2018,7567.512938,1531230054
6/4/2018,7639.879446,1432775394
6/5/2018,7463.654996,1643488925
6/6/2018,7569.01134,1754013550
6/7/2018,7605.578489,1562705992
6/8/2018,7613.777393,1459894514
6/9/2018,7561.166101,1362045102
6/10/2018,7415.001379,1102262799
6/11/2018,6767.499485,2788497501
6/12/2018,6880.133649,1973448736
6/13/2018,6581.828075,2060764063
6/14/2018,6334.098906,2571112868
6/15/2018,6644.72068,2354179149
6/16/2018,6406.80705,1740752642
6/17/2018,6478.815924,1306649276
6/18/2018,6418.850002,1120785833
6/19/2018,6677.533403,1750367371
6/20/2018,6708.68182,1649449915
6/21/2018,6714.375461,1626421446
6/22/2018,6690.832152,1400178396
6/23/2018,6088.579442,2932411240
6/24/2018,6169.437264,1635692583
6/25/2018,6159.707194,2452039492
6/26/2018,6241.848712,4326984848
6/27/2018,6069.872606,3248018160
6/28/2018,6117.03641,2057221708
6/29/2018,5879.988974,1928320709
6/30/2018,6182.256748,2341618860
7/1/2018,6366.499468,2086842502
7/2/2018,6312.877243,2601785822
7/3/2018,6595.547313,3392521918
7/4/2018,6497.607355,3013786719
7/5/2018,6562.721737,3111969366
7/6/2018,6537.740872,3315114738
7/7/2018,6603.294704,4742128038
7/8/2018,6759.836089,6047929423
7/9/2018,6700.635479,5015170530
7/10/2018,6648.256796,5246420831
7/11/2018,6303.380665,4358427108
7/12/2018,6373.234805,3969169304
7/13/2018,6230.590197,3534743492
7/14/2018,6248.397313,3951261053
7/15/2018,6246.137412,3709146623
7/16/2018,6349.695837,2857367440
7/17/2018,6741.69196,4559363479
7/18/2018,7303.37306,6194130741
7/19/2018,7334.771372,4843025305
7/20/2018,7442.800739,4107857511
7/21/2018,7331.871523,3727831731
7/22/2018,7379.137272,2892881147
7/23/2018,7395.866405,5717881946
7/24/2018,7704.995679,6202101798
7/25/2018,8422.373923,5592076818
7/26/2018,8144.553482,4086880124
7/27/2018,7929.079244,3429994450
7/28/2018,8145.333168,3624913498
7/29/2018,8192.135702,3659115451
7/30/2018,8197.593576,2598593362
7/31/2018,8185.921138,3497813385
8/1/2018,7738.249305,4675498855
8/2/2018,7612.300754,11591125727
8/3/2018,7540.633151,6834800615
8/4/2018,7411.666382,5580835718
8/5/2018,7009.012012,5952900998
8/6/2018,7036.609331,5989412029
8/7/2018,6926.116779,6927841832
8/8/2018,6711.732422,6729676124
8/9/2018,6259.52771,6834119515
8/10/2018,6531.249787,5843796067
8/11/2018,6166.590418,6731245061
8/12/2018,6205.21848,5708911347
8/13/2018,6318.407222,5507023282
8/14/2018,6283.996251,5381627198
8/15/2018,6212.22604,7179484727
8/16/2018,6267.768709,6619548180
8/17/2018,6309.385226,5982589407
8/18/2018,6566.715163,6206194159
8/19/2018,6382.060591,5616965846
8/20/2018,6475.49402,5160365103
8/21/2018,6242.882438,5578292471
8/22/2018,6467.27173,5658517103
8/23/2018,6336.656327,6759411528
8/24/2018,6521.065718,6096332849
8/25/2018,6684.379144,6913767388
8/26/2018,6736.036058,5280060348
8/27/2018,6728.288003,5215045899
8/28/2018,6911.096029,5444349729
8/29/2018,7075.983405,6246602892
8/30/2018,7046.748947,5976493149
8/31/2018,7024.145107,6587864491
9/1/2018,7027.631279,5959884321
9/2/2018,7211.270768,6257915214
9/3/2018,7305.272801,6640164155
9/4/2018,7260.897517,4511643010
9/5/2018,7359.462993,5344233220
9/6/2018,6764.926774,7036065651
9/7/2018,6498.279613,6558109771
9/8/2018,6397.81887,4422971842
9/9/2018,6181.194451,3851077568
9/10/2018,6260.764806,4174629548
9/11/2018,6308.135475,4504626594
9/12/2018,6278.91707,5001529025
9/13/2018,6330.574238,5026516733
9/14/2018,6486.46163,4987196752
9/15/2018,6500.012255,5350596522
9/16/2018,6530.221146,4295951324
9/17/2018,6506.248493,4715407407
9/18/2018,6250.121727,4600931272
9/19/2018,6347.069255,4472798160
9/20/2018,6383.753841,5380977505
9/21/2018,6491.885242,5059042420
9/22/2018,6753.834472,5931455400
9/23/2018,6747.032173,5159534299
9/24/2018,6711.029452,4322794079
9/25/2018,6596.187313,4626497702
9/26/2018,6441.311545,4580781824
9/27/2018,6462.795635,3788299697
9/28/2018,6704.704246,4690261095
9/29/2018,6634.765965,3140320712
9/30/2018,6606.073795,2294291064
10/1/2018,6626.037956,1908960743
10/2/2018,6598.84126,1893760873
10/3/2018,6524.607698,2035903501
10/4/2018,6499.262379,2247969611
10/5/2018,6578.701809,2059404665
10/6/2018,6621.189364,1840911130
10/7/2018,6589.124682,1464404366
10/8/2018,6584.832153,1499424737
10/9/2018,6653.089451,2081626437
10/10/2018,6633.74573,1741398467
10/11/2018,6582.455082,2070407902
10/12/2018,6234.367641,3581191343
10/13/2018,6285.592983,2295615181
10/14/2018,6314.883384,1851879465
10/15/2018,6328.55476,1847113724
10/16/2018,6659.875508,6217858944
10/17/2018,6635.125668,2746546151
10/18/2018,6635.741832,2820354466
10/19/2018,6517.511088,2625598931
10/20/2018,6483.827769,2652532022
10/21/2018,6532.67875,2387105749
10/22/2018,6529.670021,2127987153
10/23/2018,6512.589059,2655159955
10/24/2018,6472.799661,2784381147
10/25/2018,6481.44359,2607022302
10/26/2018,6458.191522,2618534041
10/27/2018,6468.826425,2698016931
10/28/2018,6457.058635,2383295891
10/29/2018,6481.323142,2065446089
10/30/2018,6292.647924,3631795693
10/31/2018,6331.781808,1962209614
11/1/2018,6366.72011,2042670545
11/2/2018,6379.972972,2922702484
11/3/2018,6425.441583,2675454291
11/4/2018,6388.189788,2582446887
11/5/2018,6351.061941,3198297932
11/6/2018,6415.443409,3213571991
11/7/2018,6474.84729,3408876944
11/8/2018,6574.80118,3120683821
11/9/2018,6490.454731,2402484611
11/10/2018,6413.782039,2707057000
11/11/2018,6429.898792,1672332108
11/12/2018,6434.284597,2943678894
11/13/2018,6411.353436,2651674691
11/14/2018,6394.289276,2890964719
11/15/2018,5788.612494,5690409837
11/16/2018,5686.541131,4981978553
11/17/2018,5609.956182,3236633357
11/18/2018,5599.191596,2525819291
11/19/2018,5638.861481,2422604401
11/20/2018,4889.197859,6126269575
11/21/2018,4450.711454,6314969584
11/22/2018,4613.448412,4321511764
11/23/2018,4307.388732,3055231903
11/24/2018,4376.904947,3520222576
11/25/2018,3895.836813,3115187178
11/26/2018,4039.836551,5226773378
11/27/2018,3811.923529,4652103084
11/28/2018,3832.924516,4050028039
11/29/2018,4267.243629,4973628808
11/30/2018,4279.475593,4313265392
12/1/2018,4009.68958,4007783473
12/2/2018,4189.573823,3183894471
12/3/2018,4124.593549,3242289556
12/4/2018,3878.839235,3128854933
12/5/2018,3943.692812,3255899965
12/6/2018,3751.691966,3020004368
