Date,Dash_price,Dash_volume
2/14/2014,0.213899,7485
2/15/2014,0.317768,21466
2/17/2014,0.5614,58209
2/18/2014,1.11472,185870
2/19/2014,0.907017,69585
2/20/2014,1.06836,93135
2/21/2014,1.07025,82530
2/22/2014,1.07757,95555
2/23/2014,1.13523,119208
2/25/2014,0.578474,100678
2/26/2014,0.576269,61934
2/27/2014,0.627941,41632
2/28/2014,0.552027,51284
3/1/2014,0.677713,86293
3/2/2014,1.01349,272666
3/3/2014,1.01406,188719
3/4/2014,1.01072,177511
3/5/2014,1.01226,99566
3/6/2014,0.989058,86204
3/7/2014,0.979578,107102
3/8/2014,0.923403,72470
3/9/2014,0.87206,57330
3/10/2014,0.787094,47879
3/11/2014,0.883975,52698
3/12/2014,0.860298,38802
3/13/2014,0.811288,30885
3/15/2014,0.812077,26298
3/16/2014,0.790608,26173
3/17/2014,0.778919,40168
3/18/2014,0.757401,32720
3/19/2014,0.744165,38450
3/20/2014,0.735668,4277
3/21/2014,0.739443,34904
3/22/2014,0.702145,26345
3/23/2014,0.714949,30448
3/24/2014,0.762249,61250
3/25/2014,0.87715,117623
3/26/2014,0.842288,71192
3/27/2014,0.759031,33544
3/28/2014,0.698006,27519
3/30/2014,0.700447,23181
3/31/2014,0.671705,31810
4/1/2014,0.686704171,
4/2/2014,0.623034485,
4/3/2014,0.618368332,
4/4/2014,0.631631389,
4/5/2014,0.655502132,
4/6/2014,0.644560073,
4/7/2014,0.623316,18670
4/8/2014,0.606590048,
4/9/2014,0.577438924,
4/10/2014,0.46517418,
4/11/2014,0.537919897,
4/12/2014,0.562102718,
4/13/2014,0.543488407,
4/14/2014,0.58406429,
4/15/2014,0.650154125,
4/16/2014,0.681979338,
4/17/2014,0.608116944,
4/18/2014,0.784390032,
4/19/2014,0.730304124,
4/20/2014,0.721140504,
4/21/2014,0.703537472,
4/22/2014,0.716991363,61291.02357
4/23/2014,0.8677945,177159.8353
4/24/2014,1.032527038,288863.5539
4/25/2014,1.725113192,655077.7326
4/26/2014,1.72444,1122714.672
4/27/2014,1.673837077,430583.0861
4/28/2014,1.695245231,168996.135
4/29/2014,1.6179355,262867.3
4/30/2014,1.517981984,79668.15401
5/1/2014,1.460843073,193476.09
5/2/2014,1.325985466,164610.6896
5/3/2014,1.171955015,79831.36303
5/4/2014,1.589186787,249774.8694
5/5/2014,1.640787006,267347.6301
5/6/2014,1.57902458,63757.40838
5/7/2014,1.647375,90350.06856
5/8/2014,1.618270452,78368.56888
5/9/2014,2.325175187,448193.8695
5/10/2014,2.624529,743863.2789
5/11/2014,2.57407147,501946.5785
5/12/2014,2.50340496,639149.6907
5/13/2014,2.72441015,359164.45
5/14/2014,3.531761265,1000265.232
5/15/2014,6.3749875,4379350.754
5/16/2014,5.787149452,2186016.556
5/17/2014,4.755025445,1584346.262
5/18/2014,6.13014354,1708311.053
5/19/2014,6.92659135,1590927.524
5/20/2014,6.887721142,1177392.116
5/21/2014,7.942481472,1356247.163
5/22/2014,10.18040968,3427050.762
5/23/2014,13.132854,6738630.942
5/24/2014,11.92689016,3389497.463
5/25/2014,15.08677442,3382196.276
5/26/2014,9.91153107,4753808.681
5/27/2014,10.47834,4893233.294
5/28/2014,6.932947245,3243695.835
5/29/2014,9.5698518,4765297.909
5/30/2014,11.16199378,5161315.286
5/31/2014,11.2931,2339601.845
6/1/2014,13.5202151,2992876.593
6/2/2014,15.425635,4155898.314
6/3/2014,13.96134484,2874476.348
6/4/2014,12.37380538,1254839.494
6/5/2014,11.25351,1609262.671
6/6/2014,11.55213273,1351792.026
6/7/2014,10.4273328,609122.6988
6/8/2014,9.42352535,877719.8505
6/9/2014,9.4138911,1063630.503
6/10/2014,11.68295569,1288989.663
6/11/2014,10.38294181,606014.9154
6/12/2014,9.9255625,811973.1064
6/13/2014,10.55565236,380103.0131
6/14/2014,10.12898144,373773.5549
6/15/2014,10.13499852,303790.6685
6/16/2014,10.1676432,348229.3191
6/17/2014,10.13954361,330846.4899
6/18/2014,10.30681679,393863.7128
6/19/2014,10.7200536,819182.4234
6/20/2014,10.27175737,3903579.829
6/21/2014,9.215364261,1074220.222
6/22/2014,9.402266951,380116.4648
6/23/2014,9.785884797,470210.7441
6/24/2014,9.423310642,326318.6012
6/25/2014,8.904564289,326611.4055
6/26/2014,9.965772486,939568.0389
6/27/2014,9.977186429,363215.1465
6/28/2014,9.454121279,410622.1325
6/29/2014,9.19853237,370239.7836
6/30/2014,8.905915145,1176852.638
7/1/2014,7.973513019,683385.8818
7/2/2014,6.958684419,1042636.46
7/3/2014,7.720150298,947815.0312
7/4/2014,7.463622779,246044.301
7/5/2014,6.994840749,405793.4753
7/6/2014,6.400685284,430228.2591
7/7/2014,6.745739511,374244.4436
7/8/2014,7.077598743,572713.941
7/9/2014,7.055419926,242168.8754
7/10/2014,6.68297474,290502.1511
7/11/2014,6.487428339,349605.4808
7/12/2014,6.496389389,125978.0301
7/13/2014,6.325631704,187590.2081
7/14/2014,6.14558291,242473.661
7/15/2014,6.271541075,384400.1488
7/16/2014,6.325910714,339733.4071
7/17/2014,7.530616135,693616.216
7/18/2014,7.191672972,710373.9808
7/19/2014,7.037044438,86357.8373
7/20/2014,7.081747961,127452.2051
7/21/2014,6.748880535,119005.4829
7/22/2014,6.381218694,181955.5116
7/23/2014,6.344000464,132980.2029
7/24/2014,6.156392097,168021.7277
7/25/2014,6.134026833,236137.5363
7/26/2014,5.947754556,172373.4518
7/27/2014,5.794446686,172400.6753
7/28/2014,5.176261332,400029.6918
7/29/2014,4.759543384,287249.6881
7/30/2014,4.391953449,317912.975
7/31/2014,5.557197131,381497.6803
8/1/2014,5.635668694,249264.5333
8/2/2014,5.684313369,179323.3971
8/3/2014,5.79355063,277507.4597
8/4/2014,5.276815304,175222.8013
8/5/2014,5.363537784,106543.5285
8/6/2014,5.76332745,210840.9207
8/7/2014,5.661054404,138565.763
8/8/2014,5.983443583,266857.2281
8/9/2014,5.591373815,235267.903
8/10/2014,5.63412825,211254.5886
8/11/2014,5.017976576,217867.7226
8/12/2014,5.001637682,90570.56954
8/13/2014,4.81220936,280024.8668
8/14/2014,4.036546142,190730.0475
8/15/2014,3.656998624,273130.8849
8/16/2014,2.921336533,283032.4952
8/17/2014,2.461367067,368912.7817
8/18/2014,1.542033655,693530.3083
8/19/2014,3.303622292,712036.5027
8/20/2014,3.822354596,719614.7411
8/21/2014,3.40111488,235947.176
8/22/2014,3.181573468,282949.5958
8/23/2014,2.981880229,129251.2201
8/24/2014,3.077865154,64845.12077
8/25/2014,2.639406585,127503.226
8/26/2014,2.718577072,152806.1167
8/27/2014,2.28797197,323354.651
8/28/2014,2.347402433,155384.0967
8/29/2014,2.547554538,149080.5392
8/30/2014,2.414138283,80608.89266
8/31/2014,2.437424407,114638.6585
9/1/2014,2.280272721,71990.38026
9/2/2014,2.313325217,51957.08071
9/3/2014,2.631688637,171717.4778
9/4/2014,3.081750735,390462.6742
9/5/2014,2.818353334,239171.1619
9/6/2014,2.944798511,220603.5073
9/7/2014,2.893844546,70190.36722
9/8/2014,2.756873712,88462.40934
9/9/2014,2.890768874,58137.5945
9/10/2014,2.810838448,61077.81354
9/11/2014,2.776814205,39454.42122
9/12/2014,2.821565856,65150.94524
9/13/2014,2.852048971,84464.87703
9/14/2014,2.782944415,92816.2933
9/15/2014,3.055495219,291231.8855
9/16/2014,3.302022792,131141.7706
9/17/2014,3.733850773,576391.1868
9/18/2014,3.862806568,441850.5046
9/19/2014,3.44751882,350937.5795
9/20/2014,3.179580922,209328.288
9/21/2014,2.953436143,140436.3667
9/22/2014,3.329006706,138472.877
9/23/2014,3.398894582,146536.525
9/24/2014,3.341720648,72127.2199
9/25/2014,2.979564747,100608.9608
9/26/2014,2.892675269,99224.36038
9/27/2014,2.834640811,69301.20102
9/28/2014,2.889323035,119063.1501
9/29/2014,2.804542808,72616.10281
9/30/2014,2.705773837,154778.9458
10/1/2014,2.439644704,218873.4474
10/2/2014,2.385146345,151893.4472
10/3/2014,2.372000136,57911.29329
10/4/2014,2.223539553,55028.73328
10/5/2014,2.291286465,55510.75991
10/6/2014,2.234412455,50589.19212
10/7/2014,2.096660901,146407.0155
10/8/2014,2.34451019,60664.71132
10/9/2014,2.341388412,102674.6461
10/10/2014,2.209886081,59214.74577
10/11/2014,2.106950299,79401.22356
10/12/2014,2.130444976,81007.55981
10/13/2014,2.341240714,119258.3732
10/14/2014,2.049321466,213062.1941
10/15/2014,2.060483919,86800.13558
10/16/2014,2.166053373,104474.5048
10/17/2014,2.266134608,142589.2987
10/18/2014,2.234322208,75214.59852
10/19/2014,2.256116974,84398.31296
10/20/2014,2.111889664,149945.941
10/21/2014,2.077310118,103582.77
10/22/2014,2.036236673,120325.2539
10/23/2014,2.082241403,84278.13636
10/24/2014,2.023434984,95067.39748
10/25/2014,1.940094771,78167.43321
10/26/2014,1.918619955,53502.07747
10/27/2014,1.887039053,37843.10217
10/28/2014,1.886273908,49816.54628
10/29/2014,1.610707001,146646.6636
10/30/2014,1.77539834,104371.4237
10/31/2014,1.787422742,57949.73417
11/1/2014,1.653067792,37287.52429
11/2/2014,1.663613591,53643.62808
11/3/2014,1.620030478,45559.69802
11/4/2014,1.634979527,74878.86087
11/5/2014,1.738873039,71896.24792
11/6/2014,1.971461843,98151.57748
11/7/2014,2.115224947,403357.4395
11/8/2014,2.730252273,341748.2396
11/9/2014,3.026308348,401279.0987
11/10/2014,2.520166101,295852.3607
11/11/2014,2.392064349,174181.7927
11/12/2014,2.603069832,234893.0744
11/13/2014,2.565523217,119786.1566
11/14/2014,2.40424988,115757.3098
11/15/2014,2.496969402,100960.9017
11/16/2014,2.738839609,135949.9234
11/17/2014,2.313412705,215444.4932
11/18/2014,2.357943725,226716.956
11/19/2014,2.352583262,85268.70695
11/20/2014,2.235061331,108259.6554
11/21/2014,2.211632185,51922.07093
11/22/2014,2.261182302,56033.18864
11/23/2014,2.30595729,50642.13987
11/24/2014,2.318298644,58283.06145
11/25/2014,2.322656593,56711.05657
11/26/2014,2.357843032,94997.67832
11/27/2014,2.332319203,83781.2316
11/28/2014,2.379628956,45306.29348
11/29/2014,2.368754062,56301.61548
11/30/2014,2.374704317,41742.9992
12/1/2014,2.376683664,45554.17908
12/2/2014,2.428608153,93030.11891
12/3/2014,2.430741219,77667.41383
12/4/2014,2.318681612,70946.2618
12/5/2014,2.355775271,52466.79488
12/6/2014,2.354366706,49586.4458
12/7/2014,2.367247175,63875.04287
12/8/2014,2.290193904,38514.73308
12/9/2014,2.247871161,41632.26265
12/10/2014,2.248106319,38985.995
12/11/2014,2.266427831,32085.99816
12/12/2014,2.26363934,33065.82753
12/13/2014,2.236374916,26579.25248
12/14/2014,2.223177914,29046.92954
12/15/2014,2.09313738,79332.88977
12/16/2014,2.09123362,74077.94534
12/17/2014,1.944065925,90739.16239
12/18/2014,1.810487094,79276.63675
12/19/2014,1.896861184,46272.964
12/20/2014,1.977267388,41789.86442
12/21/2014,1.897378612,75253.30226
12/22/2014,1.886997257,96751.00998
12/23/2014,1.922307212,62986.95565
12/24/2014,1.895140235,120173.7939
12/25/2014,1.804281394,66583.22509
12/26/2014,2.003806993,80682.83428
12/27/2014,1.932904236,43765.29712
12/28/2014,1.945823279,31683.95442
12/29/2014,1.91548031,38178.81795
12/30/2014,1.894453015,33507.13279
12/31/2014,1.957054223,43730.8489
1/1/2015,1.94788404,14969.22737
1/2/2015,1.938119323,34173.44615
1/3/2015,1.738524735,61771.56793
1/4/2015,1.606459176,60185.77749
1/5/2015,1.670693056,43653.76469
1/6/2015,1.716784229,30951.37428
1/7/2015,1.751189966,28674.38502
1/8/2015,1.724086183,39060.17345
1/9/2015,1.724528848,43596.80826
1/10/2015,1.665613103,65245.72311
1/11/2015,1.655766774,44060.88458
1/12/2015,1.654971945,46260.2455
1/13/2015,1.3471611,74560.43705
1/14/2015,1.056445715,39733.96398
1/15/2015,1.291372939,31211.45504
1/16/2015,1.250615339,65855.72207
1/17/2015,1.220226384,28909.07175
1/18/2015,1.297542947,42922.96257
1/19/2015,1.353852567,52775.4436
1/20/2015,1.432357279,70139.59699
1/21/2015,1.567913771,103975.7124
1/22/2015,1.620739959,72876.57025
1/23/2015,1.581105011,69563.28794
1/24/2015,1.741133257,51933.89252
1/25/2015,1.821965381,62476.9139
1/26/2015,1.87285594,109645.947
1/27/2015,1.746177651,82133.0933
1/29/2015,1.639414209,66329.62225
1/30/2015,1.653421931,54662.36239
1/31/2015,1.62058801,33100.16101
2/1/2015,1.921401423,294444.562
2/2/2015,1.942145359,156368.6744
2/3/2015,1.777883172,61134.44175
2/4/2015,1.828546767,57826.38166
2/5/2015,1.781486924,49313.07029
2/6/2015,1.796394432,39883.55771
2/7/2015,1.858069256,30099.69285
2/8/2015,1.837763075,43613.61668
2/9/2015,2.167158928,272013.0182
2/10/2015,2.440778547,230126.7005
2/11/2015,3.256213881,791877.2886
2/12/2015,2.833804403,536676.4239
2/13/2015,2.932286981,228210.2176
2/14/2015,2.853411325,193730.7891
2/15/2015,2.756154709,234627.9702
2/16/2015,2.78787772,77355.52622
2/17/2015,2.633375851,98453.56557
2/18/2015,2.814756966,96740.65779
2/19/2015,2.804009381,83929.61404
2/20/2015,2.686467299,63706.82027
2/21/2015,2.723816062,105754.8078
2/22/2015,2.501911602,74231.75464
2/23/2015,2.519274998,81694.0807
2/24/2015,2.93605616,174149.3498
2/25/2015,2.751406286,136454.309
2/26/2015,2.737995454,75990.40223
2/27/2015,3.021552759,117730.6468
2/28/2015,3.228755064,111176.1148
3/1/2015,3.349151885,87785.78928
3/2/2015,3.537108121,152852.6252
3/3/2015,3.47802263,226618.8647
3/4/2015,3.491585963,194867.02
3/5/2015,3.407245513,143328.7855
3/6/2015,3.354480348,73084.31855
3/7/2015,3.448742404,40122.34734
3/8/2015,3.397084836,28998.13727
3/9/2015,3.571764659,45008.35486
3/10/2015,3.009299141,386879.7619
3/11/2015,3.138960318,160873.6425
3/12/2015,3.070693133,104988.4064
3/13/2015,2.907104911,238380.9453
3/14/2015,2.939997716,137758.1149
3/15/2015,3.109093479,56044.62876
3/16/2015,3.251022013,214577.9835
3/17/2015,3.26577245,79305.9567
3/18/2015,3.106853416,142769.3157
3/19/2015,3.358566078,148231.8426
3/20/2015,3.694966581,279631.0361
3/21/2015,4.582413452,828123.6922
3/22/2015,4.597757411,355157.4322
3/23/2015,4.959046041,358763.6759
3/24/2015,5.066706878,545835.0955
3/25/2015,4.984768122,766837.9823
3/26/2015,4.990672463,376744.9361
3/27/2015,4.795132049,171029.3998
3/28/2015,4.861366511,194038.7893
3/29/2015,4.583519994,211786.6672
3/30/2015,4.411441991,392590.1035
3/31/2015,3.958098143,218811.0701
4/1/2015,3.815953104,218061.3468
4/2/2015,4.514791961,279591.664
4/3/2015,4.337274282,173538.3634
4/4/2015,4.158799666,174631.4184
4/5/2015,4.164466685,136926.1499
4/6/2015,4.11379895,105010.0246
4/7/2015,3.748561692,190496.2605
4/8/2015,3.65809338,141143.357
4/9/2015,3.391806627,159801.7686
4/10/2015,3.219471868,170471.754
4/11/2015,3.32749887,69120.91182
4/12/2015,3.309584235,44392.60737
4/13/2015,3.180647091,84275.55398
4/14/2015,3.082066592,55709.08461
4/15/2015,3.016679535,68847.17752
4/16/2015,3.021079078,74830.91698
4/17/2015,2.822825774,106192.9349
4/18/2015,2.91498891,41615.397
4/19/2015,2.830532664,45847.38883
4/20/2015,2.653539863,97450.86613
4/21/2015,2.89389049,71248.61572
4/22/2015,3.238520868,156761.146
4/23/2015,3.620374314,216813.9338
4/24/2015,3.196373006,138680.5702
4/25/2015,3.106219906,41830.40168
4/26/2015,3.036427301,77372.3649
4/27/2015,2.991051167,76025.14232
4/28/2015,2.913950209,58557.27147
4/29/2015,2.945875563,22793.11621
4/30/2015,2.965958468,67876.91371
5/1/2015,2.749853754,128665.311
5/2/2015,2.747546761,36553.24467
5/3/2015,2.689497917,49489.36644
5/4/2015,2.885808542,84857.2972
5/5/2015,2.852653366,24479.24416
5/6/2015,2.832520458,42780.81872
5/7/2015,2.805639333,50943.55806
5/8/2015,2.760051783,36785.66651
5/9/2015,2.756293119,27496.28273
5/10/2015,2.678261026,46229.99032
5/11/2015,2.75658053,49330.42155
5/12/2015,2.710643689,20567.34225
5/13/2015,2.682052476,23578.25859
5/14/2015,2.838828542,52877.62665
5/15/2015,2.862352976,43104.32704
5/16/2015,2.992691553,53188.61891
5/17/2015,2.906761155,36317.43404
5/18/2015,2.87448412,26491.8864
5/19/2015,2.886687002,29449.75668
5/20/2015,2.8960243,33677.4072
5/21/2015,2.85116236,27727.47942
5/22/2015,2.906591915,81582.5255
5/23/2015,2.870294555,102957.5607
5/24/2015,2.900675854,39134.6334
5/25/2015,2.831489886,39807.94022
5/26/2015,2.69768179,97544.23529
5/27/2015,2.639598826,50620.36374
5/28/2015,2.73154565,55948.89204
5/29/2015,2.811542376,35586.95822
5/30/2015,2.715414634,18999.00149
5/31/2015,2.750765165,40845.72452
6/1/2015,2.660543762,63931.34501
6/2/2015,2.790251747,58185.01817
6/3/2015,2.734919903,55487.74087
6/4/2015,2.792617443,36729.20987
6/5/2015,2.830133913,9742.74124
6/6/2015,2.825763759,23082.71565
6/7/2015,2.806447065,27035.67885
6/8/2015,2.82826577,33128.75266
6/9/2015,2.775784135,41356.92916
6/10/2015,2.700451358,45491.2247
6/11/2015,2.768704244,27432.60695
6/12/2015,2.795407632,53311.30101
6/13/2015,2.805576958,28379.35181
6/14/2015,2.81674211,44451.18457
6/15/2015,2.740867128,69089.99098
6/16/2015,2.960939972,69486.06909
6/17/2015,2.985663957,84034.1575
6/18/2015,2.968078501,66465.4792
6/19/2015,2.884823055,47611.10532
6/20/2015,2.878867867,26498.08435
6/21/2015,2.863330155,19031.22989
6/22/2015,2.901685853,33140.67524
6/23/2015,2.860961554,18600.43991
6/24/2015,2.806364722,25671.18489
6/25/2015,2.833752867,32840.26655
6/26/2015,2.79532808,22162.29155
6/27/2015,2.726567141,32197.49094
6/28/2015,2.738687437,24656.31048
6/29/2015,2.762449548,15186.25147
6/30/2015,2.866928439,27480.78012
7/1/2015,2.821544987,11926.99438
7/2/2015,2.892470527,11322.75196
7/3/2015,2.963518754,32713.20388
7/4/2015,3.090545137,100981.5418
7/5/2015,3.061737107,54254.69687
7/6/2015,3.073624112,60004.14754
7/7/2015,2.963234041,51521.90508
7/8/2015,2.950521013,34669.14956
7/9/2015,3.092335197,88207.20982
7/10/2015,4.003464668,476241.9666
7/11/2015,3.809546814,261772.7922
7/12/2015,4.071790199,84287.30226
7/13/2015,3.702246068,118165.7874
7/14/2015,3.693297294,29887.14707
7/15/2015,3.63324624,69598.62469
7/16/2015,3.529214705,46286.8868
7/17/2015,3.761597578,62154.69222
7/18/2015,3.698483399,103732.421
7/19/2015,3.592757701,42621.79304
7/20/2015,3.652176853,37670.47717
7/21/2015,3.592196677,77036.72245
7/22/2015,3.577553596,26280.20766
7/23/2015,3.583779854,25485.00488
7/24/2015,3.684439251,92615.68773
7/25/2015,3.718862284,42449.3673
7/26/2015,3.758397585,73293.41303
7/27/2015,3.728471056,69990.82097
7/28/2015,3.689215141,63665.25165
7/29/2015,3.622181216,29764.80767
7/30/2015,3.617166407,24964.41172
7/31/2015,3.660558155,42822.27898
8/1/2015,3.623457913,45497.05749
8/2/2015,3.61620735,32246.96461
8/3/2015,3.614007941,37927.52539
8/4/2015,3.619933167,61194.2561
8/5/2015,3.567849712,17449.48865
8/6/2015,3.510134181,22606.55112
8/7/2015,3.265000799,142398.0414
8/8/2015,3.069284817,59600.9663
8/9/2015,3.11425356,51529.07552
8/10/2015,3.073975016,37189.48343
8/11/2015,3.171759539,39190.39089
8/12/2015,3.077402809,47198.20832
8/13/2015,3.046693774,43607.54004
8/14/2015,3.019365477,47132.83266
8/15/2015,2.959105958,26719.05713
8/16/2015,2.927828126,25999.76013
8/17/2015,2.904016473,59566.94392
8/18/2015,2.832277473,37319.72147
8/19/2015,2.632434828,54092.00516
8/20/2015,2.770812699,33699.47729
8/21/2015,2.737291575,30466.54786
8/22/2015,2.65688375,32744.30562
8/23/2015,2.618650113,17655.64039
8/24/2015,2.363406977,18549.39146
8/25/2015,2.535564531,63659.26679
8/26/2015,2.571374052,38166.99689
8/27/2015,2.530952991,26215.00942
8/28/2015,2.61063621,46587.02259
8/29/2015,2.585152103,20538.39992
8/30/2015,2.550816737,8746.926418
8/31/2015,2.579097689,3724.618279
9/1/2015,2.5335673,17611.26841
9/2/2015,2.51870152,28605.52613
9/3/2015,2.461161049,5704.820333
9/4/2015,2.452734106,17808.96272
9/5/2015,2.505938459,17052.588
9/6/2015,2.483795699,10055.33723
9/7/2015,2.376686161,64945.34668
9/8/2015,2.335454802,86539.3348
9/9/2015,2.456754864,60153.59627
9/10/2015,2.37666688,42844.92056
9/11/2015,2.385993285,51882.35146
9/12/2015,2.427137901,49530.47374
9/13/2015,2.311827852,49800.74082
9/14/2015,2.300531346,55376.2251
9/15/2015,2.3247693,52585.89488
9/16/2015,2.363262968,52775.64623
9/17/2015,2.416628133,24081.59993
9/18/2015,2.455057199,33344.36389
9/19/2015,2.359221166,14239.54969
9/20/2015,2.383403912,71667.23476
9/21/2015,2.364439771,84843.18603
9/22/2015,2.465611838,36733.50318
9/23/2015,2.402012829,31768.02862
9/24/2015,2.427126755,31537.38527
9/25/2015,2.44677885,26873.46775
9/26/2015,2.329013742,39362.81129
9/27/2015,2.348770246,20371.10875
9/28/2015,2.380509495,38961.4966
9/29/2015,2.346181513,24952.73526
9/30/2015,2.335546404,34835.15555
10/1/2015,2.279747236,43167.45275
10/2/2015,2.225508583,45976.09562
10/3/2015,2.15667322,45689.34577
10/4/2015,2.171386432,37378.80054
10/5/2015,2.357650523,70705.53109
10/6/2015,2.388557149,17070.027
10/7/2015,2.406682742,32449.36812
10/8/2015,2.365470859,36759.16577
10/9/2015,2.365420001,25387.38685
10/10/2015,2.426679927,13335.60285
10/11/2015,2.376184799,15352.53887
10/12/2015,2.330560726,16078.09988
10/13/2015,2.357239765,26284.80616
10/14/2015,2.312074839,45019.76056
10/15/2015,2.225358152,74193.01331
10/16/2015,2.331590454,34237.60731
10/17/2015,2.430918133,27044.35654
10/18/2015,2.375065505,15992.43462
10/19/2015,2.342153491,30606.47144
10/20/2015,2.429667791,44227.65691
10/21/2015,2.273003871,47507.22957
10/22/2015,2.412458859,69519.58825
10/23/2015,2.330997881,67255.73662
10/24/2015,2.244673479,63586.6908
10/25/2015,2.245863418,45978.24278
10/26/2015,2.148210673,34039.26059
10/27/2015,2.087644217,104352.3933
10/28/2015,2.115590603,52425.61824
10/29/2015,2.376500117,97820.25011
10/30/2015,2.505818694,109974.6509
10/31/2015,2.248054791,33002.29271
11/1/2015,2.578354598,53146.7605
11/2/2015,2.530283297,74745.47794
11/3/2015,2.641786543,106552.146
11/4/2015,2.593833165,247985.5138
11/5/2015,2.488055169,126292.895
11/6/2015,2.699197826,89476.54494
11/7/2015,2.707456603,63082.31381
11/8/2015,2.528043054,50696.5365
11/9/2015,2.553916795,70363.41406
11/10/2015,2.407015459,46942.4637
11/11/2015,2.253116004,85662.69454
11/12/2015,2.528452645,81811.76907
11/13/2015,2.544472031,58605.1936
11/14/2015,2.429192993,49361.25305
11/15/2015,2.296516068,50733.02988
11/16/2015,2.297792514,37422.26495
11/17/2015,2.255225018,56078.38821
11/18/2015,2.369681316,29601.86505
11/19/2015,2.219458661,47000.57316
11/20/2015,2.218430761,23277.31554
11/21/2015,2.186299757,22731.14011
11/22/2015,2.038292724,26392.0658
11/23/2015,2.142221841,29482.67253
11/24/2015,2.067538479,21758.67521
11/25/2015,2.149693811,21061.28169
11/26/2015,2.210090809,54830.47744
11/27/2015,2.176545674,30003.97791
11/28/2015,2.063559477,23899.87989
11/29/2015,2.15874724,24021.63718
11/30/2015,2.164617527,43920.8716
12/1/2015,2.085717427,33147.66944
12/2/2015,2.196144128,41125.52987
12/3/2015,2.354679822,65142.23163
12/4/2015,2.350887727,31218.12119
12/5/2015,2.339441815,54504.81376
12/6/2015,2.38908473,40642.58456
12/7/2015,2.363884914,35194.2737
12/8/2015,2.412071622,38628.0798
12/9/2015,2.497600569,116179.4486
12/10/2015,2.445315663,28791.59025
12/11/2015,2.696208605,43691.49942
12/12/2015,2.57721953,43580.25408
12/13/2015,2.734971955,59970.78258
12/14/2015,2.681650258,90673.02159
12/15/2015,2.692716741,50829.12711
12/16/2015,2.685541422,26640.11302
12/17/2015,2.607478216,38930.26623
12/18/2015,2.648353739,37572.86063
12/19/2015,2.609958656,19656.11955
12/20/2015,2.487824294,36827.23002
12/21/2015,2.46057839,41419.75869
12/22/2015,2.57816211,42666.27459
12/23/2015,2.55643104,46223.77526
12/24/2015,2.754997697,84065.92845
12/25/2015,2.828422778,94231.16489
12/26/2015,2.764124035,91004.14203
12/27/2015,2.656481329,34166.3274
12/28/2015,3.041315482,86377.74177
12/29/2015,3.045132916,139047.7897
12/30/2015,3.462305496,487848.2868
12/31/2015,3.271839341,186721.1149
1/1/2016,3.348369451,92956.10003
1/2/2016,3.27786724,56822.65737
1/3/2016,3.223166302,77179.09422
1/4/2016,3.319208759,60810.63324
1/5/2016,3.279514182,68941.35629
1/6/2016,3.308878946,36588.50412
1/7/2016,3.312721764,105448.3822
1/8/2016,3.285459547,68921.6647
1/9/2016,3.033862837,47274.49967
1/10/2016,3.206301703,177408.8188
1/11/2016,3.111420316,102830.713
1/12/2016,3.042812181,132760.1714
1/13/2016,3.038873638,68246.90922
1/14/2016,3.297830996,174648.5937
1/15/2016,3.252218662,309449.5187
1/16/2016,3.842952082,605649.9974
1/17/2016,4.839333741,575165.7185
1/18/2016,4.357181201,523246.6118
1/19/2016,3.890698212,251675.2144
1/20/2016,4.751109216,294601.9715
1/21/2016,5.0888958,288211.2137
1/22/2016,4.953811331,1026322.858
1/23/2016,4.884152628,893727.7309
1/24/2016,4.398945037,309052.3213
1/25/2016,3.971073425,398208.5276
1/26/2016,4.559054728,300722.5741
1/27/2016,4.263845438,294443.3517
1/28/2016,4.200665248,179754.1951
1/29/2016,4.365812145,123248.345
1/30/2016,4.309340256,130621.9739
1/31/2016,4.056976451,139678.6888
2/1/2016,4.134193337,59215.71708
2/2/2016,4.090787519,122067.5567
2/3/2016,4.133391746,74058.85453
2/4/2016,4.271950086,92243.78125
2/5/2016,4.280476612,54521.24577
2/6/2016,4.188000093,67352.28607
2/7/2016,4.195267182,103730.885
2/8/2016,4.128196923,65525.67399
2/9/2016,3.952440349,128402.785
2/10/2016,3.793223397,172089.3371
2/11/2016,3.316628059,194370.7365
2/12/2016,3.775739758,177749.1615
2/13/2016,3.766336818,107053.1988
2/14/2016,3.775388513,49349.56185
2/15/2016,3.760332969,97522.21323
2/16/2016,3.51987118,149775.6303
2/17/2016,3.673160423,140583.5601
2/18/2016,3.474132257,233106.7108
2/19/2016,3.557973772,110208.0579
2/20/2016,3.653887213,95351.42543
2/21/2016,4.080813144,157468.1683
2/22/2016,4.228623121,175868.355
2/23/2016,3.806677692,177089.5678
2/24/2016,4.024358892,113943.7747
2/25/2016,3.900701298,115594.2739
2/26/2016,3.944495073,58224.65462
2/27/2016,4.062570073,67752.49524
2/28/2016,3.969189543,104709.8229
2/29/2016,3.90012179,97711.15866
3/1/2016,3.943501859,100741.739
3/2/2016,3.870522897,91141.34587
3/3/2016,4.802778436,407503.1023
3/4/2016,4.589479627,636092.6731
3/5/2016,5.025154722,498981.6563
3/6/2016,4.622753456,433324.3545
3/7/2016,4.315226941,237227.6392
3/8/2016,4.394970297,187424.278
3/9/2016,4.534547907,131064.3849
3/10/2016,4.836565551,405340.1071
3/11/2016,5.112122978,287222.1819
3/12/2016,5.331555444,269671.7854
3/13/2016,5.582315197,606666.5612
3/14/2016,5.401504878,324006.4816
3/15/2016,5.793466128,253423.8677
3/16/2016,6.36851238,867767.5407
3/17/2016,5.83593134,476002.5029
3/18/2016,5.994964877,237909.2819
3/19/2016,5.945941991,210148.2394
3/20/2016,6.118044438,180659.5841
3/21/2016,6.069393112,290891.8012
3/22/2016,6.037926436,247633.8349
3/23/2016,6.526547964,328357.2861
3/24/2016,6.581846462,353132.4464
3/25/2016,7.39158721,765506.2071
3/26/2016,7.192974783,275947.5569
3/27/2016,6.988321881,358203.8393
3/28/2016,6.999206989,501895.7355
3/29/2016,7.057993549,209059.688
3/30/2016,6.734947919,228978.0892
3/31/2016,6.86151578,161980.192
4/1/2016,7.002102573,129121.0577
4/2/2016,6.987804227,104856.2933
4/3/2016,6.774877595,242495.8993
4/4/2016,6.911596769,85601.98142
4/5/2016,7.015265684,300496.5859
4/6/2016,6.932645063,120659.6097
4/7/2016,6.86170283,108149.9912
4/8/2016,6.907424698,136101.8832
4/9/2016,6.785449748,130959.3746
4/10/2016,6.550193116,770096.5216
4/11/2016,6.341301344,149471.4558
4/12/2016,6.480251764,242255.8582
4/13/2016,6.509827451,130307.137
4/14/2016,6.418405287,137972.998
4/15/2016,6.020852027,230956.7378
4/16/2016,6.319390946,203729.5277
4/17/2016,6.4091655,124355.5688
4/18/2016,6.22201117,123141.9339
4/19/2016,6.410093354,105465.3293
4/20/2016,6.378860293,153431.9363
4/21/2016,6.18372546,100945.5279
4/22/2016,6.29524925,156814.6358
4/23/2016,6.556290699,138788.9594
4/24/2016,6.45464025,138778.3363
4/25/2016,6.271383715,154733.5479
4/26/2016,6.108048062,164911.7406
4/27/2016,6.279630599,357249.096
4/28/2016,6.453585416,155410.0862
4/29/2016,6.615400658,170913.5097
4/30/2016,6.824965191,177773.1442
5/1/2016,6.805863787,128297.2389
5/2/2016,6.838393972,196551.3656
5/3/2016,6.781527392,88778.31788
5/4/2016,6.835951159,117515.3121
5/5/2016,6.843512215,68939.85551
5/6/2016,6.849528323,82101.78004
5/7/2016,6.593143817,141406.4133
5/8/2016,6.680041317,98164.47619
5/9/2016,6.591829189,97256.78349
5/10/2016,6.799053954,174326.1116
5/11/2016,6.789480269,121757.4196
5/12/2016,6.763091228,142131.1269
5/13/2016,6.949525114,150466.0415
5/14/2016,6.936183815,76360.02518
5/15/2016,7.025064275,84680.55835
5/16/2016,7.314902192,470856.114
5/17/2016,7.311431189,95570.78285
5/18/2016,7.402297069,120570.2348
5/19/2016,7.749381298,282570.6775
5/20/2016,7.88462846,444889.73
5/21/2016,8.32313486,199918.1769
5/22/2016,8.020032665,141317.4729
5/23/2016,8.103103908,162533.9963
5/24/2016,7.93318407,187478.3226
5/25/2016,7.558216116,149647.0474
5/26/2016,7.388458868,124974.402
5/27/2016,7.508926584,310523.6292
5/28/2016,7.842695501,245881.1226
5/29/2016,8.12207773,326742.6723
5/30/2016,8.120600817,71075.11589
5/31/2016,8.206964217,169219.331
6/1/2016,8.279941802,174634.8854
6/2/2016,8.102348153,221560.1379
6/3/2016,8.061570194,296977.0551
6/4/2016,8.066945693,361733.2522
6/5/2016,7.554697023,421390.5037
6/6/2016,7.777883126,178636.7004
6/7/2016,7.960313476,189557.3225
6/8/2016,7.906596158,153045.3452
6/9/2016,7.897601473,178370.3879
6/10/2016,7.874265768,283595.9689
6/11/2016,7.794394839,313352.0188
6/12/2016,7.648612738,671552.6471
6/13/2016,7.67835295,436831.944
6/14/2016,8.195625903,428970.5909
6/15/2016,8.133348212,373525.2256
6/16/2016,8.601008197,258461.326
6/17/2016,8.329526666,368987.8779
6/18/2016,8.163006029,286149.8608
6/19/2016,8.014072435,296361.3182
6/20/2016,8.236939509,360016.5693
6/21/2016,7.759186287,443181.7547
6/22/2016,7.325352895,432309.0914
6/23/2016,7.176745596,296024.1536
6/24/2016,7.069141512,404373.0299
6/25/2016,6.856297245,342434.248
6/26/2016,6.72996141,160161.4037
6/27/2016,7.068398274,141865.5544
6/28/2016,6.891252458,158628.6197
6/29/2016,6.913584144,133644.6911
6/30/2016,7.255601855,140256.1463
7/1/2016,7.247350881,94673.57892
7/2/2016,7.317898404,84024.56724
7/3/2016,6.998242567,144608.6491
7/4/2016,7.045432718,85312.13952
7/5/2016,6.950060582,107822.7111
7/6/2016,7.004270911,114860.7636
7/7/2016,6.987387294,324928.4374
7/8/2016,7.480222355,196971.9041
7/9/2016,7.392694049,153894.9186
7/10/2016,7.444673278,114977.7362
7/11/2016,8.002353983,538283.4838
7/12/2016,7.867176646,350121.4219
7/13/2016,7.898382511,149851.8995
7/14/2016,7.859023142,133961.3208
7/15/2016,7.927717085,135132.2464
7/16/2016,8.258256243,177745.2408
7/17/2016,8.129058071,144083.6193
7/18/2016,8.243176756,151030.2802
7/19/2016,8.512034724,227636.4563
7/20/2016,8.476378574,180067.4484
7/21/2016,8.950997544,297871.1724
7/22/2016,9.400445663,778464.2688
7/23/2016,9.452116752,782743.2251
7/24/2016,9.200033028,207217.1768
7/25/2016,9.198836604,175664.9752
7/26/2016,8.848582827,421885.7307
7/27/2016,9.145859909,284616.3299
7/28/2016,9.303127475,115107.6969
7/29/2016,9.46631006,123361.6056
7/30/2016,9.202776712,157044.5232
7/31/2016,9.438075382,239314.6912
8/1/2016,10.02317402,1008874.643
8/2/2016,9.116887757,919396.2958
8/3/2016,9.391656797,644602.389
8/4/2016,9.420589632,263309.0063
8/5/2016,9.745227702,159995.1964
8/6/2016,10.55198278,516422.3274
8/7/2016,10.39783606,299075.3021
8/8/2016,10.3861352,270292.2312
8/9/2016,10.28534115,221783.5649
8/10/2016,10.47219538,246933.545
8/11/2016,10.37263842,228566.1751
8/12/2016,10.35609016,228201.5261
8/13/2016,12.86728771,1614484.7
8/14/2016,14.39104358,3511237.058
8/15/2016,13.24751821,2891989.411
8/16/2016,12.82907116,2571599.167
8/17/2016,12.45424522,874446.2907
8/18/2016,13.81771346,1801700.995
8/19/2016,13.66223983,2467823.222
8/20/2016,13.08193073,1168750.582
8/21/2016,13.45419802,886963.1322
8/22/2016,14.0500604,1165300.203
8/23/2016,13.51862273,1135098.416
8/24/2016,13.22957781,515525.9237
8/25/2016,12.28872699,644563.4073
8/26/2016,12.74530502,468416.5904
8/27/2016,12.46345875,364032.5283
8/28/2016,12.31864973,686459.1974
8/29/2016,11.73828031,1363127.848
8/30/2016,11.51921738,510434.2253
8/31/2016,11.76358003,638500.8284
9/1/2016,11.42802266,370690.7004
9/2/2016,11.30958349,468856.5767
9/3/2016,11.34048197,843930.3973
9/4/2016,11.34427584,665607.9382
9/5/2016,11.20667681,345764.4175
9/6/2016,10.95597622,241732.8488
9/7/2016,11.28111483,391453.802
9/8/2016,11.63829781,367626.508
9/9/2016,11.18407493,226867.4616
9/10/2016,11.42134338,230447.7713
9/11/2016,11.07240075,277621.1559
9/12/2016,12.39134534,1093320.618
9/13/2016,12.42845181,407507.9547
9/14/2016,12.67601985,487490.2945
9/15/2016,12.11119012,307238.9031
9/16/2016,11.70341006,250802.6852
9/17/2016,11.72978226,212937.4559
9/18/2016,11.61293993,133393.9819
9/19/2016,11.54416914,324666.5333
9/20/2016,11.36175922,263528.4256
9/21/2016,11.42015033,406945.9651
9/22/2016,11.4944879,207712.523
9/23/2016,11.48336022,135998.0509
9/24/2016,11.48520639,92469.04715
9/25/2016,11.51511814,123872.7713
9/26/2016,11.35110344,182803.1587
9/27/2016,11.60779418,179440.8483
9/28/2016,11.57278685,144985.0232
9/29/2016,11.96546832,339669.4916
9/30/2016,12.04749956,373716.9933
10/1/2016,11.72342338,324654.9133
10/2/2016,11.82931518,156674.8101
10/3/2016,11.84669356,234862.329
10/4/2016,12.01290839,171048.3621
10/5/2016,12.01508484,229711.9674
10/6/2016,11.97811268,261087.8498
10/7/2016,11.86614848,253176.1151
10/8/2016,11.63811713,142572.4315
10/9/2016,11.55056782,191560.5218
10/10/2016,11.5942607,151246.3512
10/11/2016,11.77022957,335140.7176
10/12/2016,11.41519367,256039.3252
10/13/2016,11.38464042,174820.9544
10/14/2016,11.48045119,180292.0026
10/15/2016,11.00935358,174211.0217
10/16/2016,10.81579564,196043.9691
10/17/2016,10.58861468,283718.1743
10/18/2016,10.14273973,351329.9134
10/19/2016,10.24748662,264397.2759
10/20/2016,10.53919859,294535.7186
10/21/2016,10.69671608,227635.022
10/22/2016,10.27724554,271456.2374
10/23/2016,9.864150107,328227.6403
10/24/2016,9.869455985,341279.0163
10/25/2016,9.199826183,385021.1949
10/26/2016,9.224013609,540498.2896
10/27/2016,9.637887585,674985.2434
10/28/2016,9.693547098,678826.1896
10/29/2016,8.641550703,850801.2858
10/30/2016,9.675858451,603031.886
10/31/2016,9.039217495,393556.8169
11/1/2016,9.057193234,596979.3504
11/2/2016,8.95627037,292206.828
11/3/2016,9.069348116,490226.1149
11/4/2016,9.104761991,321752.2161
11/5/2016,9.245208938,128523.6449
11/6/2016,9.326491006,300020.5294
11/7/2016,9.857446545,404633.9935
11/8/2016,9.827008293,650412.9462
11/9/2016,9.670191313,491517.3451
11/10/2016,9.575373805,123780.3787
11/11/2016,9.691272118,255392.282
11/12/2016,9.645958776,203730.3547
11/13/2016,9.509007781,178136.3935
11/14/2016,9.633309546,155646.8179
11/15/2016,9.531873365,184228.7328
11/16/2016,9.418432573,320759.8829
11/17/2016,9.027041038,270686.2413
11/18/2016,8.878324303,299023.0262
11/19/2016,8.504389491,308624.5383
11/20/2016,8.51483818,331717.6521
11/21/2016,8.502232264,126500.7948
11/22/2016,8.628013856,310823.4608
11/23/2016,8.423384488,213285.6924
11/24/2016,9.092466857,385831.6951
11/25/2016,9.140670013,376833.4128
11/26/2016,8.926190756,188670.714
11/27/2016,9.013571139,258688.6438
11/28/2016,8.887079038,174161.3405
11/29/2016,8.878426953,190157.2478
11/30/2016,8.809740059,148679.4273
12/1/2016,8.702860604,183865.4321
12/2/2016,8.573001904,137235.8366
12/3/2016,8.790254324,151543.5279
12/4/2016,8.698175917,114031.6661
12/5/2016,8.444405707,242836.1454
12/6/2016,8.721259169,271508.6845
12/7/2016,8.634979339,79220.2101
12/8/2016,8.716390262,108964.8352
12/9/2016,8.825371102,72135.56835
12/10/2016,8.858088728,97625.2983
12/11/2016,9.496292506,303739.3464
12/12/2016,9.034205954,320972.1814
12/13/2016,9.381880527,185747.9314
12/14/2016,9.074703622,166490.4527
12/15/2016,9.275333111,136857.6936
12/16/2016,9.875399125,275540.6944
12/17/2016,9.75721007,239930.8438
12/18/2016,9.882469044,176666.8017
12/19/2016,10.28670224,535760.1661
12/20/2016,10.25079098,487618.0567
12/21/2016,9.789048771,515330.7839
12/22/2016,9.856583119,484908.144
12/23/2016,9.560784724,515136.7122
12/24/2016,9.816576854,447249.4142
12/25/2016,10.0936457,454999.565
12/26/2016,9.788799466,258261.6554
12/27/2016,9.719212141,490268.814
12/28/2016,10.18016634,589204.4595
12/29/2016,10.80309894,702088.2508
12/30/2016,11.20280045,779900.3675
12/31/2016,11.39480267,430543.8648
1/1/2017,11.39354384,455648.5363
1/2/2017,11.87572521,535987.2493
1/3/2017,12.77049051,1082074.563
1/4/2017,16.36045281,3823729.28
1/5/2017,14.0686789,1818376.232
1/6/2017,11.95978772,1506430.618
1/7/2017,12.41426784,815447.2616
1/8/2017,12.67716618,781771.9465
1/9/2017,12.37600322,647913.5501
1/10/2017,12.41857082,632318.1273
1/11/2017,11.20542636,783056.2007
1/12/2017,11.9887867,833489.4154
1/13/2017,12.51044754,923771.9803
1/14/2017,12.33045084,840806.5023
1/15/2017,12.27248488,791590.3012
1/16/2017,12.98032296,975232.1611
1/17/2017,14.15521311,1231705.366
1/18/2017,13.94205846,1057595.866
1/19/2017,15.13795914,1668723.37
1/20/2017,15.03296331,1568432.769
1/21/2017,14.85887666,1081390.785
1/22/2017,15.02638355,1093297.238
1/23/2017,15.07539468,764673.1521
1/24/2017,13.88353127,1396055.868
1/25/2017,14.00480727,1408250.754
1/26/2017,14.99221492,912660.8401
1/27/2017,15.3890592,896622.9205
1/28/2017,15.2642428,775224.2979
1/29/2017,15.37852712,762213.2263
1/30/2017,15.96944803,1292464.142
1/31/2017,16.07691889,952458.91
2/1/2017,15.96533674,1365948.73
2/2/2017,16.39441873,815793.723
2/3/2017,17.15165786,1128577.093
2/4/2017,17.37760403,1109095.48
2/5/2017,16.86185415,1114890.796
2/6/2017,16.68964414,799690.7914
2/7/2017,17.2555811,789015.2047
2/8/2017,17.19942187,888188.768
2/9/2017,16.38416327,1095500.807
2/10/2017,16.70376964,916919.4083
2/11/2017,17.26433254,740897.1762
2/12/2017,16.90844364,806509.8129
2/13/2017,16.94717939,751750.479
2/14/2017,18.40972485,1319595.739
2/15/2017,19.59324254,2581793.034
2/16/2017,19.57927176,1974720.936
2/17/2017,20.1913703,1139180.576
2/18/2017,21.41250588,2430618.883
2/19/2017,23.19164093,4650862.131
2/20/2017,21.92261363,2946968.478
2/21/2017,21.33706239,3269980.739
2/22/2017,22.25073744,1889775.578
2/23/2017,25.3722457,3596275.386
2/24/2017,27.17746095,8115091.001
2/25/2017,27.0063692,6444926.188
2/26/2017,28.4916081,3345086.003
2/27/2017,28.48886949,2799998.781
2/28/2017,32.7276683,8404445.217
3/1/2017,43.19222857,28083002.59
3/2/2017,43.79336765,55728619.92
3/3/2017,47.32385573,28819319.75
3/4/2017,43.82151626,10839080.5
3/5/2017,42.57272889,9143869.765
3/6/2017,46.7064367,9705762.574
3/7/2017,46.29052309,6221312.866
3/8/2017,42.41317426,4889516.788
3/9/2017,50.79527741,15844870.25
3/10/2017,50.45636722,20072577.22
3/11/2017,73.83999489,47900279.08
3/12/2017,77.69368898,39328112.78
3/13/2017,75.7651264,27779582.57
3/14/2017,89.09950966,27528080.41
3/15/2017,99.83671928,51418994.01
3/16/2017,88.28856017,44354336.21
3/17/2017,91.96353326,31372774.24
3/18/2017,108.3131277,50218319.75
3/19/2017,107.290074,31938100.18
3/20/2017,100.9510636,14589175.01
3/21/2017,95.40515179,26336899.43
3/22/2017,101.0429918,34574935.24
3/23/2017,100.5650088,9665324.902
3/24/2017,97.84000747,17395655.42
3/25/2017,94.31471009,13808074.53
3/26/2017,91.50496295,12533544.01
3/27/2017,83.79877243,27673351.81
3/28/2017,87.83482251,14584466.34
3/29/2017,84.52213372,6567975.766
3/30/2017,80.2952171,12346532.54
3/31/2017,75.64137738,20268498.29
4/1/2017,69.76197341,10610756.17
4/2/2017,58.70319691,13346756.32
4/3/2017,57.48893853,27957292.19
4/4/2017,62.07285887,20305509.81
4/5/2017,73.99992706,19308246.29
4/6/2017,67.41800564,12133619.14
4/7/2017,67.38364779,6392658.976
4/8/2017,68.11436992,3945217.333
4/9/2017,69.0478992,3173748.257
4/10/2017,61.82463091,5236037.536
4/11/2017,61.76446247,7040625.392
4/12/2017,68.76581527,16218712.17
4/13/2017,72.53814137,21116453.14
4/14/2017,71.53630002,11498575.08
4/15/2017,75.73016174,10811191.3
4/16/2017,75.63804119,5900593.487
4/17/2017,76.44231363,4599534.404
4/18/2017,72.93750342,8387134.43
4/19/2017,72.76812318,6026278.201
4/20/2017,72.75607623,5669700.975
4/21/2017,72.55173577,5100690.608
4/22/2017,72.13898884,4451848.944
4/23/2017,70.87661457,4086390.445
4/24/2017,72.61953997,4272386.769
4/25/2017,72.181819,4471112.954
4/26/2017,72.21484619,5874026.314
4/27/2017,79.53351214,11791250.02
4/28/2017,81.20268266,9689080.135
4/29/2017,96.98743059,36503124.46
4/30/2017,92.49271218,13094100.88
5/1/2017,86.9164008,16723221.53
5/2/2017,86.46029552,12088999.76
5/3/2017,90.73789458,11845441.58
5/4/2017,91.37985163,16414272.61
5/5/2017,96.00760367,22404265.78
5/6/2017,98.06532911,9387834.589
5/7/2017,103.8715944,21430092.24
5/8/2017,96.21211143,17915057.93
5/9/2017,92.07813841,25296028.26
5/10/2017,89.89277331,8607271.122
5/11/2017,89.57732005,7065146.908
5/12/2017,85.88552864,6460565.287
5/13/2017,88.05357922,6880610.836
5/14/2017,88.35590194,3824703.502
5/15/2017,90.01715212,9480910.319
5/16/2017,83.89629349,6334740.286
5/17/2017,82.56706119,9642547.1
5/18/2017,89.69282474,8818224.795
5/19/2017,100.1154523,15372666.38
5/20/2017,99.68832922,11003009.01
5/21/2017,101.8139021,9939909.318
5/22/2017,118.3227202,53901942.25
5/23/2017,134.1904556,34567317.21
5/24/2017,144.6653084,31734442.08
5/25/2017,123.240429,26658068.42
5/26/2017,114.1560016,15445801.86
5/27/2017,100.9693889,14381621.34
5/28/2017,109.9430647,10707894.89
5/29/2017,117.6253464,9648896.083
5/30/2017,119.8141118,15877827.7
5/31/2017,138.1964542,22780164.22
6/1/2017,137.6911995,28154189.3
6/2/2017,146.9887025,16774500.48
6/3/2017,145.0176032,15096750.57
6/4/2017,145.7136673,10323865.57
6/5/2017,146.8820454,19426184.74
6/6/2017,148.3866308,35873572
6/7/2017,139.7750777,17966119.39
6/8/2017,146.328081,11532535.13
6/9/2017,148.4672663,8308431.433
6/10/2017,153.7869125,15325579.23
6/11/2017,188.9203618,83754215.18
6/12/2017,171.7723999,33885991.6
6/13/2017,183.7066545,18421854.46
6/14/2017,161.8329313,24303481.44
6/15/2017,161.0812271,13844764.41
6/16/2017,164.1168598,7688132.264
6/17/2017,180.8316513,18638734.36
6/18/2017,193.1141738,25381587.31
6/19/2017,199.3545885,33835784.2
6/20/2017,192.789365,25116824.15
6/21/2017,181.0800175,16580720.87
6/22/2017,184.1582845,8594427.484
6/23/2017,189.1862845,7791217.958
6/24/2017,180.3770586,6072198.317
6/25/2017,171.9264887,7746484.544
6/26/2017,165.7825131,14522034.65
6/27/2017,174.326224,15711062.23
6/28/2017,183.7974612,16193765.97
6/29/2017,176.3587592,13042852.93
6/30/2017,178.0400844,13034385.12
7/1/2017,164.5945215,12444043.87
7/2/2017,173.5020343,11417731.94
7/3/2017,179.2571398,10612129.74
7/4/2017,183.2150821,8199645.507
7/5/2017,208.919351,32428067.13
7/6/2017,210.6851662,41311407.09
7/7/2017,191.914337,18506759.39
7/8/2017,210.2295516,17543660.32
7/9/2017,197.6075227,8592768.183
7/10/2017,173.3644482,13424044.08
7/11/2017,166.1055764,20321232.17
7/12/2017,179.440944,9789431.546
7/13/2017,170.8205539,7458970.862
7/14/2017,161.3625972,6081802.687
7/15/2017,141.572649,9112475.398
7/16/2017,131.7443967,12629912.97
7/17/2017,150.3955327,8718132.549
7/18/2017,157.4621869,9232406.917
7/19/2017,155.4639303,8811457.418
7/20/2017,184.4044835,34237371.26
7/21/2017,185.1778083,16139360.52
7/22/2017,193.7460145,11616498.58
7/23/2017,190.3431781,8502130.953
7/24/2017,203.7897932,28152298.89
7/25/2017,194.7178881,27881706.09
7/26/2017,196.2767537,11478073.3
7/27/2017,192.8583922,15605713.06
7/28/2017,183.3872845,20119559.94
7/29/2017,186.7269237,17850857.22
7/30/2017,170.9071759,14023960.75
7/31/2017,178.7968354,17566732.94
8/1/2017,184.6300793,16840263.91
8/2/2017,182.3239895,9532077.064
8/3/2017,187.2077645,10770880.08
8/4/2017,186.3241446,13504267.97
8/5/2017,192.3677086,20190700.12
8/6/2017,187.1587245,13182622.55
8/7/2017,194.9226375,21397693.64
8/8/2017,202.7426049,20171313.88
8/9/2017,199.5994502,20216305.8
8/10/2017,198.9248032,20180476.39
8/11/2017,202.1255037,19368754.32
8/12/2017,202.0817893,20962976.31
8/13/2017,196.1493916,26946887.01
8/14/2017,194.1642493,22285710.98
8/15/2017,201.1565599,27626679.74
8/16/2017,228.5865614,55254608.07
8/17/2017,228.9938171,55380608.25
8/18/2017,224.6841151,45979566.3
8/19/2017,274.7068249,110598799.8
8/20/2017,288.784986,112223351.1
8/21/2017,277.782448,50334589.92
8/22/2017,290.1453738,65294687.72
8/23/2017,291.5797244,41729730.93
8/24/2017,310.5188032,51421615.2
8/25/2017,311.6051945,46910414.61
8/26/2017,393.4604358,253050443.5
8/27/2017,358.9799776,106892931.8
8/28/2017,350.91789,51327531.22
8/29/2017,352.2852301,43731177.72
8/30/2017,367.3365885,39198919.89
8/31/2017,377.0911473,29897533.4
9/1/2017,390.2985353,48078111.58
9/2/2017,346.4209734,45359970.41
9/3/2017,358.7954667,29324227.06
9/4/2017,319.1033669,37307765.68
9/5/2017,328.8028894,48828508.08
9/6/2017,345.7417783,30631264.41
9/7/2017,342.3344248,20469262.18
9/8/2017,334.6345525,56048670.92
9/9/2017,322.3059386,19425803.68
9/10/2017,318.2891529,22990386.83
9/11/2017,317.7547256,20634212.22
9/12/2017,325.2620909,24196189.36
9/13/2017,300.8143649,24299940.6
9/14/2017,233.2000767,28862763.74
9/15/2017,282.7595965,66965780.9
9/16/2017,293.6579069,39732140.75
9/17/2017,306.9993523,35153747.68
9/18/2017,329.7163189,49719637.97
9/19/2017,323.9370293,31467806.25
9/20/2017,341.6993183,69759416.55
9/21/2017,330.9233404,138672620
9/22/2017,347.9758333,86438820.32
9/23/2017,349.6280678,51416684.07
9/24/2017,330.4966917,103904617.7
9/25/2017,341.4351691,53096713.76
9/26/2017,337.4910201,41374880.49
9/27/2017,342.6850617,46463611.01
9/28/2017,334.7313485,44305515.99
9/29/2017,325.0474724,33322191.5
9/30/2017,324.7049737,23501137.09
10/1/2017,314.0982145,21227022.91
10/2/2017,307.1784218,26352282.67
10/3/2017,296.0622239,31269130.23
10/4/2017,306.0646082,35847460.68
10/5/2017,304.4104368,24192564.05
10/6/2017,304.7527481,19333595.74
10/7/2017,309.895567,25058232.49
10/8/2017,300.5578933,29997183.98
10/9/2017,282.1857499,45813357.12
10/10/2017,291.8486534,30152942.7
10/11/2017,298.5146217,23259622.14
10/12/2017,289.096358,34117199.91
10/13/2017,309.137488,60935658.15
10/14/2017,312.6181492,36186207.17
10/15/2017,309.0653841,38760718.07
10/16/2017,300.3974818,30825232.88
10/17/2017,300.4713697,36176879.14
10/18/2017,296.9336197,32456322.79
10/19/2017,295.7647144,24839822.42
10/20/2017,287.2024734,38887914.18
10/21/2017,279.2656178,39205006.41
10/22/2017,275.8768276,39191983.1
10/23/2017,289.8813798,47600187.97
10/24/2017,294.3684678,52674613.91
10/25/2017,288.0544801,32908142.32
10/26/2017,284.8628819,39897748.72
10/27/2017,281.5916368,30908708.21
10/28/2017,275.3338921,39608257.42
10/29/2017,282.158083,66725336.79
10/30/2017,284.664741,33243793.2
10/31/2017,275.7288529,39770167.99
11/1/2017,270.9519608,41504915.52
11/2/2017,262.5167492,60453381.27
11/3/2017,281.4905364,56049183.36
11/4/2017,274.8351684,41413390.66
11/5/2017,274.2620927,34521493.84
11/6/2017,279.2505828,52784550.21
11/7/2017,294.6249636,81834945.37
11/8/2017,316.0382521,90770144.4
11/9/2017,328.3289712,98830433.89
11/10/2017,331.5336068,102368329.6
11/11/2017,349.0042512,76522683.54
11/12/2017,542.2774432,396620040.1
11/13/2017,426.7526696,221628325.5
11/14/2017,428.5201092,84625710.06
11/15/2017,426.6811861,83884515.33
11/16/2017,416.2298731,77894963.19
11/17/2017,426.6161187,78913171.62
11/18/2017,454.326643,123271093.2
11/19/2017,440.2992385,66519226.82
11/20/2017,480.7533019,68206384.93
11/21/2017,489.7937003,230354261.5
11/22/2017,581.0336359,338613626.9
11/23/2017,570.7816017,145753360.4
11/24/2017,568.3431151,104411388
11/25/2017,648.1721213,205989711.2
11/26/2017,631.3470902,122356304.7
11/27/2017,640.3166817,111562712.2
11/28/2017,639.5655069,126404770.3
11/29/2017,682.9669183,366895970.4
11/30/2017,798.8041455,457338594.2
12/1/2017,803.6707329,254085630.9
12/2/2017,791.6544455,163855184.5
12/3/2017,767.9403291,142230064.8
12/4/2017,777.5247449,123503405.1
12/5/2017,760.8222297,135974506.6
12/6/2017,727.6422599,124604581.2
12/7/2017,750.2246777,186462068.9
12/8/2017,745.0720773,257172705.4
12/9/2017,739.4869129,155073598.6
12/10/2017,698.9970691,162814812.1
12/11/2017,774.0317756,162630006.2
12/12/2017,911.2950416,286354951.6
12/13/2017,888.242341,239216575.9
12/14/2017,961.0506403,210071945.7
12/15/2017,914.2802119,181871019.7
12/16/2017,1000.933238,181866471.8
12/17/2017,1110.767554,430649568.8
12/18/2017,1191.088314,268739075.9
12/19/2017,1205.310374,290124323.3
12/20/2017,1493.590761,473873642.4
12/21/2017,1473.941297,459033054.4
12/22/2017,1222.693661,422019223.7
12/23/2017,1349.250052,272820921.4
12/24/2017,1234.339232,200645836.6
12/25/2017,1201.76356,181711165.1
12/26/2017,1239.430902,188120441.1
12/27/2017,1193.005112,173464953.3
12/28/2017,1151.855337,147371508.2
12/29/2017,1136.27371,157365740.5
12/30/2017,1070.555372,152978209.1
12/31/2017,1082.022187,132405170
1/1/2018,1064.80616,120444639.1
1/2/2018,1194.636229,207014330.2
1/3/2018,1161.002029,147496408.8
1/4/2018,1177.132089,211979491.7
1/5/2018,1149.211144,189791834
1/6/2018,1220.51378,168631316
1/7/2018,1206.581535,173474565.3
1/8/2018,1134.773717,175309779.7
1/9/2018,1176.506846,183687829.9
1/10/2018,1136.593046,166788587.3
1/11/2018,1040.703886,136025147.4
1/12/2018,1102.736142,114178795.5
1/13/2018,1154.929892,146161701.2
1/14/2018,1050.927564,142249416.9
1/15/2018,979.0225876,141572970.7
1/16/2018,765.4089691,210041526.6
1/17/2018,807.6516965,155038224.7
1/18/2018,840.5797388,127066136.8
1/19/2018,857.4981392,86290291.19
1/20/2018,951.9260234,110022988.6
1/21/2018,828.8552826,75804334.67
1/22/2018,767.6945935,71784871.12
1/23/2018,761.1769469,76533780.93
1/24/2018,784.7380656,49829835.59
1/25/2018,795.0184464,76357988.29
1/26/2018,777.2004778,77156883.36
1/27/2018,777.438798,75606261.71
1/28/2018,812.8462697,91050378.48
1/29/2018,765.4686082,91695089.83
1/30/2018,760.0834005,91612775.34
1/31/2018,675.1791498,82135881.52
2/1/2018,694.4756777,71044810.27
2/2/2018,613.1946891,67197365.96
2/3/2018,586.1312936,104679436.3
2/4/2018,623.7220957,64717169.35
2/5/2018,555.474683,58656345.33
2/6/2018,442.9793691,51173400.71
2/7/2018,526.3791188,85184919.91
2/8/2018,523.21149,58455309.27
2/9/2018,602.4105856,66225854.11
2/10/2018,634.0609027,66813110.86
2/11/2018,635.5134071,91339485.36
2/12/2018,587.4723147,64051683.39
2/13/2018,622.4102905,53363361.83
2/14/2018,598.9057381,54808806.01
2/15/2018,679.7810847,108247332.5
2/16/2018,703.5240775,94120099.75
2/17/2018,698.7918228,71571294.76
2/18/2018,740.5985029,89918956
2/19/2018,692.0353387,72548852.14
2/20/2018,727.4853023,60485045.29
2/21/2018,702.3440486,90575571.72
2/22/2018,638.4170381,74775492.2
2/23/2018,640.6792465,75062707.23
2/24/2018,638.8169569,58939244.92
2/25/2018,591.6060778,54171831.22
2/26/2018,596.7889455,47513250.84
2/27/2018,624.7574423,49250301.98
2/28/2018,617.1278317,64683371.79
3/1/2018,586.5731899,79226888.58
3/2/2018,613.3515257,88366771.95
3/3/2018,607.7377652,92544559.96
3/4/2018,605.9947199,95825626.32
3/5/2018,608.7146218,99480970.22
3/6/2018,612.3958988,101088457.1
3/7/2018,579.4700297,104140180.1
3/8/2018,519.830541,97749073.91
3/9/2018,495.6262506,95824345.37
3/10/2018,490.8510171,97245670
3/11/2018,485.6662242,79236077.59
3/12/2018,530.7285523,93249489.35
3/13/2018,503.5538472,77760869.35
3/14/2018,488.9690634,76749394.71
3/15/2018,427.1833424,89944036.25
3/16/2018,422.8433917,88454079.96
3/17/2018,432.7179135,95809168.23
3/18/2018,392.6442427,87574564.48
3/19/2018,394.5061483,113203472.2
3/20/2018,411.6476104,109103589.5
3/21/2018,431.6396013,109530975.8
3/22/2018,436.8640975,112345155.5
3/23/2018,413.0625537,85233198.23
3/24/2018,429.7303571,106404622.5
3/25/2018,424.556192,107666628.8
3/26/2018,412.4338496,94909120.7
3/27/2018,391.2092553,99335543.47
3/28/2018,355.7499807,80303390.33
3/29/2018,350.6917177,96265182.78
3/30/2018,330.0458622,101303728.8
3/31/2018,313.2612394,79704109.78
4/1/2018,307.3969652,64375641.32
4/2/2018,292.8782689,74198900.48
4/3/2018,313.6846012,69474093.73
4/4/2018,341.5836059,82459588.2
4/5/2018,301.2597814,60378351.51
4/6/2018,304.0150366,57296649.9
4/7/2018,286.7313893,51230209.97
4/8/2018,297.4727455,56106893.49
4/9/2018,310.182522,59120200.27
4/10/2018,299.8748787,57976683.22
4/11/2018,299.7788789,62138558.15
4/12/2018,308.4689443,61169836.95
4/13/2018,351.5413189,84835389.14
4/14/2018,352.0848307,81833687.5
4/15/2018,353.7876548,63438791.08
4/16/2018,378.5061474,72861695.74
4/17/2018,363.2292952,121920985
4/18/2018,361.8397066,113227755.7
4/19/2018,418.6492189,121678441.9
4/20/2018,432.6303411,97102564.07
4/21/2018,449.6017182,99483704.18
4/22/2018,443.622406,79613744.42
4/23/2018,466.8445804,92612511.97
4/24/2018,502.0968386,135510125.5
4/25/2018,530.7483124,128083171.4
4/26/2018,462.860852,104398049.4
4/27/2018,502.5354465,94239737.77
4/28/2018,471.9731215,84417928.63
4/29/2018,493.0343389,77639149.83
4/30/2018,495.1290728,82184573.68
5/1/2018,470.8906378,80924961.91
5/2/2018,476.3314971,84150932.89
5/3/2018,482.6707034,78389447.96
5/4/2018,498.55592,59728702.84
5/5/2018,484.5612602,100232125.9
5/6/2018,505.2356507,100606981
5/7/2018,483.5750645,84052152.76
5/8/2018,456.1745704,91078870.77
5/9/2018,440.8003324,83477674.07
5/10/2018,440.8048234,87353931.6
5/11/2018,416.698279,78206671.42
5/12/2018,392.6607698,90714895.66
5/13/2018,404.8876284,61520513.8
5/14/2018,416.5694854,85724070.05
5/15/2018,433.8804503,143249649.2
5/16/2018,428.9461085,158758620.9
5/17/2018,412.7740486,164357258.3
5/18/2018,386.9465277,181564394.6
5/19/2018,394.9102382,109901124.7
5/20/2018,383.6652419,83698554.63
5/21/2018,399.0814306,78284478.06
5/22/2018,383.8556561,69763675.59
5/23/2018,358.6365559,63551327.22
5/24/2018,342.9455715,67834878.79
5/25/2018,343.8977589,71857724.56
5/26/2018,339.4344315,61307366.71
5/27/2018,322.6228758,61062987.07
5/28/2018,315.3216679,59953880.17
5/29/2018,287.0361661,64345833.47
5/30/2018,317.3193584,72255967.99
5/31/2018,303.3900838,61743415.94
6/1/2018,305.1456501,58985082.06
6/2/2018,314.332784,70000371.5
6/3/2018,319.6280556,65237626.01
6/4/2018,328.5074914,62321298.9
6/5/2018,316.128103,64692942.02
6/6/2018,316.7262296,65723363.65
6/7/2018,313.9576133,62549298.11
6/8/2018,310.9316961,61443739.17
6/9/2018,309.6601645,54315882.79
6/10/2018,296.066506,63394611.97
6/11/2018,271.4389703,57980723.75
6/12/2018,271.5183804,52319602.36
6/13/2018,261.8158505,60528790.66
6/14/2018,246.3505519,109016014.1
6/15/2018,268.0686468,105878388.4
6/16/2018,256.3641157,138892459.3
6/17/2018,265.3259412,118333483.4
6/18/2018,263.3354269,108047929.7
6/19/2018,263.4869303,126720143.2
6/20/2018,260.4811985,135644640.7
6/21/2018,264.0379176,86706650.65
6/22/2018,260.4854658,46028990.51
6/23/2018,237.8980384,54535088.51
6/24/2018,244.3912236,51491308.83
6/25/2018,238.7091404,112621361.2
6/26/2018,240.9261713,122983810.8
6/27/2018,230.6140556,178991607
6/28/2018,228.6001103,150314312.4
6/29/2018,220.3218713,162219577.3
6/30/2018,234.2185213,143639424.3
7/1/2018,237.6251607,108301702
7/2/2018,234.4608775,205186041.4
7/3/2018,249.7155125,155845365.3
7/4/2018,239.748128,191231537.2
7/5/2018,245.1059025,243418231.1
7/6/2018,241.1016993,231818471.3
7/7/2018,242.0014903,210408531.5
7/8/2018,246.6012569,157547884.9
7/9/2018,243.1058882,178765384.4
7/10/2018,231.5452269,189794743.6
7/11/2018,220.3802134,182547652.8
7/12/2018,217.3211925,242457093.1
7/13/2018,212.2188022,237233702.6
7/14/2018,218.8647746,239649715.7
7/15/2018,223.5088499,117194525.1
7/16/2018,231.0474121,136663019.9
7/17/2018,245.9266133,173251892.6
7/18/2018,259.5448653,224904249.4
7/19/2018,264.5564233,281621921.9
7/20/2018,259.6082566,261936178.7
7/21/2018,247.0935139,202445927
7/22/2018,254.3603039,173399854.7
7/23/2018,250.2023517,179587196.3
7/24/2018,242.205853,206193076.7
7/25/2018,253.8643879,127080345.8
7/26/2018,246.4298303,162492957.6
7/27/2018,241.9371176,179363636.4
7/28/2018,244.2524593,176794074.7
7/29/2018,240.5991492,206958771.5
7/30/2018,239.8565063,120952689
7/31/2018,235.6000688,480234056.1
8/1/2018,218.0418258,202901469
8/2/2018,218.7789612,172223946.9
8/3/2018,210.7615362,180390173.6
8/4/2018,211.1579357,253832170
8/5/2018,202.8185905,301509628.6
8/6/2018,206.230178,346901180.4
8/7/2018,199.5803442,365020809.3
8/8/2018,187.044326,179763577.7
8/9/2018,172.213094,336222600.7
8/10/2018,183.0128952,223674295.2
8/11/2018,168.4137776,369086204.4
8/12/2018,165.9825787,217748917.5
8/13/2018,167.3430288,289830380.4
8/14/2018,144.5404364,274929997.9
8/15/2018,138.2330507,321967305.4
8/16/2018,153.4581603,370433643.6
8/17/2018,150.8531782,296073620.2
8/18/2018,166.6328326,350298402.1
8/19/2018,151.7257276,422854384.7
8/20/2018,154.5011079,599459733.5
8/21/2018,141.7245744,322907221.7
8/22/2018,141.7599144,438712315.2
8/23/2018,136.192684,296741694.8
8/24/2018,140.5499245,334815365.6
8/25/2018,145.0417298,346528034.7
8/26/2018,144.787204,689701418.9
8/27/2018,141.4654917,377523246
8/28/2018,184.8763001,574741357
8/29/2018,194.4081064,414720745.3
8/30/2018,189.0583246,278575569.7
8/31/2018,183.6966336,397366019.9
9/1/2018,194.5716546,418379805.6
9/2/2018,220.3520197,462620924.2
9/3/2018,212.203875,617966825.5
9/4/2018,217.1306433,412344552.9
9/5/2018,216.7218651,311522092.7
9/6/2018,174.1020733,296494849.6
9/7/2018,180.82031,349017661.2
9/8/2018,186.4416344,360515260.2
9/9/2018,185.3569371,420803861.6
9/10/2018,193.2075233,406341567.3
9/11/2018,201.0326044,369245968.5
9/12/2018,187.0979014,314609833.9
9/13/2018,185.3488631,352965330.9
9/14/2018,192.5220995,338130119.5
9/15/2018,191.142464,359009563.3
9/16/2018,191.718911,307407455.1
9/17/2018,192.5837055,428889125.8
9/18/2018,183.6201108,304613950.2
9/19/2018,190.5802716,421761506
9/20/2018,191.3199661,315355333.3
9/21/2018,200.7401809,325901771.8
9/22/2018,209.1974399,301106942.3
9/23/2018,206.1478218,460946823.5
9/24/2018,205.2580191,342778867.9
9/25/2018,197.7699796,409667218.6
9/26/2018,189.7314889,243905573.9
9/27/2018,184.262656,218821199.1
9/28/2018,195.0281946,316086794.7
9/29/2018,187.5689115,240019780.8
9/30/2018,188.5020984,456730344.3
10/1/2018,187.6831177,415571178
10/2/2018,187.3741611,532459412.1
10/3/2018,181.7250789,365405686.1
10/4/2018,178.1125992,402562087.3
10/5/2018,181.0696354,394356920.5
10/6/2018,182.5578784,290803900.1
10/7/2018,181.3001997,362115085.5
10/8/2018,180.8462563,305607526.2
10/9/2018,182.8248813,260677645.4
10/10/2018,181.1437214,282623984.7
10/11/2018,179.006214,479720507.3
10/12/2018,157.6265268,273999541.7
10/13/2018,158.7072434,354721291.6
10/14/2018,162.3422033,197104522.9
10/15/2018,158.7300295,273966747.7
10/16/2018,167.3930016,282484708.3
10/17/2018,165.5401693,319656114.1
10/18/2018,163.1243874,286588187.3
10/19/2018,156.1746561,261572139.3
10/20/2018,154.3286185,237155075
10/21/2018,156.680935,249157533.4
10/22/2018,155.9735142,318122085
10/23/2018,153.7325583,202086653.6
10/24/2018,154.5601903,329766667.7
10/25/2018,156.649223,290806875.8
10/26/2018,155.857254,353669880.4
10/27/2018,156.2310388,352807761.9
10/28/2018,153.6433747,330651376.1
10/29/2018,156.692143,223188523.6
10/30/2018,149.9184681,283104416.2
10/31/2018,153.6623172,218440464.3
11/1/2018,153.2614375,302275605.8
11/2/2018,153.8625038,395318587.1
11/3/2018,155.5961812,314499773.9
11/4/2018,155.8203293,270638361.4
11/5/2018,162.3218533,247032633.6
11/6/2018,164.4414086,277206095.5
11/7/2018,171.0122317,275640883
11/8/2018,167.4174242,431148043.4
11/9/2018,165.9040348,334130971.2
11/10/2018,160.4984742,406317339.8
11/11/2018,162.1968186,434450214.2
11/12/2018,160.3588376,548925609.2
11/13/2018,163.2842308,684941344.8
11/14/2018,162.3566907,746697477.3
11/15/2018,146.861371,465021493.4
11/16/2018,139.8682,350090395.9
11/17/2018,139.3596381,638898592.9
11/18/2018,134.5581071,610160346.4
11/19/2018,133.2593874,356488939.5
11/20/2018,111.7347114,638493631
11/21/2018,105.51465,364844593.1
11/22/2018,114.8219153,734724579
11/23/2018,103.0097157,479697196.4
11/24/2018,100.8209007,670849695
11/25/2018,94.27224812,571872485.5
11/26/2018,92.28572154,794405366.1
11/27/2018,90.6087233,349843490.3
11/28/2018,90.39191593,608720407.3
11/29/2018,99.63502677,451064971.9
11/30/2018,97.50641422,703791248.9
12/1/2018,92.81120762,775059137.2
12/2/2018,95.11794328,451527730.4
12/3/2018,92.86667576,502471213.7
12/4/2018,85.53580235,706372620.4
12/5/2018,85.46865099,388777360.6
