Date,Doge_price,Doge_volume
12/27/2013,0.000543996,408643
12/28/2013,0.000532584,478134
12/29/2013,0.000411506,316038
12/30/2013,0.000439315,327022
12/31/2013,0.000439037,307971
1/1/2014,0.000430158,307264
1/2/2014,0.000350672,284156
1/3/2014,0.000316052,329196
1/4/2014,0.000283071,277419
1/5/2014,0.000271539,266031
1/6/2014,0.000253149,263267
1/7/2014,0.000230597,217425
1/8/2014,0.000208132,162084
1/9/2014,0.000248608,310963
1/11/2014,0.000362246,566763
1/12/2014,0.000361226,988125
1/13/2014,0.000330092,285017
1/14/2014,0.000287256,407551
1/15/2014,0.000349957,609000
1/16/2014,0.000415157,1233290
1/17/2014,0.000392365,505645
1/18/2014,0.000428886,728832
1/19/2014,0.00058569,2988120
1/20/2014,0.000775166,4130400
1/21/2014,0.00182836,15755000
1/22/2014,0.00180151,8429050
1/23/2014,0.00154185,5292870
1/24/2014,0.00166759,5455430
1/25/2014,0.00181085,4218540
1/26/2014,0.00176971,2999100
1/27/2014,0.001627,4380960
1/28/2014,0.00134193,2342040
1/29/2014,0.00138856,1655470
1/30/2014,0.00147485,2315200
1/31/2014,0.00153493,1761990
2/1/2014,0.00151513,942077
2/2/2014,0.00141438,1078910
2/3/2014,0.0013343,2666580
2/4/2014,0.00112303,2153020
2/5/2014,0.00131251,2776340
2/6/2014,0.00131023,2558690
2/7/2014,0.00112279,1300450
2/8/2014,0.00113238,920436
2/9/2014,0.00121532,1606290
2/10/2014,0.0011935,3879580
2/11/2014,0.00161707,5329270
2/12/2014,0.00188563,9410190
2/13/2014,0.00175899,6483360
2/14/2014,0.00161686,6790370
2/15/2014,0.00146291,5157380
2/16/2014,0.00142968,2040190
2/17/2014,0.00138101,2677330
2/18/2014,0.00135626,1810460
2/19/2014,0.00137966,2543810
2/20/2014,0.00124931,2579030
2/21/2014,0.00119494,2244760
2/22/2014,0.00126595,1357950
2/23/2014,0.00120106,2717000
2/24/2014,0.00109749,2002070
2/25/2014,0.000961442,4562050
2/26/2014,0.00112214,2828610
2/27/2014,0.00116223,1653380
2/28/2014,0.00107782,1520760
3/1/2014,0.00106775,1287020
3/2/2014,0.00095904,1462920
3/3/2014,0.00106144,3500170
3/4/2014,0.00109541,3702770
3/5/2014,0.00104566,3751760
3/6/2014,0.00107251,1201690
3/7/2014,0.00101126,1115930
3/8/2014,0.000936091,1561350
3/9/2014,0.000841285,1392230
3/10/2014,0.000874257,1410540
3/11/2014,0.000788657,1512960
3/12/2014,0.000753436,3095220
3/13/2014,0.000921094,4802550
3/14/2014,0.000876001,2034310
3/15/2014,0.000868323,981617
3/16/2014,0.000836688,842284
3/17/2014,0.000804792,826392
3/18/2014,0.000769584,1440580
3/19/2014,0.000788749,1404530
3/20/2014,0.000764596,1344220
3/21/2014,0.00071964,851266
3/22/2014,0.000692668,2159120
3/23/2014,0.000683207,721895
3/24/2014,0.000699837,1106710
3/25/2014,0.000674813,1058880
3/26/2014,0.000645324,825569
3/27/2014,0.000546422,1466000
3/28/2014,0.000529737,2656380
3/29/2014,0.000615123,1535000
3/30/2014,0.000531038,1425080
3/31/2014,0.000502323,1380130
4/1/2014,0.000536162,
4/2/2014,0.000476891,
4/3/2014,0.000442611,
4/4/2014,0.000466834,
4/5/2014,0.000478771,
4/6/2014,0.00046531,
4/7/2014,0.000459803,781320
4/8/2014,0.000454968,
4/9/2014,0.000435796,
4/10/2014,0.000324757,
4/11/2014,0.000428457,
4/12/2014,0.000412247,
4/13/2014,0.000377604,
4/14/2014,0.000443905,
4/15/2014,0.000577337,
4/16/2014,0.000703786,
4/17/2014,0.000622944,
4/18/2014,0.000588224,
4/19/2014,0.00063697,
4/20/2014,0.000621647,
4/21/2014,0.000605988,
4/22/2014,0.000572127,301520.9758
4/23/2014,0.000565529,382004.4158
4/24/2014,0.000568414,457138.6825
4/25/2014,0.000500099,1530049.617
4/26/2014,0.000471952,461904.2951
4/27/2014,0.00044668,379467.392
4/28/2014,0.000471874,909066.6637
4/29/2014,0.00049203,689680.711
4/30/2014,0.000502846,584361.8656
5/1/2014,0.000509702,250601.955
5/2/2014,0.000483386,260767.7618
5/3/2014,0.000455735,242558.5808
5/4/2014,0.000472998,278299.4588
5/5/2014,0.000454821,267164.9004
5/6/2014,0.000448102,366207.1038
5/7/2014,0.000470051,320111.2165
5/8/2014,0.000463605,244134.3656
5/9/2014,0.000483293,338134.6094
5/10/2014,0.00048418,249835.7606
5/11/2014,0.000453735,206683.9319
5/12/2014,0.000447974,270484.6371
5/13/2014,0.000450424,197555.7812
5/14/2014,0.000453132,235677.4878
5/15/2014,0.00044425,321964.6433
5/16/2014,0.000445165,281078.494
5/17/2014,0.000445853,137637.5973
5/18/2014,0.000439771,181465.1356
5/19/2014,0.00044387,194345.6351
5/20/2014,0.000459246,330817.4288
5/21/2014,0.000454558,352556.6896
5/22/2014,0.000428539,647432.5554
5/23/2014,0.000414335,579951.4388
5/24/2014,0.000428949,293324.4005
5/25/2014,0.000415645,604761.786
5/26/2014,0.000394143,388456.3368
5/27/2014,0.000387243,305845.0489
5/28/2014,0.000388656,236380.4339
5/29/2014,0.000390029,166719.1578
5/30/2014,0.000347842,516748.7025
5/31/2014,0.00033507,357018.8622
6/1/2014,0.000416105,796888.7791
6/2/2014,0.000393846,400827.7282
6/3/2014,0.000387074,318497.3448
6/4/2014,0.000365474,284503.5849
6/5/2014,0.000361955,226241.294
6/6/2014,0.000363233,219138.7416
6/7/2014,0.00035844,170187.7983
6/8/2014,0.000363943,143386.7042
6/9/2014,0.000360587,169154.2088
6/10/2014,0.000382943,256310.8286
6/11/2014,0.000415824,596746.1563
6/12/2014,0.000362992,371718.1416
6/13/2014,0.00037465,209232.9259
6/14/2014,0.000359102,152848.5856
6/15/2014,0.000367548,139572.228
6/16/2014,0.000349587,230593.1263
6/17/2014,0.000358223,93801.61858
6/18/2014,0.00035043,121916.2256
6/19/2014,0.00035021,176623.7845
6/20/2014,0.000347275,153990.786
6/21/2014,0.000339788,141662.3326
6/22/2014,0.000333036,190192.1702
6/23/2014,0.000326144,413141.7928
6/24/2014,0.000307225,337499.2406
6/25/2014,0.000260088,440148.5077
6/26/2014,0.00029497,260341.2513
6/27/2014,0.000290246,197491.2417
6/28/2014,0.00027173,172882.8729
6/29/2014,0.000264511,167112.0011
6/30/2014,0.000265775,227941.4836
7/1/2014,0.000258585,281008.0753
7/2/2014,0.000221218,308134.7681
7/3/2014,0.000215467,217146.3365
7/4/2014,0.000231286,225473.8281
7/5/2014,0.00022097,146895.7395
7/6/2014,0.000232328,165087.1564
7/7/2014,0.000223134,112643.6306
7/8/2014,0.000259771,258465.7807
7/9/2014,0.000280426,582491.0484
7/10/2014,0.000266506,307369.697
7/11/2014,0.000269552,161189.6784
7/12/2014,0.000271961,100272.0565
7/13/2014,0.000266906,119564.0914
7/14/2014,0.000254811,131658.5146
7/15/2014,0.000250034,137313.9475
7/16/2014,0.000233972,187919.6327
7/17/2014,0.000257316,174218.5041
7/18/2014,0.000245011,148123.381
7/19/2014,0.000238612,84045.55392
7/20/2014,0.000236362,104139.77
7/21/2014,0.000231874,70796.74353
7/22/2014,0.000216525,216786.447
7/23/2014,0.000222131,112857.8907
7/24/2014,0.000212213,103790.6702
7/25/2014,0.000211956,72785.15333
7/26/2014,0.000203934,62372.99267
7/27/2014,0.00021726,117616.9233
7/28/2014,0.000203584,124108.5306
7/29/2014,0.000209352,73476.18504
7/30/2014,0.000195876,81071.42228
7/31/2014,0.000206899,73056.81264
8/1/2014,0.000209306,85695.67042
8/2/2014,0.000206284,49681.36874
8/3/2014,0.000200386,73882.22652
8/4/2014,0.000200504,118385.7369
8/5/2014,0.000186253,135289.8557
8/6/2014,0.000179216,120635.7001
8/7/2014,0.0001785,116049.9305
8/8/2014,0.000166853,80292.7155
8/9/2014,0.000166425,56476.7911
8/10/2014,0.000149447,72934.21044
8/11/2014,0.000141628,92772.94047
8/12/2014,0.000147543,99766.10794
8/13/2014,0.00014342,90521.04491
8/14/2014,0.000145295,98873.91309
8/15/2014,0.000118508,227240.5677
8/16/2014,0.000134868,101155.1493
8/17/2014,0.000124635,70795.24127
8/18/2014,0.000106113,107259.4204
8/19/2014,0.000115275,78619.8972
8/20/2014,0.00013028,111784.2578
8/21/2014,0.000130158,89494.68479
8/22/2014,0.000124459,72388.38247
8/23/2014,0.000119025,46313.58933
8/24/2014,0.000122777,34617.84165
8/25/2014,0.000112082,195794.0555
8/26/2014,0.000149681,385095.9962
8/27/2014,0.000138059,98007.89821
8/28/2014,0.000132495,63552.52988
8/29/2014,0.000128317,42301.42366
8/30/2014,0.000133958,42216.21253
8/31/2014,0.000132746,93316.46756
9/1/2014,0.00012974,68161.31342
9/2/2014,0.000129089,50690.91337
9/3/2014,0.000137291,82364.12207
9/4/2014,0.000158443,209731.6904
9/5/2014,0.00016527,137981.0267
9/6/2014,0.000207439,556642.0169
9/7/2014,0.000187254,240019.1888
9/8/2014,0.000177252,237281.5774
9/9/2014,0.000194973,196829.63
9/10/2014,0.000186768,170194.5237
9/11/2014,0.000207794,255972.2583
9/12/2014,0.000206986,180162.1538
9/13/2014,0.000261836,632202.9133
9/14/2014,0.000333056,3035528.395
9/15/2014,0.000325673,1501571.518
9/16/2014,0.000285197,510189.9026
9/17/2014,0.000267652,1383904.966
9/18/2014,0.000296157,2104863.707
9/19/2014,0.000275862,804693.4618
9/20/2014,0.000292522,918721.0892
9/21/2014,0.000285491,458001.7531
9/22/2014,0.000294324,555971.916
9/23/2014,0.000311892,663237.5537
9/24/2014,0.000347973,1194387.039
9/25/2014,0.000370539,2270586.705
9/26/2014,0.000447954,4611696.321
9/27/2014,0.000376304,2787548.081
9/28/2014,0.000392648,2010790.042
9/29/2014,0.000392815,1080299.478
9/30/2014,0.000399048,669288.978
10/1/2014,0.000365063,906327.8969
10/2/2014,0.00033068,1224266.345
10/3/2014,0.000320702,1042460.688
10/4/2014,0.000293975,647947.1414
10/5/2014,0.000274464,1049356.085
10/6/2014,0.000293411,1216829.146
10/7/2014,0.000293397,951136.9241
10/8/2014,0.000289675,651249.589
10/9/2014,0.000290017,631198.5384
10/10/2014,0.000268505,435585.693
10/11/2014,0.000278141,379348.1943
10/12/2014,0.000291254,307482.7899
10/13/2014,0.000283999,340161.0602
10/14/2014,0.00028298,463617.5897
10/15/2014,0.000271553,651654.5653
10/16/2014,0.000256204,304619.1022
10/17/2014,0.000248851,276701.6806
10/18/2014,0.000255008,271633.1102
10/19/2014,0.000238062,228354.6049
10/20/2014,0.000229595,512986.2775
10/21/2014,0.000228078,230042.3513
10/22/2014,0.000253453,961068.4471
10/23/2014,0.000245476,627352.8754
10/24/2014,0.000250126,347354.5953
10/25/2014,0.000248196,175690.4947
10/26/2014,0.000247336,290995.9774
10/27/2014,0.000247703,211222.9423
10/28/2014,0.000253975,303339.6945
10/29/2014,0.000238887,247977.3212
10/30/2014,0.000239216,255217.7095
10/31/2014,0.000235368,148522.9505
11/1/2014,0.000222329,127644.855
11/2/2014,0.000218745,140509.0743
11/3/2014,0.000213787,233688.2728
11/4/2014,0.000209229,239525.2181
11/5/2014,0.00021798,378540.0711
11/6/2014,0.000226246,412287.4863
11/7/2014,0.000216935,203420.6141
11/8/2014,0.000217483,212327.8874
11/9/2014,0.000220832,191859.6184
11/10/2014,0.000217847,317008.7669
11/11/2014,0.000220366,231815.5208
11/12/2014,0.000235893,496543.3901
11/13/2014,0.000245295,894714.3642
11/14/2014,0.000237618,362097.9522
11/15/2014,0.000225261,246302.7018
11/16/2014,0.000223879,199220.9531
11/17/2014,0.000221879,221796.3225
11/18/2014,0.000212433,256395.6527
11/19/2014,0.000213596,220388.7255
11/20/2014,0.000207151,285183.0421
11/21/2014,0.000206789,184034.5204
11/22/2014,0.000213334,255930.1602
11/23/2014,0.00025181,936846.0531
11/24/2014,0.000246105,879094.5672
11/25/2014,0.000243379,480703.4642
11/26/2014,0.000234106,497285.6034
11/27/2014,0.000243037,480839.4688
11/28/2014,0.000246308,208391.366
11/29/2014,0.00024149,205111.375
11/30/2014,0.00024155,132815.4382
12/1/2014,0.00024034,180950.8031
12/2/2014,0.000237825,236154.2434
12/3/2014,0.000235638,251500.2623
12/4/2014,0.000226883,182994.7747
12/5/2014,0.00023382,199932.3182
12/6/2014,0.000228551,386367.106
12/7/2014,0.000227443,294342.6703
12/8/2014,0.000219308,286324.7544
12/9/2014,0.00021011,421230.5246
12/10/2014,0.000208325,400389.3354
12/11/2014,0.000204114,380054.3796
12/12/2014,0.000205322,390160.126
12/13/2014,0.000200861,283616.159
12/14/2014,0.000193977,405262.8318
12/15/2014,0.000187029,454097.4189
12/16/2014,0.000173257,567498.3171
12/17/2014,0.000180533,818520.8214
12/18/2014,0.000175053,562667.7088
12/19/2014,0.000193303,1062975.757
12/20/2014,0.000206048,716119.0582
12/21/2014,0.0001921,434645.6343
12/22/2014,0.000194316,425345.3379
12/23/2014,0.000193673,406501.3532
12/24/2014,0.000187356,305899.1023
12/25/2014,0.000184142,372366.5883
12/26/2014,0.000190731,283822.5177
12/27/2014,0.000182368,300484.8219
12/28/2014,0.000182695,293501.4248
12/29/2014,0.000181086,382140.1571
12/30/2014,0.000178249,355809.7887
12/31/2014,0.000185516,299309.2429
1/1/2015,0.000183114,283845.5006
1/2/2015,0.000183526,363741.7391
1/3/2015,0.000167816,270052.236
1/4/2015,0.000158136,353697.8605
1/5/2015,0.000160336,554935.7358
1/6/2015,0.000168992,287943.3203
1/7/2015,0.000173489,384231.5537
1/8/2015,0.00016912,324927.044
1/9/2015,0.000171007,384908.8344
1/10/2015,0.0001637,304876.7459
1/11/2015,0.000160627,131901.7661
1/12/2015,0.000156898,352221.0149
1/13/2015,0.000133978,521096.8354
1/14/2015,0.000114163,563943.59
1/15/2015,0.000140507,755070.8242
1/16/2015,0.000140618,533320.2641
1/17/2015,0.000135527,245195.8197
1/18/2015,0.000138093,268768.2845
1/19/2015,0.000140495,350070.5084
1/20/2015,0.000141096,370984.2392
1/21/2015,0.000153124,554826.7255
1/22/2015,0.00015497,376078.9893
1/23/2015,0.000155826,285970.8702
1/24/2015,0.000166024,296279.0006
1/25/2015,0.000167714,310219.9209
1/26/2015,0.00016328,644787.5878
1/27/2015,0.000159485,502940.4546
1/29/2015,0.000144888,213944.7192
1/30/2015,0.000141911,183094.7344
1/31/2015,0.000138354,204444.5467
2/1/2015,0.00014374,173339.7319
2/2/2015,0.000150835,155861.892
2/3/2015,0.000145845,261213.6712
2/4/2015,0.000145199,169819.3735
2/5/2015,0.000139759,120768.8927
2/6/2015,0.000144128,70579.22993
2/7/2015,0.000145054,76616.00849
2/8/2015,0.000141647,95512.64125
2/9/2015,0.000140552,67216.40988
2/10/2015,0.000139824,63057.41132
2/11/2015,0.000138432,67361.07735
2/12/2015,0.000140722,52875.72223
2/13/2015,0.00014292,132843.3221
2/14/2015,0.000150574,145686.0868
2/15/2015,0.000141127,156292.8623
2/16/2015,0.000144019,65290.25854
2/17/2015,0.000145636,48121.42597
2/18/2015,0.000141156,47082.90994
2/19/2015,0.000144232,38738.56289
2/20/2015,0.000142961,46557.02528
2/21/2015,0.000143328,36100.27589
2/22/2015,0.000140212,38618.5904
2/23/2015,0.000140842,39948.08637
2/24/2015,0.000141355,45444.00746
2/25/2015,0.000142369,79266.2345
2/26/2015,0.000142308,59735.79486
2/27/2015,0.000145718,121026.0053
2/28/2015,0.000144562,63101.29666
3/1/2015,0.000145884,80891.23447
3/2/2015,0.000145354,61724.65086
3/3/2015,0.000143217,97246.47632
3/4/2015,0.000142746,91110.71412
3/5/2015,0.000140201,83146.45909
3/6/2015,0.000140587,43612.4292
3/7/2015,0.000140281,30458.76557
3/8/2015,0.000139869,50154.05443
3/9/2015,0.000142411,47940.80884
3/10/2015,0.000139046,89275.46928
3/11/2015,0.000143143,99079.8434
3/12/2015,0.000142057,72057.4964
3/13/2015,0.000140525,86207.17637
3/14/2015,0.000142462,98339.39157
3/15/2015,0.000141515,63421.23348
3/16/2015,0.000144281,65645.01206
3/17/2015,0.000143308,75960.97693
3/18/2015,0.000130976,119477.155
3/19/2015,0.000133565,101730.9538
3/20/2015,0.000131865,38442.29309
3/21/2015,0.000130785,81265.82869
3/22/2015,0.000132127,121567.7516
3/23/2015,0.000136631,154789.4875
3/24/2015,0.000129285,100603.6467
3/25/2015,0.000130127,85130.53821
3/26/2015,0.00013124,55426.56298
3/27/2015,0.000127401,35617.30174
3/28/2015,0.000130378,48858.49568
3/29/2015,0.000126096,63575.62494
3/30/2015,0.000126121,39920.90743
3/31/2015,0.000124536,54705.52458
4/1/2015,0.00012622,75085.4526
4/2/2015,0.000126968,39287.90244
4/3/2015,0.000127144,37501.00917
4/4/2015,0.000125988,29687.46119
4/5/2015,0.00012509,67830.63864
4/6/2015,0.000123047,39017.37465
4/7/2015,0.000120759,36241.4941
4/8/2015,0.000116168,43220.55229
4/9/2015,0.000115127,45382.36442
4/10/2015,0.000112252,55845.22069
4/11/2015,0.000113892,34875.40736
4/12/2015,0.000112437,24847.78903
4/13/2015,0.000106786,50217.77462
4/14/2015,0.000102199,69576.45614
4/15/2015,0.000105309,52107.49835
4/16/2015,0.000108407,49525.42352
4/17/2015,0.000106999,52561.38841
4/18/2015,0.000105371,21792.57092
4/19/2015,0.000106069,29533.39974
4/20/2015,0.000102884,48398.18611
4/21/2015,0.000109483,47547.87479
4/22/2015,0.000109749,65550.58366
4/23/2015,0.000109001,51429.99579
4/24/2015,0.000104235,78423.71531
4/25/2015,0.00010335,37458.26373
4/26/2015,9.90E-05,67470.5741
4/27/2015,0.000104361,72033.5509
4/28/2015,9.86E-05,35401.02127
4/29/2015,9.85E-05,39604.8833
4/30/2015,0.00010272,54144.80924
5/1/2015,9.90E-05,94331.04369
5/2/2015,9.78E-05,53063.6239
5/3/2015,9.08E-05,85958.3657
5/4/2015,9.07E-05,60677.14604
5/5/2015,8.85E-05,60213.29937
5/6/2015,8.69E-05,42482.03729
5/7/2015,8.90E-05,34793.81875
5/8/2015,9.17E-05,37243.80363
5/9/2015,9.20E-05,36147.68326
5/10/2015,9.10E-05,46572.36044
5/11/2015,9.10E-05,51278.7083
5/12/2015,0.00011011,175089.7161
5/13/2015,0.000115002,461926.566
5/14/2015,0.000113887,200268.083
5/15/2015,0.000120152,158610.228
5/16/2015,0.000116189,84499.99387
5/17/2015,0.000114736,64247.55013
5/18/2015,0.000115315,60363.66755
5/19/2015,0.000119241,222206.0814
5/20/2015,0.000132439,294958.7934
5/21/2015,0.000132606,141358.55
5/22/2015,0.0001403,264623.6981
5/23/2015,0.00013866,389118.531
5/24/2015,0.000142217,241493.1858
5/25/2015,0.000141087,202518.7163
5/26/2015,0.000160233,417419.648
5/27/2015,0.000182441,327968.1039
5/28/2015,0.000192151,901516.649
5/29/2015,0.000175274,211915.0346
5/30/2015,0.000161256,495006.6974
5/31/2015,0.000153368,342078.3458
6/1/2015,0.000142001,345660.9444
6/2/2015,0.000158943,799033.5849
6/3/2015,0.000150932,406127.5153
6/4/2015,0.000148493,27698.00575
6/5/2015,0.00015204,145815.0945
6/6/2015,0.000157496,143737.1145
6/7/2015,0.000152461,23974.73546
6/8/2015,0.000158694,130165.2381
6/9/2015,0.000161104,204757.1652
6/10/2015,0.000154423,168557.2414
6/11/2015,0.000155342,116433.6672
6/12/2015,0.000155587,106598.3987
6/13/2015,0.000161802,193564.7748
6/14/2015,0.000164294,296797.0832
6/15/2015,0.000167157,142225.0193
6/16/2015,0.000193291,744821.1005
6/17/2015,0.000190454,1400337.446
6/18/2015,0.000203033,736657.9371
6/19/2015,0.000200062,852936.8422
6/20/2015,0.000200612,624620.9098
6/21/2015,0.000197727,319909.1623
6/22/2015,0.000197978,33402.2804
6/23/2015,0.000186664,262991.1426
6/24/2015,0.000182479,267988.9511
6/25/2015,0.000184698,302219
6/26/2015,0.000181466,171450.6414
6/27/2015,0.000196448,306811.4458
6/28/2015,0.000189417,232596.096
6/29/2015,0.000200167,324065.2426
6/30/2015,0.000198173,416142.7569
7/1/2015,0.000190997,41437.67597
7/2/2015,0.000189711,20066.35053
7/3/2015,0.000189423,27820.23531
7/4/2015,0.000191474,141087.2128
7/5/2015,0.000190561,55499.39494
7/6/2015,0.000189492,417008.3104
7/7/2015,0.000187812,233202.2502
7/8/2015,0.000187483,338870.5508
7/9/2015,0.000193456,137571.7143
7/10/2015,0.000201624,1464157.325
7/11/2015,0.000193353,406779.0906
7/12/2015,0.000205029,61355.99943
7/13/2015,0.000199213,337402.9344
7/14/2015,0.000199021,308839.7361
7/15/2015,0.000184865,192358.4191
7/16/2015,0.000171322,82033.43335
7/17/2015,0.000179128,152940.4209
7/18/2015,0.000177921,26558.88914
7/19/2015,0.000169209,153786.0778
7/20/2015,0.000172812,112013.2958
7/21/2015,0.000168338,20195.55917
7/22/2015,0.000183,277774.3164
7/23/2015,0.000177339,153591.4949
7/24/2015,0.000187046,196115.8787
7/25/2015,0.0001882,47176.15647
7/26/2015,0.00018723,78959.42381
7/27/2015,0.000187279,108958.7628
7/28/2015,0.000187962,108329.361
7/29/2015,0.000183777,154033.9212
7/30/2015,0.000183332,68676.76506
7/31/2015,0.000184271,136602.9981
8/1/2015,0.000175417,155512.6007
8/2/2015,0.000173077,47504.33152
8/3/2015,0.000174649,119250.615
8/4/2015,0.000175637,52861.94228
8/5/2015,0.000173816,62873.32073
8/6/2015,0.000167672,84177.6485
8/7/2015,0.000167314,97744.32543
8/8/2015,0.000160169,141485.0358
8/9/2015,0.000161991,106433.3545
8/10/2015,0.000160807,59846.13791
8/11/2015,0.000163113,110611.1667
8/12/2015,0.000160377,108202.3603
8/13/2015,0.000155724,26721.00414
8/14/2015,0.000155529,29479.29523
8/15/2015,0.000153421,15671.14469
8/16/2015,0.000147682,28227.22039
8/17/2015,0.000149514,19521.50192
8/18/2015,0.000142918,27198.96775
8/19/2015,0.00013161,32934.46557
8/20/2015,0.000137818,22377.6265
8/21/2015,0.00014228,31738.67344
8/22/2015,0.000141726,10055.25555
8/23/2015,0.000137138,33650.86665
8/24/2015,0.000125634,20928.17936
8/25/2015,0.000129261,98315.18647
8/26/2015,0.000131004,91458.65407
8/27/2015,0.000128508,45427.73394
8/28/2015,0.000131404,67097.655
8/29/2015,0.000131091,37341.02798
8/30/2015,0.000129023,40284.17313
8/31/2015,0.000129136,29622.20866
9/1/2015,0.000127165,51422.78781
9/2/2015,0.000125801,27034.29724
9/3/2015,0.000121442,44265.56676
9/4/2015,0.000123727,18649.83381
9/5/2015,0.000129769,70845.34759
9/6/2015,0.000132667,74509.62125
9/7/2015,0.000129204,53228.06834
9/8/2015,0.000131408,64359.21886
9/9/2015,0.000128134,85868.68838
9/10/2015,0.000129109,51210.62077
9/11/2015,0.000131172,47383.12046
9/12/2015,0.000126243,42558.99534
9/13/2015,0.000124064,37897.83685
9/14/2015,0.000124388,46559.42315
9/15/2015,0.00012264,40866.09815
9/16/2015,0.000121312,55833.74987
9/17/2015,0.000124558,57839.91798
9/18/2015,0.000124408,39651.10129
9/19/2015,0.000125189,31248.79157
9/20/2015,0.00012508,38708.49133
9/21/2015,0.000126034,100024.223
9/22/2015,0.00012423,98836.75843
9/23/2015,0.000121311,129628.0592
9/24/2015,0.000122381,37664.43516
9/25/2015,0.000120618,55804.98093
9/26/2015,0.000120873,25597.41435
9/27/2015,0.000120683,28098.93645
9/28/2015,0.000122429,60386.3231
9/29/2015,0.000120711,97603.73082
9/30/2015,0.00012214,36937.17758
10/1/2015,0.000122129,28004.8051
10/2/2015,0.000120934,25244.51703
10/3/2015,0.000120748,18776.88228
10/4/2015,0.000117511,29756.81226
10/5/2015,0.000116203,38105.80828
10/6/2015,0.00012048,40020.48174
10/7/2015,0.000118399,41112.47692
10/8/2015,0.000118049,28560.39573
10/9/2015,0.000117867,31581.46274
10/10/2015,0.00011761,10816.08394
10/11/2015,0.000120399,8554.881233
10/12/2015,0.000117882,26562.78587
10/13/2015,0.000120031,29859.87415
10/14/2015,0.000118278,39270.11524
10/15/2015,0.000119211,27185.66201
10/16/2015,0.000118418,40835.88731
10/17/2015,0.000117429,20760.50529
10/18/2015,0.000117234,12482.70837
10/19/2015,0.000116656,20248.26725
10/20/2015,0.000117028,16251.3671
10/21/2015,0.000116329,19566.30919
10/22/2015,0.000116216,18155.32953
10/23/2015,0.000113974,20348.78388
10/24/2015,0.000114704,20339.86988
10/25/2015,0.000112659,18462.79415
10/26/2015,0.000114514,13362.63592
10/27/2015,0.000117297,26314.75205
10/28/2015,0.000120762,25138.62377
10/29/2015,0.000131782,43857.40266
10/30/2015,0.000137963,105322.4906
10/31/2015,0.000128565,34864.53539
11/1/2015,0.000133701,29637.15622
11/2/2015,0.000137259,27562.83062
11/3/2015,0.000146029,79480.44412
11/4/2015,0.000133805,137206.7543
11/5/2015,0.00013824,48408.79312
11/6/2015,0.000137944,65268.18519
11/7/2015,0.000140836,35384.80269
11/8/2015,0.000132408,27487.73823
11/9/2015,0.000133266,28794.291
11/10/2015,0.000120475,49928.90394
11/11/2015,0.000121902,133255.6951
11/12/2015,0.000130494,118459.7606
11/13/2015,0.000132765,24032.95671
11/14/2015,0.000129919,30901.12059
11/15/2015,0.000125411,29823.41929
11/16/2015,0.000130539,43680.81359
11/17/2015,0.000132307,40013.71052
11/18/2015,0.000134412,73467.75473
11/19/2015,0.000130586,47899.04832
11/20/2015,0.000127986,32704.40575
11/21/2015,0.000130976,24654.76691
11/22/2015,0.00012664,9558.460888
11/23/2015,0.000129012,67605.49993
11/24/2015,0.000128256,52619.22312
11/25/2015,0.000133986,27584.41053
11/26/2015,0.000133658,60398.42464
11/27/2015,0.000133866,33219.62327
11/28/2015,0.000131708,28000.84134
11/29/2015,0.000133142,34292.73161
11/30/2015,0.000129456,46514.31042
12/1/2015,0.000127108,45149.73141
12/2/2015,0.000129014,35444.39474
12/3/2015,0.000127025,60382.43257
12/4/2015,0.000129097,39440.95069
12/5/2015,0.000131614,50548.19724
12/6/2015,0.0001282,55895.03974
12/7/2015,0.000128147,54005.07433
12/8/2015,0.000145037,123893.8083
12/9/2015,0.000149181,163579.3501
12/10/2015,0.000144393,113437.6091
12/11/2015,0.000157582,141814.6274
12/12/2015,0.000154773,87693.2041
12/13/2015,0.0001528,106256.3013
12/14/2015,0.000151632,80726.10805
12/15/2015,0.000160674,93360.72635
12/16/2015,0.000161702,97691.02462
12/17/2015,0.000158082,109625.9261
12/18/2015,0.00016054,95818.89211
12/19/2015,0.000161545,76104.27675
12/20/2015,0.000151867,79742.27325
12/21/2015,0.000149817,119872.8154
12/22/2015,0.000147977,73406.88012
12/23/2015,0.000152187,94028.23145
12/24/2015,0.00015576,74577.27044
12/25/2015,0.000154666,96999.13075
12/26/2015,0.000146687,97824.50367
12/27/2015,0.000151999,71602.64443
12/28/2015,0.000138242,68361.30723
12/29/2015,0.000161875,67840.03984
12/30/2015,0.000149782,96567.23944
12/31/2015,0.000152102,83640.10045
1/1/2016,0.000135608,27162.65562
1/2/2016,0.000156829,51105.37171
1/3/2016,0.000150468,45975.93427
1/4/2016,0.000148747,43474.26561
1/5/2016,0.000156281,45763.00344
1/6/2016,0.000162212,55747.20653
1/7/2016,0.000155124,70828.50886
1/8/2016,0.000161051,123383.5171
1/9/2016,0.000185099,423275.0865
1/10/2016,0.000181154,143448.8365
1/11/2016,0.000183706,90530.08658
1/12/2016,0.00019001,245905.9282
1/13/2016,0.000186898,142467.4266
1/14/2016,0.00018241,70573.74073
1/15/2016,0.000148863,97822.31043
1/16/2016,0.000156063,77007.39304
1/17/2016,0.000152627,30538.16763
1/18/2016,0.00014944,26047.99312
1/19/2016,0.000147946,29585.34897
1/20/2016,0.000165132,71361.06417
1/21/2016,0.000159723,23739.69402
1/22/2016,0.000164121,91631.87012
1/23/2016,0.000171502,82859.62142
1/24/2016,0.000189006,100807.8592
1/25/2016,0.000211075,188272.7271
1/26/2016,0.000341197,1687098.744
1/27/2016,0.000449375,1921126.367
1/28/2016,0.000341251,1154900.775
1/29/2016,0.000315991,333215.7664
1/30/2016,0.000256186,314331.3244
1/31/2016,0.000262905,381620.6501
2/1/2016,0.000262228,193545.9009
2/2/2016,0.000260166,76283.81092
2/3/2016,0.000260382,95788.24084
2/4/2016,0.000285985,148204.9164
2/5/2016,0.0002972,135163.1379
2/6/2016,0.000296589,282685.1924
2/7/2016,0.000281304,149491.3775
2/8/2016,0.000281021,94921.23847
2/9/2016,0.000287305,63039.92557
2/10/2016,0.000289055,117205.6984
2/11/2016,0.000279645,194452.2882
2/12/2016,0.000294349,165064.1783
2/13/2016,0.00028837,71713.66949
2/14/2016,0.000291655,63543.21629
2/15/2016,0.00029055,263315.1172
2/16/2016,0.000283801,97502.79891
2/17/2016,0.000272971,115187.1841
2/18/2016,0.000271175,70382.60757
2/19/2016,0.000290259,377539.5336
2/20/2016,0.000287721,65790.61919
2/21/2016,0.000282849,143944.5298
2/22/2016,0.000279015,107348.3761
2/23/2016,0.000276377,142621.9899
2/24/2016,0.00027405,117660.7195
2/25/2016,0.000264025,64163.27324
2/26/2016,0.000257821,87304.25569
2/27/2016,0.000253832,141049.9469
2/28/2016,0.000252671,205703.2831
2/29/2016,0.000248283,141143.6418
3/1/2016,0.000247,91227.85601
3/2/2016,0.000241557,85769.22821
3/3/2016,0.000241504,112818.2928
3/4/2016,0.000236225,54237.80507
3/5/2016,0.00021966,85552.79495
3/6/2016,0.000218807,61421.2078
3/7/2016,0.000228603,82384.22191
3/8/2016,0.00021946,45961.29425
3/9/2016,0.000225989,74899.05502
3/10/2016,0.000243546,126845.8048
3/11/2016,0.000239668,84349.87913
3/12/2016,0.000234399,97066.42914
3/13/2016,0.000242434,109641.3233
3/14/2016,0.000234888,78770.64514
3/15/2016,0.000230137,82791.71927
3/16/2016,0.000227304,97772.21785
3/17/2016,0.000221353,82364.13541
3/18/2016,0.000211598,64054.4939
3/19/2016,0.000218006,140815.0813
3/20/2016,0.000210448,142665.221
3/21/2016,0.000212235,89497.08099
3/22/2016,0.000212504,162537.5599
3/23/2016,0.000213246,146228.6008
3/24/2016,0.000212509,156919.6096
3/25/2016,0.000213266,99030.68154
3/26/2016,0.000211999,77259.80641
3/27/2016,0.000214293,133552.032
3/28/2016,0.000213615,136065.9173
3/29/2016,0.000255899,1328536.034
3/30/2016,0.000231005,317691.7409
3/31/2016,0.000232323,145840.0774
4/1/2016,0.00022308,131316.3202
4/2/2016,0.000225762,118923.391
4/3/2016,0.000221344,137259.3079
4/4/2016,0.000221201,84171.63825
4/5/2016,0.000213194,145468.6863
4/6/2016,0.000213208,105325.8803
4/7/2016,0.000207768,107561.3304
4/8/2016,0.000210275,130949.4552
4/9/2016,0.000210803,107400.7271
4/10/2016,0.000202635,146908.5889
4/11/2016,0.000211271,63550.15038
4/12/2016,0.000228934,129748.1973
4/13/2016,0.000234906,270121.5158
4/14/2016,0.000229828,75593.11303
4/15/2016,0.000233103,101832.4942
4/16/2016,0.000229484,31815.82785
4/17/2016,0.000227334,64164.12739
4/18/2016,0.000220483,77882.12046
4/19/2016,0.000221906,83444.99353
4/20/2016,0.000226038,90647.05927
4/21/2016,0.000227297,96865.23917
4/22/2016,0.000225729,40821.39122
4/23/2016,0.000223885,88196.64401
4/24/2016,0.000228871,119493.5867
4/25/2016,0.000231346,104159.0639
4/26/2016,0.000233784,146631.166
4/27/2016,0.000224981,138962.7629
4/28/2016,0.000228871,118932.5546
4/29/2016,0.000230363,83882.22089
4/30/2016,0.000227804,68343.532
5/1/2016,0.000225907,45176.12164
5/2/2016,0.000229656,74552.2696
5/3/2016,0.000227077,83122.62164
5/4/2016,0.000226415,57995.51158
5/5/2016,0.00022296,62679.45904
5/6/2016,0.000223198,115670.9235
5/7/2016,0.000224621,58722.9101
5/8/2016,0.000223288,32677.05756
5/9/2016,0.000224293,59964.91614
5/10/2016,0.000222012,62911.24043
5/11/2016,0.000224036,56406.58867
5/12/2016,0.000235247,192584.2003
5/13/2016,0.000234974,308640.6897
5/14/2016,0.00023341,128507.0318
5/15/2016,0.000232177,87485.60157
5/16/2016,0.000228854,98364.55521
5/17/2016,0.000225454,99862.20888
5/18/2016,0.000226263,69667.69681
5/19/2016,0.000224616,129528.862
5/20/2016,0.00022656,133415.7329
5/21/2016,0.000226165,33339.56842
5/22/2016,0.000222811,59243.14542
5/23/2016,0.000222837,44108.19645
5/24/2016,0.000223195,47683.51675
5/25/2016,0.000221246,78738.66451
5/26/2016,0.000226762,74330.34669
5/27/2016,0.000221517,298842.0145
5/28/2016,0.000218282,300339.264
5/29/2016,0.000221591,327082.5531
5/30/2016,0.000228817,124490.6606
5/31/2016,0.000227015,163538.2591
6/1/2016,0.000232869,38088.31931
6/2/2016,0.000230328,70211.99968
6/3/2016,0.000238059,100594.4556
6/4/2016,0.000237731,92586.98256
6/5/2016,0.000235363,54690.99248
6/6/2016,0.000233132,102839.8057
6/7/2016,0.000238972,170336.5439
6/8/2016,0.000245264,168042.5511
6/9/2016,0.000263443,479499.8951
6/10/2016,0.00025935,316636.0712
6/11/2016,0.000250481,174545.3627
6/12/2016,0.000260607,543592.6967
6/13/2016,0.000292712,795114.3729
6/14/2016,0.000313311,1212299.951
6/15/2016,0.000309981,333503.9368
6/16/2016,0.000331202,374066.202
6/17/2016,0.000318532,665331.0649
6/18/2016,0.000322489,287042.8807
6/19/2016,0.000330887,376404.9516
6/20/2016,0.000317628,494601.8418
6/21/2016,0.000303519,628686.8152
6/22/2016,0.000254653,396631.0431
6/23/2016,0.000284405,482636.4192
6/24/2016,0.000280696,437565.7726
6/25/2016,0.000284224,327887.5593
6/26/2016,0.000282906,214633.5589
6/27/2016,0.000288524,149442.4396
6/28/2016,0.000298294,666641.6935
6/29/2016,0.000294372,344119.8413
6/30/2016,0.000296514,346623.2553
7/1/2016,0.000299523,256673.943
7/2/2016,0.000301943,166174.7416
7/3/2016,0.000282054,440508.1912
7/4/2016,0.000286898,151965.52
7/5/2016,0.00028279,144898.2352
7/6/2016,0.000281251,259478.9471
7/7/2016,0.000275497,185143.555
7/8/2016,0.00027433,203021.4071
7/9/2016,0.000271029,112444.3717
7/10/2016,0.0002711,87565.70173
7/11/2016,0.000267508,198084.971
7/12/2016,0.000266762,346515.4029
7/13/2016,0.000261018,180085.2709
7/14/2016,0.000260052,144661.2059
7/15/2016,0.000260791,145072.1274
7/16/2016,0.000262398,60788.16789
7/17/2016,0.000260042,97897.85167
7/18/2016,0.000250573,189638.2358
7/19/2016,0.000245306,188371.6441
7/20/2016,0.000243451,96373.99378
7/21/2016,0.000237577,208974.4525
7/22/2016,0.0002376,208304.8482
7/23/2016,0.000238394,209000.506
7/24/2016,0.000245069,243843.6311
7/25/2016,0.000244254,86039.37142
7/26/2016,0.000240555,167016.9258
7/27/2016,0.00023367,115757.3766
7/28/2016,0.000237959,60067.52007
7/29/2016,0.000236886,70667.64954
7/30/2016,0.000235362,47127.85023
7/31/2016,0.000230993,63306.07801
8/1/2016,0.000222799,99648.68456
8/2/2016,0.000201257,169196.7863
8/3/2016,0.000216576,156958.8166
8/4/2016,0.00021577,119453.3839
8/5/2016,0.00021852,103538.9485
8/6/2016,0.000232552,234993.3676
8/7/2016,0.000264944,1480875.454
8/8/2016,0.000236739,546605.8269
8/9/2016,0.000239533,284679.3398
8/10/2016,0.000238525,231378.0818
8/11/2016,0.000240212,233355.1865
8/12/2016,0.000239894,233045.4131
8/13/2016,0.000235902,81789.03924
8/14/2016,0.000248334,383819.1451
8/15/2016,0.000237917,327541.7654
8/16/2016,0.00025848,673421.5858
8/17/2016,0.000245805,277713.5672
8/18/2016,0.000242145,138204.0733
8/19/2016,0.000230876,277626.0777
8/20/2016,0.000234591,144112.0053
8/21/2016,0.000233449,96169.53197
8/22/2016,0.000228013,344285.2297
8/23/2016,0.000222997,284487.3719
8/24/2016,0.000230669,192354.3133
8/25/2016,0.000228511,129328.6277
8/26/2016,0.000230892,120072.3926
8/27/2016,0.00022644,75208.55036
8/28/2016,0.000224057,163279.7177
8/29/2016,0.000220303,160078.9125
8/30/2016,0.000225533,137184.7237
8/31/2016,0.000227122,85975.67833
9/1/2016,0.000222317,102051.3929
9/2/2016,0.000227232,73352.11658
9/3/2016,0.000226612,167462.757
9/4/2016,0.000221632,176490.2115
9/5/2016,0.000227818,140429.7262
9/6/2016,0.00022573,93680.62487
9/7/2016,0.000230628,113570.7098
9/8/2016,0.00023024,106695.9773
9/9/2016,0.000231387,70979.32002
9/10/2016,0.000230455,72534.72434
9/11/2016,0.000228668,65377.58573
9/12/2016,0.000224924,96515.16731
9/13/2016,0.000228333,48096.86517
9/14/2016,0.000224899,100782.353
9/15/2016,0.00022956,267321.7347
9/16/2016,0.000246852,720214.4835
9/17/2016,0.000236224,354952.1687
9/18/2016,0.000237045,131304.0434
9/19/2016,0.000235765,152074.3409
9/20/2016,0.000231698,105136.8696
9/21/2016,0.00022754,260172.7398
9/22/2016,0.000222348,83013.00586
9/23/2016,0.000227996,198938.087
9/24/2016,0.000224728,80876.00253
9/25/2016,0.000225915,66116.78405
9/26/2016,0.000229124,112318.7296
9/27/2016,0.000229125,111816.6288
9/28/2016,0.000227338,123712.1373
9/29/2016,0.000230125,148116.6026
9/30/2016,0.000234083,124031.3339
10/1/2016,0.000233293,120686.1131
10/2/2016,0.000231709,42731.76976
10/3/2016,0.000236363,128622.6679
10/4/2016,0.00022774,95569.07027
10/5/2016,0.000228904,45060.94726
10/6/2016,0.000226303,276778.5295
10/7/2016,0.000227621,70239.1313
10/8/2016,0.000226604,52968.86397
10/9/2016,0.000226999,57710.82589
10/10/2016,0.000228178,59690.02654
10/11/2016,0.000229688,211145.8506
10/12/2016,0.000223431,107389.8567
10/13/2016,0.000226541,51670.62435
10/14/2016,0.000225682,65002.53145
10/15/2016,0.00022327,40410.91456
10/16/2016,0.000224003,50761.99861
10/17/2016,0.000221764,76549.43368
10/18/2016,0.000219928,41138.6017
10/19/2016,0.00021746,79350.67624
10/20/2016,0.000219783,52057.69772
10/21/2016,0.000218136,34264.53923
10/22/2016,0.000219653,73313.6822
10/23/2016,0.000216879,42843.44318
10/24/2016,0.000216509,57365.59157
10/25/2016,0.00021719,70456.02744
10/26/2016,0.000211689,108480.985
10/27/2016,0.0002167,96931.35243
10/28/2016,0.000217516,97626.03894
10/29/2016,0.000219157,424429.9529
10/30/2016,0.000219979,78855.07887
10/31/2016,0.000219175,128381.1561
11/1/2016,0.000219167,139887.9474
11/2/2016,0.000223671,48118.50281
11/3/2016,0.000218173,128399.1817
11/4/2016,0.000220516,61616.82177
11/5/2016,0.000222029,35637.96475
11/6/2016,0.00022092,48944.74941
11/7/2016,0.000240675,803024.2722
11/8/2016,0.000227667,161260.1959
11/9/2016,0.000228673,90913.64697
11/10/2016,0.000229949,74954.55107
11/11/2016,0.000226218,92409.90235
11/12/2016,0.000223166,179200.396
11/13/2016,0.000221837,114614.4121
11/14/2016,0.000222679,40800.21253
11/15/2016,0.00021785,80216.26018
11/16/2016,0.00021884,105520.1424
11/17/2016,0.000218853,76585.48372
11/18/2016,0.000216238,109067.076
11/19/2016,0.000214536,36285.62733
11/20/2016,0.00021548,65122.10311
11/21/2016,0.000217863,51791.13747
11/22/2016,0.000220609,56916.17735
11/23/2016,0.000215179,63100.22025
11/24/2016,0.000214924,83187.58469
11/25/2016,0.000218449,34366.94146
11/26/2016,0.000216066,28437.85106
11/27/2016,0.000214054,41110.31341
11/28/2016,0.000214423,49717.24414
11/29/2016,0.000210403,49513.14976
11/30/2016,0.00021379,28416.10744
12/1/2016,0.000215997,107784.97
12/2/2016,0.000214639,63057.5778
12/3/2016,0.00021306,57340.18487
12/4/2016,0.000213438,32613.45234
12/5/2016,0.000210196,102496.9864
12/6/2016,0.0002122,39362.47945
12/7/2016,0.000214356,61072.38933
12/8/2016,0.000214688,56641.91192
12/9/2016,0.00021145,43143.28169
12/10/2016,0.000215549,95797.2043
12/11/2016,0.000221687,135177.6162
12/12/2016,0.000219814,80479.77972
12/13/2016,0.000218028,59385.43766
12/14/2016,0.000219912,45223.7113
12/15/2016,0.000217779,68608.92508
12/16/2016,0.000215901,66363.65121
12/17/2016,0.000216127,69699.81851
12/18/2016,0.000219841,44446.07038
12/19/2016,0.000216604,113274.8869
12/20/2016,0.000220535,68835.97819
12/21/2016,0.000225028,91015.4292
12/22/2016,0.00022174,181684.7848
12/23/2016,0.000229631,243457.7741
12/24/2016,0.000225993,254800.2794
12/25/2016,0.000226986,160983.7277
12/26/2016,0.000227566,78901.71504
12/27/2016,0.000227349,181735.6453
12/28/2016,0.000221727,197384.0884
12/29/2016,0.000230247,159292.0608
12/30/2016,0.000224855,139033.7114
12/31/2016,0.00022538,42872.50291
1/1/2017,0.000220701,87182.38606
1/2/2017,0.000221451,122738.6252
1/3/2017,0.000222785,77624.00927
1/4/2017,0.000223148,291471.9851
1/5/2017,0.000225509,735385.0204
1/6/2017,0.000220211,235619.5458
1/7/2017,0.000222631,238810.152
1/8/2017,0.000223518,87557.49546
1/9/2017,0.000229203,138927.5549
1/10/2017,0.000223541,162619.3257
1/11/2017,0.000207134,379007.8088
1/12/2017,0.000211855,224475.4852
1/13/2017,0.00021288,70559.25141
1/14/2017,0.000210304,58821.98512
1/15/2017,0.000205455,62982.34021
1/16/2017,0.000207165,74831.54371
1/17/2017,0.00021498,138175.5862
1/18/2017,0.000207456,69693.05616
1/19/2017,0.00020987,48630.70727
1/20/2017,0.000209242,51161.05076
1/21/2017,0.000207053,111868.0611
1/22/2017,0.000206076,64209.64358
1/23/2017,0.000207228,49504.54824
1/24/2017,0.000201126,59704.39012
1/25/2017,0.000202848,60215.69334
1/26/2017,0.000206928,77677.31753
1/27/2017,0.000209363,100550.9389
1/28/2017,0.000208947,39055.15052
1/29/2017,0.000208092,77798.18166
1/30/2017,0.000208423,47198.63006
1/31/2017,0.000210812,99335.48115
2/1/2017,0.000207443,70340.62819
2/2/2017,0.000210717,57510.80635
2/3/2017,0.000208142,92587.40964
2/4/2017,0.000209573,92687.06948
2/5/2017,0.00020679,72552.60153
2/6/2017,0.000206881,69563.70474
2/7/2017,0.000203847,83593.08559
2/8/2017,0.000208601,138437.7495
2/9/2017,0.00021012,174767.679
2/10/2017,0.000210711,75505.12648
2/11/2017,0.000210186,72647.3902
2/12/2017,0.000208432,86567.07356
2/13/2017,0.000211718,112273.5347
2/14/2017,0.000214264,113216.874
2/15/2017,0.000208549,133224.8167
2/16/2017,0.000217787,122503.8649
2/17/2017,0.000212382,140300.9502
2/18/2017,0.000203833,145391.4627
2/19/2017,0.000206921,63447.1283
2/20/2017,0.000210867,56923.93181
2/21/2017,0.00021615,94500.0418
2/22/2017,0.000208833,78762.07898
2/23/2017,0.000212982,91832.61719
2/24/2017,0.000212451,94167.45468
2/25/2017,0.000209828,51754.56538
2/26/2017,0.00021356,39133.82966
2/27/2017,0.000210529,103048.6296
2/28/2017,0.000214278,79332.9035
3/1/2017,0.000210663,107316.9458
3/2/2017,0.0002135,178352.3989
3/3/2017,0.000220667,130723.4995
3/4/2017,0.000216548,59627.53835
3/5/2017,0.000217262,52206.66521
3/6/2017,0.00021873,93628.18931
3/7/2017,0.000221324,139091.9545
3/8/2017,0.000212486,213370.7078
3/9/2017,0.000217837,97531.35174
3/10/2017,0.000204281,294866.3904
3/11/2017,0.000218997,139350.963
3/12/2017,0.000229256,256510.2111
3/13/2017,0.000255787,1004623.892
3/14/2017,0.00024832,339128.9131
3/15/2017,0.000248821,388208.0948
3/16/2017,0.000242672,513725.8507
3/17/2017,0.0002205,365674.1074
3/18/2017,0.000215773,443800.7559
3/19/2017,0.000231941,315411.0374
3/20/2017,0.000236805,288722.8418
3/21/2017,0.000249246,225846.0744
3/22/2017,0.000243025,317929.5992
3/23/2017,0.000241798,166735.295
3/24/2017,0.000266837,1657717.849
3/25/2017,0.000294605,1161295.182
3/26/2017,0.000280751,1121054.722
3/27/2017,0.000255341,989130.512
3/28/2017,0.000281939,711655.825
3/29/2017,0.000274072,356918.7036
3/30/2017,0.000314621,1627916.336
3/31/2017,0.000344226,2382538.616
4/1/2017,0.000343546,968031.4715
4/2/2017,0.000490583,4226543.93
4/3/2017,0.000434086,7771303.978
4/4/2017,0.000474216,7362868.179
4/5/2017,0.000458821,1698586.205
4/6/2017,0.000481011,2714897.613
4/7/2017,0.000422671,2695276.368
4/8/2017,0.000452496,1289213.32
4/9/2017,0.000446529,1137687.562
4/10/2017,0.000404856,609819.4467
4/11/2017,0.00039865,344537.4316
4/12/2017,0.00042855,477263.349
4/13/2017,0.000425959,865056.1365
4/14/2017,0.000421557,658992.1474
4/15/2017,0.000417104,420450.2239
4/16/2017,0.000456428,885833.9801
4/17/2017,0.000474371,980610.3227
4/18/2017,0.000455891,705289.2212
4/19/2017,0.000461049,466841.4497
4/20/2017,0.000456349,820020.067
4/21/2017,0.000469915,381614.6881
4/22/2017,0.00046833,490992.8558
4/23/2017,0.00052387,1875558.083
4/24/2017,0.000514158,723770.8071
4/25/2017,0.000540847,754131.1594
4/26/2017,0.000567413,703004.0318
4/27/2017,0.00063292,2421368.685
4/28/2017,0.000705254,2395436.217
4/29/2017,0.000738676,2860902.883
4/30/2017,0.000753544,1965674.044
5/1/2017,0.000683531,3357178.194
5/2/2017,0.00061222,3324582.341
5/3/2017,0.000679961,2479327.45
5/4/2017,0.000742395,2577969.92
5/5/2017,0.000822249,4226903.225
5/6/2017,0.001186288,9219507.005
5/7/2017,0.001336005,23261967.43
5/8/2017,0.001521287,15318685.44
5/9/2017,0.001240568,12881655.76
5/10/2017,0.001298973,6583354.237
5/11/2017,0.00120306,4903524.113
5/12/2017,0.00121279,4169308.788
5/13/2017,0.001169086,2950264.335
5/14/2017,0.001200844,3153570.864
5/15/2017,0.001122978,3320799.969
5/16/2017,0.001069373,4591431.159
5/17/2017,0.001338098,12716633.48
5/18/2017,0.001483176,20078910.38
5/19/2017,0.001530685,10943222.12
5/20/2017,0.001851243,15036295.55
5/21/2017,0.002918898,83018322.79
5/22/2017,0.003307901,92346922.2
5/23/2017,0.003561301,47278033.93
5/24/2017,0.003522467,33941640.92
5/25/2017,0.003084142,30533615.93
5/26/2017,0.002616451,16253602.24
5/27/2017,0.002413123,28637454.64
5/28/2017,0.0025182,19295814.21
5/29/2017,0.002706568,12189022.23
5/30/2017,0.002489626,12085733.83
5/31/2017,0.002583457,11127338.76
6/1/2017,0.002743424,11937416.07
6/2/2017,0.002957218,19779087.92
6/3/2017,0.003288658,29107488.93
6/4/2017,0.003217533,33454981.45
6/5/2017,0.003825539,36827348.47
6/6/2017,0.003723882,30943071.41
6/7/2017,0.00328467,17069022.97
6/8/2017,0.00345339,13851755.39
6/9/2017,0.003374734,14793139.65
6/10/2017,0.003222796,12480085.76
6/11/2017,0.003593574,23747442.27
6/12/2017,0.003182095,10177619.17
6/13/2017,0.003285127,9118172.362
6/14/2017,0.002980131,7104481.355
6/15/2017,0.002959344,6975639.479
6/16/2017,0.003102978,8143356.63
6/17/2017,0.003359238,9281310.084
6/18/2017,0.003134214,5332080.6
6/19/2017,0.003156676,6720991.113
6/20/2017,0.003275677,8143298.944
6/21/2017,0.003135861,7345523.079
6/22/2017,0.003113889,4701803.726
6/23/2017,0.003108365,4943300.92
6/24/2017,0.003072358,5307248.136
6/25/2017,0.002890466,16409496.67
6/26/2017,0.002690657,11627629.19
6/27/2017,0.002597702,10090509.38
6/28/2017,0.002778665,5251414.059
6/29/2017,0.002649612,4267376.929
6/30/2017,0.002582077,3196612.261
7/1/2017,0.002337677,3598638.152
7/2/2017,0.002464361,3829886.486
7/3/2017,0.002534553,4914798.859
7/4/2017,0.002500355,2805335.453
7/5/2017,0.00271891,9898834.408
7/6/2017,0.002639793,5709031.69
7/7/2017,0.002396495,4226852.915
7/8/2017,0.002426646,4231131
7/9/2017,0.002321684,2106007.358
7/10/2017,0.001909522,4626951.266
7/11/2017,0.001800867,6618570.91
7/12/2017,0.001928393,5946154.46
7/13/2017,0.001816492,4213688.772
7/14/2017,0.00167214,1931913.239
7/15/2017,0.001494984,1898784.636
7/16/2017,0.001305597,2368531.703
7/17/2017,0.001495043,2225093.893
7/18/2017,0.001802481,6065922.284
7/19/2017,0.001686984,4782319.98
7/20/2017,0.001897166,3558455.789
7/21/2017,0.00192222,3038987.223
7/22/2017,0.00207779,3176077.977
7/23/2017,0.001956574,5411161.855
7/24/2017,0.001976392,2074708.99
7/25/2017,0.001768435,2133248.677
7/26/2017,0.001777127,1928397.53
7/27/2017,0.001821949,2410094.132
7/28/2017,0.001763603,3602117.386
7/29/2017,0.001761356,2064136.332
7/30/2017,0.001694988,1695410.53
7/31/2017,0.001668329,3112812.969
8/1/2017,0.001798722,3563174.79
8/2/2017,0.001787244,3199782.013
8/3/2017,0.00178699,2444529.214
8/4/2017,0.001786177,2292572.538
8/5/2017,0.002062528,4837796.841
8/6/2017,0.001900004,3709063.323
8/7/2017,0.001940625,3921917.464
8/8/2017,0.001953469,3014084.205
8/9/2017,0.001921112,2574112.879
8/10/2017,0.001875053,2728538.478
8/11/2017,0.001821553,3843908.961
8/12/2017,0.001829711,4936735.877
8/13/2017,0.001760016,3520705.047
8/14/2017,0.001689699,3285827.56
8/15/2017,0.00172482,5799278.636
8/16/2017,0.001703081,3118713.105
8/17/2017,0.001729944,3161522.96
8/18/2017,0.001663154,2558201.256
8/19/2017,0.001650145,2293584.153
8/19/2017,0.001641515,2463567.076
8/20/2017,0.001674412,2403308.111
8/21/2017,0.001686967,2799084.495
8/22/2017,0.001673329,2850328.025
8/23/2017,0.001699197,4005179.12
8/24/2017,0.001733232,3515147.68
8/25/2017,0.001688205,1910148.997
8/26/2017,0.001670276,1397009.105
8/27/2017,0.001695734,1448502.232
8/28/2017,0.001746705,2371733.429
8/29/2017,0.001821754,5318428.837
8/30/2017,0.00207147,15134961.84
8/31/2017,0.002068449,10642838.94
9/1/2017,0.002482118,14107749.21
9/2/2017,0.002195914,17553884.13
9/3/2017,0.002166926,6821953.781
9/4/2017,0.001816174,8161319.427
9/5/2017,0.001939193,8194420.211
9/6/2017,0.002017204,7580560.404
9/7/2017,0.001929261,5401456.095
9/8/2017,0.001627617,6916240.422
9/9/2017,0.001586358,4287025.049
9/10/2017,0.001394345,7512895.403
9/11/2017,0.00144944,5228304.221
9/12/2017,0.001437812,6250365.698
9/13/2017,0.001383578,3694851.649
9/14/2017,0.000857679,9281410.023
9/15/2017,0.000881762,16672925.54
9/16/2017,0.000856852,9272718.642
9/17/2017,0.000828179,5302200.089
9/18/2017,0.00091688,5221288.142
9/19/2017,0.000840967,3869824.42
9/20/2017,0.000838379,3663212.124
9/21/2017,0.000739243,2310300.541
9/22/2017,0.000773254,3072864.02
9/23/2017,0.000939807,6315878.285
9/24/2017,0.00089217,3783743.989
9/25/2017,0.001137176,8554255.112
9/26/2017,0.001120093,7605318.252
9/27/2017,0.001119278,3971502.903
9/28/2017,0.001074787,3357767.372
9/29/2017,0.001063636,4498050.373
9/30/2017,0.001125435,3033812.873
10/1/2017,0.001067179,3685531.347
10/2/2017,0.001062337,2556045.679
10/3/2017,0.001024131,1632532.571
10/4/2017,0.00101438,1817367.704
10/5/2017,0.000989495,2228372.896
10/6/2017,0.001018784,1262351.423
10/7/2017,0.001022549,959326.5539
10/8/2017,0.001046514,1712197.625
10/9/2017,0.00095722,2533882.37
10/10/2017,0.000982085,1669028.512
10/11/2017,0.001019672,2064004.126
10/12/2017,0.001056184,2474633.104
10/13/2017,0.001026306,5923961.856
10/14/2017,0.001046031,1709844.943
10/15/2017,0.001058694,1772666.827
10/16/2017,0.001153737,5295651.767
10/17/2017,0.001068259,6548741.54
10/18/2017,0.001032525,1957013.924
10/19/2017,0.001071418,1798645.252
10/20/2017,0.00103706,2765851.572
10/21/2017,0.000996937,2734219.644
10/22/2017,0.001018765,2190023.651
10/23/2017,0.001021292,3140365.801
10/24/2017,0.001072685,4834109.438
10/25/2017,0.001057641,1716024.063
10/26/2017,0.001035661,1613710.992
10/27/2017,0.00102346,965760.6119
10/28/2017,0.000990138,653772.2805
10/29/2017,0.001214076,19448200.89
10/30/2017,0.001113587,2092262.181
10/31/2017,0.001122138,2607569.1
11/1/2017,0.001096924,2536410.946
11/2/2017,0.001184322,5415647.734
11/3/2017,0.00116918,2963755.51
11/4/2017,0.001143501,1729140.696
11/5/2017,0.001185598,1468161.299
11/6/2017,0.001170166,1795277.341
11/7/2017,0.001194575,2085029.885
11/8/2017,0.001211483,3712758.504
11/9/2017,0.001394086,6324407.633
11/10/2017,0.00116563,3739399.779
11/11/2017,0.001182866,1929896.156
11/12/2017,0.001049573,2989497.934
11/13/2017,0.001181976,2250989.61
11/14/2017,0.001188131,2176352.922
11/15/2017,0.001308931,2510927.241
11/16/2017,0.001353781,3074216.146
11/17/2017,0.001295373,2461107.122
11/18/2017,0.00135078,1423817.364
11/19/2017,0.0013678,1041570.786
11/20/2017,0.001342881,1678323.995
11/21/2017,0.001346937,2580618.15
11/22/2017,0.001897288,17612943.78
11/23/2017,0.001974893,26135197.37
11/24/2017,0.001907217,8371618.372
11/25/2017,0.002024134,4414024.245
11/26/2017,0.002000101,6979770.01
11/27/2017,0.001995486,5563886.745
11/28/2017,0.002392661,8151002.112
11/29/2017,0.0021085,9642645.16
11/30/2017,0.002091404,4271766.049
12/1/2017,0.002142314,4669696.961
12/2/2017,0.002160831,4584155.247
12/3/2017,0.002205385,4311416.841
12/4/2017,0.002463759,5817492.994
12/5/2017,0.002585701,7665127.468
12/6/2017,0.002672236,139768.767
12/7/2017,0.002911716,14016775.68
12/8/2017,0.002855612,10989038.82
12/9/2017,0.002702158,5963060.957
12/10/2017,0.00264605,5059133.132
12/11/2017,0.002735898,5916276.621
12/12/2017,0.003192407,15677121.37
12/13/2017,0.003404735,23213339.18
12/14/2017,0.003758328,18417092.87
12/15/2017,0.003764002,15144658.17
12/16/2017,0.005924072,120266309.5
12/17/2017,0.005964949,80333909.09
12/18/2017,0.00638237,35269941.72
12/19/2017,0.005661395,31201865.18
12/20/2017,0.006859723,62478173.22
12/21/2017,0.007803658,151490630.6
12/22/2017,0.006214564,51363393.16
12/23/2017,0.007616321,57397434.59
12/24/2017,0.009071124,139655302.9
12/25/2017,0.009083102,143145349.7
12/26/2017,0.009872002,118511247.9
12/27/2017,0.009334934,49772774.85
12/28/2017,0.008574015,40412263.93
12/29/2017,0.00975842,56483783.65
12/30/2017,0.008353417,46305226.84
12/31/2017,0.009575634,46903038.31
1/1/2018,0.00909119,38572892.39
1/2/2018,0.009335446,67823550.1
1/3/2018,0.009591984,51581602.9
1/4/2018,0.01009832,85836326.06
1/5/2018,0.013841231,157459282.8
1/6/2018,0.015865492,243794071.7
1/7/2018,0.017586093,247655386.6
1/8/2018,0.01566493,199176617.2
1/9/2018,0.014236015,86409595.39
1/10/2018,0.013397872,79260537.29
1/11/2018,0.011783593,45857579.52
1/12/2018,0.013406427,46994581.29
1/13/2018,0.012985429,46480141.8
1/14/2018,0.012060586,42926009.25
1/15/2018,0.01038354,50340005.7
1/16/2018,0.006955229,54068722.71
1/17/2018,0.007766458,51006162.65
1/18/2018,0.008052592,44728415.09
1/19/2018,0.007995193,20287765.29
1/20/2018,0.008696029,18000141.59
1/21/2018,0.007196638,17263817.74
1/22/2018,0.006751656,15519942.78
1/23/2018,0.006644835,13954455.24
1/24/2018,0.007029255,12298771.28
1/25/2018,0.007561283,16589242.67
1/26/2018,0.007133017,14412417.68
1/27/2018,0.007365828,8630229.791
1/28/2018,0.007463309,11326669.73
1/29/2018,0.006904185,10014746.96
1/30/2018,0.006858289,9856115.038
1/31/2018,0.005947027,12066227.32
2/1/2018,0.005895168,11616296.46
2/2/2018,0.004984351,14156843.95
2/3/2018,0.004424519,23728586.69
2/4/2018,0.00507071,15431662.43
2/5/2018,0.004399675,9786740.03
2/6/2018,0.003461155,8811902.916
2/7/2018,0.004318425,16051238.97
2/8/2018,0.004256004,9276714.461
2/9/2018,0.004505642,7369681.991
2/10/2018,0.004974365,8013089.171
2/11/2018,0.005003421,12667632.37
2/12/2018,0.004990939,8847708.72
2/13/2018,0.005452319,8085282.083
2/14/2018,0.005585583,9219414.846
2/15/2018,0.006734635,32703063.29
2/16/2018,0.007339724,32892225.15
2/17/2018,0.007022485,21175721.49
2/18/2018,0.00706143,13778528.71
2/19/2018,0.006482417,11158305.55
2/20/2018,0.006717752,8668377.773
2/21/2018,0.007092266,64338065.93
2/22/2018,0.006246177,12280182.12
2/23/2018,0.006240176,12465402.01
2/24/2018,0.006682938,12982630.72
2/25/2018,0.006264456,8890145.258
2/26/2018,0.006191201,6821700.067
2/27/2018,0.006372111,8000767.849
2/28/2018,0.006311979,8084176.153
3/1/2018,0.005955771,8374216.561
3/2/2018,0.006127748,7575101.135
3/3/2018,0.005566901,14112268.19
3/4/2018,0.005266153,15311091.15
3/5/2018,0.005321748,7080506.783
3/6/2018,0.005121033,8273085.646
3/7/2018,0.0045625,9841626.854
3/8/2018,0.004014247,10870250.25
3/9/2018,0.00401662,9497498.746
3/10/2018,0.004113781,8357674.692
3/11/2018,0.004003938,6159250.179
3/12/2018,0.00417956,4696853.49
3/13/2018,0.004042548,6523978.831
3/14/2018,0.003939058,4568458.722
3/15/2018,0.003557698,5889480.342
3/16/2018,0.003549615,7298352.603
3/17/2018,0.003594853,5213975.32
3/18/2018,0.0033404,4806046.437
3/19/2018,0.00317845,7900788.833
3/20/2018,0.003504305,7384143.577
3/21/2018,0.003662332,5337562.801
3/22/2018,0.003660507,5335319.375
3/23/2018,0.003553161,3882214.394
3/24/2018,0.003535979,4828858.348
3/25/2018,0.003481072,4003662.093
3/26/2018,0.003461166,2682541.704
3/27/2018,0.00326866,4851044.815
3/28/2018,0.003121178,4194759.055
3/29/2018,0.003126139,3794628.044
3/30/2018,0.002806856,5005241.938
3/31/2018,0.002746613,4489009.675
4/1/2018,0.002798551,2868912.704
4/2/2018,0.002699564,2051755.267
4/3/2018,0.002799955,3168134.498
4/4/2018,0.003012529,5158093.858
4/5/2018,0.002709527,2926252.226
4/6/2018,0.002779488,3578304.213
4/7/2018,0.002689528,2354869.296
4/8/2018,0.002807291,2183401.034
4/9/2018,0.002829786,2925820.131
4/10/2018,0.002748601,3624895.798
4/11/2018,0.003102936,10406446.56
4/12/2018,0.003338316,22873391.44
4/13/2018,0.003788027,13647979.34
4/14/2018,0.003971862,16432200.75
4/15/2018,0.004133097,12629917.74
4/16/2018,0.004572071,9885477.775
4/17/2018,0.004596059,21539817.89
4/18/2018,0.004700916,15897736.03
4/19/2018,0.005389255,20812259.73
4/20/2018,0.005828519,25721354.95
4/21/2018,0.005749355,16060097.2
4/22/2018,0.005408085,19547967.55
4/23/2018,0.005546605,10438060.95
4/24/2018,0.005535308,11321554.1
4/25/2018,0.005839219,14208213.96
4/26/2018,0.005070363,17348529.33
4/27/2018,0.005552107,13673818.48
4/28/2018,0.00541826,35679865.04
4/29/2018,0.005457403,33088076.14
4/30/2018,0.005425357,35358933.99
5/1/2018,0.005312973,34088347.24
5/2/2018,0.005124733,9712134.778
5/3/2018,0.005296949,48592343.92
5/4/2018,0.005437026,7694397.83
5/5/2018,0.005252026,13009356.08
5/6/2018,0.005169703,28505105.93
5/7/2018,0.004976064,31272850.62
5/8/2018,0.004819417,23933593.95
5/9/2018,0.005194311,38746625.18
5/10/2018,0.005030069,32034282.8
5/11/2018,0.004751544,31242796.94
5/12/2018,0.004464491,26570198.69
5/13/2018,0.004020746,22567589.43
5/14/2018,0.004204636,17609313.17
5/15/2018,0.004500849,10235346.13
5/16/2018,0.004525218,20059999.95
5/17/2018,0.004374114,7638683.007
5/18/2018,0.004071166,15239849.92
5/19/2018,0.004160761,12387427.86
5/20/2018,0.004248582,11756413.76
5/21/2018,0.004333804,11457311.32
5/22/2018,0.004187751,16291146.97
5/23/2018,0.003863586,8577930.927
5/24/2018,0.003471574,11656776.09
5/25/2018,0.003504337,9377559.733
5/26/2018,0.003537095,6694328.191
5/27/2018,0.003466883,3332954.124
5/28/2018,0.003362949,2629939.584
5/29/2018,0.00320846,4024296.643
5/30/2018,0.003433867,6990620.193
5/31/2018,0.003372073,6910700.821
6/1/2018,0.003366388,7125656.478
6/2/2018,0.003408665,3508883.181
6/3/2018,0.003544509,4512781.26
6/4/2018,0.003663487,18871252.38
6/5/2018,0.003512828,20802395.77
6/6/2018,0.003629808,18338605.57
6/7/2018,0.003713343,20308543.55
6/8/2018,0.003723018,4438808.797
6/9/2018,0.003682367,4307035.68
6/10/2018,0.00360075,3038353.908
6/11/2018,0.003152556,4534855.684
6/12/2018,0.00322611,3621629.38
6/13/2018,0.003095487,4107571.118
6/14/2018,0.002808524,10810222.67
6/15/2018,0.002957607,8379284.796
6/16/2018,0.002880103,10653210.65
6/17/2018,0.002905961,3799225.051
6/18/2018,0.002919362,3819283.122
6/19/2018,0.003018743,6313605.943
6/20/2018,0.00299999,3734255.302
6/21/2018,0.003013619,2647331.705
6/22/2018,0.002963444,3563187.122
6/23/2018,0.002684254,8171782.171
6/24/2018,0.002689873,8535613.391
6/25/2018,0.002485504,8622930.052
6/26/2018,0.002492065,4598346.828
6/27/2018,0.002466093,3149561.86
6/28/2018,0.002412547,4702986.576
6/29/2018,0.002280305,2886380.906
6/30/2018,0.002392804,2315608.074
7/1/2018,0.002501547,3816597.266
7/2/2018,0.00249801,1682405.141
7/3/2018,0.002712744,4648616.931
7/4/2018,0.002624523,4262380.1
7/5/2018,0.002629612,3152067.102
7/6/2018,0.00256675,2198017.342
7/7/2018,0.002581338,2254765.807
7/8/2018,0.002627582,1994952.848
7/9/2018,0.002604726,2623026.633
7/10/2018,0.002571629,2380994.046
7/11/2018,0.00239815,5812908.36
7/12/2018,0.00242392,8985185.891
7/13/2018,0.002315796,3325604.37
7/14/2018,0.002280832,4376691.273
7/15/2018,0.002328789,2410248.754
7/16/2018,0.002384674,2459655.553
7/17/2018,0.002840287,16248820.29
7/18/2018,0.003227495,15409100.5
7/19/2018,0.003690936,43325799.03
7/20/2018,0.003816179,26025649.98
7/21/2018,0.003427343,16987282.52
7/22/2018,0.003266038,11126053.94
7/23/2018,0.003455918,10912023.29
7/24/2018,0.003416092,8141897.459
7/25/2018,0.003654067,9932825.572
7/26/2018,0.00351037,12653828.96
7/27/2018,0.003375345,6021587.852
7/28/2018,0.003409376,4323263.758
7/29/2018,0.003399129,2919796.2
7/30/2018,0.003291052,4908862.783
7/31/2018,0.00327202,13035325.26
8/1/2018,0.003013568,11573117.76
8/2/2018,0.003049277,11908753.08
8/3/2018,0.002993049,4060834.635
8/4/2018,0.002960067,6730526.888
8/5/2018,0.002826416,3030645.839
8/6/2018,0.002843823,8771105.192
8/7/2018,0.002779975,3692588.865
8/8/2018,0.002679777,3334538.846
8/9/2018,0.002440212,3105466.754
8/10/2018,0.002565577,5794149.574
8/11/2018,0.002436175,3698556.792
8/12/2018,0.002410395,3359244.118
8/13/2018,0.002427338,2632072.878
8/14/2018,0.002360001,4185327.191
8/15/2018,0.002258167,10186404.8
8/16/2018,0.002306737,4062750.052
8/17/2018,0.00231633,5509242.485
8/18/2018,0.002496012,4174969.463
8/19/2018,0.002403609,8131349.506
8/20/2018,0.00247357,4064816.631
8/21/2018,0.002357544,2481114.36
8/22/2018,0.002418432,2082911.657
8/23/2018,0.00231429,5781439.742
8/24/2018,0.002385676,2615689.133
8/25/2018,0.002420378,2401626.849
8/26/2018,0.002405157,2594940.939
8/27/2018,0.002415223,2373730.055
8/28/2018,0.002493365,3656831.373
8/29/2018,0.002634566,4707245.85
8/30/2018,0.002614403,5052763.01
8/31/2018,0.003212874,41905290.57
9/1/2018,0.00488808,124412841.3
9/2/2018,0.006298365,285339768.5
9/3/2018,0.005042904,197295888.2
9/4/2018,0.005302761,89169522.57
9/5/2018,0.005267967,63352322
9/6/2018,0.005004504,118013357.6
9/7/2018,0.004987775,64452168.31
9/8/2018,0.005276765,54319256.95
9/9/2018,0.005678766,86298380.88
9/10/2018,0.0058272,60463728.3
9/11/2018,0.006883264,117455999.4
9/12/2018,0.006309319,132976489.6
9/13/2018,0.006449402,92457187.68
9/14/2018,0.006550332,81929941.74
9/15/2018,0.00618891,69389664.72
9/16/2018,0.00623141,25495497.69
9/17/2018,0.006571838,33931535.93
9/18/2018,0.006251623,55310588.85
9/19/2018,0.005956048,65339957.11
9/20/2018,0.005614992,58700359.26
9/21/2018,0.00569815,40734057.01
9/22/2018,0.005699958,46315078.04
9/23/2018,0.005811418,25316177.72
9/24/2018,0.00594964,19903983.57
9/25/2018,0.005684058,28334596.11
9/26/2018,0.005747977,37863779.24
9/27/2018,0.005754155,20049763.68
9/28/2018,0.00588891,30153540.75
9/29/2018,0.005877135,32655869.45
9/30/2018,0.005887727,22195771.89
10/1/2018,0.005945785,27913420.36
10/2/2018,0.005952691,32441058.3
10/3/2018,0.005829979,24158070.72
10/4/2018,0.005738064,39003795.9
10/5/2018,0.005656759,39675967.03
10/6/2018,0.005685809,33555941.8
10/7/2018,0.005592133,46254394.24
10/8/2018,0.005603699,45079701.48
10/9/2018,0.005629591,68655357.7
10/10/2018,0.005647234,47416252.02
10/11/2018,0.005601558,52730948.8
10/12/2018,0.00505825,101460692.5
10/13/2018,0.005277122,60091426.97
10/14/2018,0.005237348,36985605.21
10/15/2018,0.00522458,35334253.64
10/16/2018,0.005366054,105442541.4
10/17/2018,0.005109501,43932582.4
10/18/2018,0.004685944,54519541.32
10/19/2018,0.004446882,59860877.62
10/20/2018,0.004542881,51456237.1
10/21/2018,0.004614765,31794823.47
10/22/2018,0.004557168,34806957.55
10/23/2018,0.004476691,38638613.5
10/24/2018,0.004216526,43205613.85
10/25/2018,0.003944351,49560452.79
10/26/2018,0.003734744,35064154.65
10/27/2018,0.004016186,44783257.16
10/28/2018,0.004199815,52554600.81
10/29/2018,0.004126815,32694411.01
10/30/2018,0.003919656,49584745.39
10/31/2018,0.003881583,32110880.54
11/1/2018,0.003801607,32876351.02
11/2/2018,0.003775351,28808918.3
11/3/2018,0.003787863,32429149.79
11/4/2018,0.003754233,32795656.98
11/5/2018,0.003650033,48552099.86
11/6/2018,0.00361698,44038431.39
11/7/2018,0.003703894,57720726
11/8/2018,0.003641989,40695141.02
11/9/2018,0.003382501,39680510.13
11/10/2018,0.003143368,46045251.46
11/11/2018,0.003300243,39024459.06
11/12/2018,0.003161186,27913846.39
11/13/2018,0.003062395,29251210.17
11/14/2018,0.002950724,28749683.2
11/15/2018,0.002739038,45329973.73
11/16/2018,0.002821639,52740951.02
11/17/2018,0.002766877,44261260.7
11/18/2018,0.002612681,33180812.28
11/19/2018,0.002630463,28686382.67
11/20/2018,0.002415496,52185354.1
11/21/2018,0.002249921,58142222.21
11/22/2018,0.002455446,47954470.65
11/23/2018,0.00238344,25485802.08
11/24/2018,0.002389204,25383530.1
11/25/2018,0.002250287,27639935.32
11/26/2018,0.002234958,31809429.49
11/27/2018,0.002113037,27193708.91
11/28/2018,0.002079205,27586172.61
11/29/2018,0.002247731,33583756.31
11/30/2018,0.002220643,30392480.76
12/1/2018,0.002179465,28026581.55
12/2/2018,0.002240061,25097202.74
12/3/2018,0.002214794,23093070.47
12/4/2018,0.002152025,27293586.59
12/5/2018,0.002192659,29713329.34
