Date, DJI Adj Close,DJI Volume,S&P Adj Close,S&P Volume,NASDAQ Adj Close,NASDAQ Volume
12/27/2013,16478.41016,47230000,1841.400024,2052920000,4156.589844,1255020000
12/30/2013,16504.28906,54220000,1841.069946,2293860000,4154.200195,1349470000
12/31/2013,16576.66016,78760000,1848.359985,2312840000,4176.589844,1401140000
1/2/2014,16441.34961,80960000,1831.97998,3080600000,4143.069824,1738820000
1/3/2014,16469.99023,72770000,1831.369995,2774270000,4131.910156,1667480000
1/6/2014,16425.09961,89380000,1826.77002,3294850000,4113.680176,2292840000
1/7/2014,16530.93945,81270000,1837.880005,3511750000,4153.180176,2278220000
1/8/2014,16462.74023,103260000,1837.48999,3652140000,4165.609863,2345220000
1/9/2014,16444.75977,83990000,1838.130005,3581150000,4156.189941,2214770000
1/10/2014,16437.05078,85190000,1842.369995,3335710000,4174.669922,2143070000
1/13/2014,16257.94043,111680000,1819.199951,3591350000,4113.299805,2322240000
1/14/2014,16373.86035,98610000,1838.880005,3353270000,4183.02002,2034180000
1/15/2014,16481.93945,101130000,1848.380005,3777800000,4214.879883,2101870000
1/16/2014,16417.00977,87370000,1845.890015,3491310000,4218.689941,2005850000
1/17/2014,16458.56055,184970000,1838.699951,3626120000,4197.580078,2150370000
1/21/2014,16414.43945,111570000,1843.800049,3782470000,4225.759766,2034030000
1/22/2014,16373.33984,87470000,1844.859985,3374170000,4243,2026910000
1/23/2014,16197.34961,100540000,1828.459961,3972250000,4218.879883,2191980000
1/24/2014,15879.11035,141450000,1790.290039,4618450000,4128.169922,2489470000
1/27/2014,15837.87988,127540000,1781.560059,4045200000,4083.610107,2398280000
1/28/2014,15928.55957,89110000,1792.5,3437830000,4097.959961,2091180000
1/29/2014,15738.79004,109590000,1774.199951,3964020000,4051.429932,2231850000
1/30/2014,15848.61035,92100000,1794.189941,3547510000,4123.129883,2168410000
1/31/2014,15698.84961,137090000,1782.589966,4059690000,4103.879883,2300570000
2/3/2014,15372.79981,151050000,1741.890015,4726040000,3996.959961,2617030000
2/4/2014,15445.24023,124110000,1755.199951,4068410000,4031.52002,2173360000
2/5/2014,15440.23047,105130000,1751.640015,3984290000,4011.550049,2168360000
2/6/2014,15628.53027,106980000,1773.430054,3825410000,4057.120117,1942700000
2/7/2014,15794.08008,105780000,1797.02002,3775990000,4125.859863,2055850000
2/10/2014,15801.79004,84110000,1799.839966,3312160000,4148.169922,1811970000
2/11/2014,15994.76953,95930000,1819.75,3699380000,4191.049805,1993950000
2/12/2014,15963.94043,77310000,1819.26001,3326380000,4201.290039,2035890000
2/13/2014,16027.58984,99470000,1829.829956,3289510000,4240.669922,2249990000
2/14/2014,16154.38965,84060000,1838.630005,3114750000,4244.02002,1881510000
2/18/2014,16130.40039,91250000,1840.76001,3421110000,4272.779785,1886210000
2/19/2014,16040.55957,80560000,1828.75,3661570000,4237.950195,1956720000
2/20/2014,16133.23047,77720000,1839.780029,3404980000,4267.549805,1992780000
2/21/2014,16103.29981,126580000,1836.25,3403880000,4263.410156,2138250000
2/24/2014,16207.13965,244580000,1847.609985,4014530000,4292.970215,2161300000
2/25/2014,16179.66016,99470000,1845.119995,3515560000,4287.589844,2137150000
2/26/2014,16198.41016,93980000,1845.160034,3716730000,4292.060059,2108270000
2/27/2014,16272.65039,97640000,1854.290039,3547460000,4318.930176,2049160000
2/28/2014,16321.70996,122110000,1859.449951,3917450000,4308.120117,2617730000
3/3/2014,16168.03027,92760000,1845.72998,3428220000,4277.299805,2077500000
3/4/2014,16395.88086,96120000,1873.910034,3765770000,4351.970215,2477850000
3/5/2014,16360.17969,73980000,1873.810059,3392990000,4357.970215,2215980000
3/6/2014,16421.89063,75900000,1877.030029,3360450000,4352.129883,2136260000
3/7/2014,16452.7207,80690000,1878.040039,3564740000,4336.220215,2175560000
3/10/2014,16418.67969,68210000,1877.170044,3021350000,4334.450195,2111610000
3/11/2014,16351.25,78150000,1867.630005,3392400000,4307.189941,2477780000
3/12/2014,16340.08008,77900000,1868.199951,3270860000,4323.330078,2131880000
3/13/2014,16108.88965,86160000,1846.339966,3670990000,4260.419922,2383600000
3/14/2014,16065.66992,85660000,1841.130005,3285460000,4245.399902,2196890000
3/17/2014,16247.21973,88930000,1858.829956,2860490000,4279.950195,1810410000
3/18/2014,16336.19043,79140000,1872.25,2930190000,4333.310059,1962890000
3/19/2014,16222.16992,90110000,1860.77002,3289210000,4307.600098,1992750000
3/20/2014,16331.04981,91530000,1872.01001,3327540000,4319.290039,1847270000
3/21/2014,16302.76953,353670000,1866.52002,5270710000,4276.790039,3245740000
3/24/2014,16276.69043,110620000,1857.439941,3409000000,4226.390137,2434650000
3/25/2014,16367.87988,89110000,1865.619995,3200560000,4234.27002,2270760000
3/26/2014,16268.99023,92770000,1852.560059,3480850000,4173.580078,2455460000
3/27/2014,16264.23047,93650000,1849.040039,3733430000,4151.22998,2270650000
3/28/2014,16323.05957,86370000,1857.619995,2955520000,4155.759766,2029840000
3/31/2014,16457.66016,104510000,1872.339966,3274300000,4198.990234,2090850000
4/1/2014,16532.60938,88010000,1885.52002,3336190000,4268.040039,2153130000
4/2/2014,16573,78120000,1890.900024,3131660000,4276.459961,2187100000
4/3/2014,16572.55078,77220000,1888.77002,3055600000,4237.740234,2067370000
4/4/2014,16412.71094,104350000,1865.089966,3583750000,4127.72998,2621270000
4/7/2014,16245.87012,116540000,1845.040039,3801540000,4079.75,2554680000
4/8/2014,16256.13965,98510000,1851.959961,3721450000,4112.990234,2198900000
4/9/2014,16437.17969,91550000,1872.180054,3308650000,4183.899902,1957560000
4/10/2014,16170.21973,112550000,1833.079956,3758780000,4054.110107,2421210000
4/11/2014,16026.75,119550000,1815.689941,3743460000,3999.72998,2264480000
4/14/2014,16173.24023,90020000,1830.609985,3111540000,4022.689941,1890480000
4/15/2014,16262.55957,97850000,1842.97998,3736440000,4034.159912,2413110000
4/16/2014,16424.84961,94650000,1862.310059,3155080000,4086.22998,1863110000
4/17/2014,16408.53906,136190000,1864.849976,3341430000,4095.52002,1954720000
4/21/2014,16449.25,79500000,1871.890015,2642500000,4121.549805,1544440000
4/22/2014,16514.36914,84830000,1879.550049,3215440000,4161.459961,1875930000
4/23/2014,16501.65039,76830000,1875.390015,3085720000,4126.970215,1794760000
4/24/2014,16501.65039,80340000,1878.609985,3191830000,4148.339844,2130870000
4/25/2014,16361.45996,90630000,1863.400024,3213020000,4075.560059,2087140000
4/28/2014,16448.74023,105510000,1869.430054,4034680000,4074.399902,2348320000
4/29/2014,16535.36914,71240000,1878.329956,3647820000,4103.540039,1911240000
4/30/2014,16580.83984,92970000,1883.949951,3779230000,4114.560059,2151400000
5/1/2014,16558.86914,75630000,1883.680054,3416740000,4127.450195,2077040000
5/2/2014,16512.89063,78910000,1881.140015,3159560000,4123.899902,1844790000
5/5/2014,16530.55078,70320000,1884.660034,2733730000,4138.060059,1561170000
5/6/2014,16401.01953,74340000,1867.719971,3327260000,4080.76001,1850610000
5/7/2014,16518.53906,93870000,1878.209961,3632950000,4067.669922,2486030000
5/8/2014,16550.9707,75620000,1875.630005,3393420000,4051.5,2411940000
5/9/2014,16583.33984,74980000,1878.47998,3025020000,4071.870117,1976160000
5/12/2014,16695.4707,71550000,1896.650024,3005740000,4143.859863,1880020000
5/13/2014,16715.43945,71340000,1897.449951,2915680000,4130.169922,1923480000
5/14/2014,16613.9707,71970000,1888.530029,2822060000,4100.629883,1764430000
5/15/2014,16446.81055,106610000,1870.849976,3552640000,4069.290039,2083030000
5/16/2014,16491.31055,119330000,1877.859985,3173650000,4090.590088,1741070000
5/19/2014,16511.85938,82180000,1885.079956,2664250000,4125.810059,1601400000
5/20/2014,16374.30957,75150000,1872.829956,3007700000,4096.890137,1797910000
5/21/2014,16533.06055,76730000,1888.030029,2777140000,4131.540039,1703500000
5/22/2014,16543.08008,59250000,1892.48999,2759800000,4154.339844,1835810000
5/23/2014,16606.26953,61340000,1900.530029,2396280000,4185.810059,1536610000
5/27/2014,16675.5,80870000,1911.910034,2911020000,4237.069824,1812330000
5/28/2014,16633.17969,62480000,1909.780029,2976450000,4225.080078,1785140000
5/29/2014,16698.74023,55500000,1920.030029,2709050000,4247.950195,1714000000
5/30/2014,16717.16992,105190000,1923.569946,3263490000,4242.620117,1903660000
6/2/2014,16743.63086,57560000,1924.969971,2509020000,4237.200195,1631310000
6/3/2014,16722.33984,67830000,1924.23999,2867180000,4234.080078,1718640000
6/4/2014,16737.5293,65570000,1927.880005,2793920000,4251.640137,1610090000
6/5/2014,16836.10938,70460000,1940.459961,3113270000,4296.22998,1926750000
6/6/2014,16924.2793,80530000,1949.439941,2864300000,4321.399902,1616650000
6/9/2014,16943.09961,67130000,1951.27002,2812180000,4336.240234,1783060000
6/10/2014,16945.91992,64560000,1950.790039,2702360000,4338,1787120000
6/11/2014,16843.88086,61860000,1943.890015,2710620000,4331.930176,1778460000
6/12/2014,16734.18945,72560000,1930.109985,3040480000,4297.629883,1908190000
6/13/2014,16775.74023,95220000,1936.160034,2598230000,4310.649902,1754560000
6/16/2014,16781.00977,77900000,1937.780029,2926130000,4321.100098,1675120000
6/17/2014,16808.49023,63530000,1941.98999,2971260000,4337.22998,1814360000
6/18/2014,16906.61914,73720000,1956.97998,3065220000,4362.839844,1860660000
6/19/2014,16921.46094,80220000,1959.47998,2952150000,4359.330078,1845460000
6/20/2014,16947.08008,247350000,1962.869995,4336240000,4368.040039,2721380000
6/23/2014,16937.25977,63640000,1962.609985,2717630000,4368.680176,1712930000
6/24/2014,16818.13086,80220000,1949.97998,3089700000,4350.350098,2014700000
6/25/2014,16867.50977,73920000,1959.530029,3106710000,4379.759766,1722820000
6/26/2014,16846.13086,63650000,1957.219971,2778840000,4379.049805,1554070000
6/27/2014,16851.83984,137690000,1960.959961,4290590000,4397.930176,3964930000
6/30/2014,16826.59961,90360000,1960.22998,3037350000,4408.180176,1848110000
7/1/2014,16956.07031,74050000,1973.319946,3188240000,4458.649902,1942550000
7/2/2014,16976.24023,57840000,1974.619995,2851480000,4457.72998,1599480000
7/3/2014,17068.25977,66800000,1985.439941,1998090000,4485.930176,1001730000
7/7/2014,17024.21094,61480000,1977.650024,2681260000,4451.529785,1691390000
7/8/2014,16906.61914,75250000,1963.709961,3302430000,4391.459961,2221820000
7/9/2014,16985.60938,67120000,1972.829956,2858800000,4419.029785,1736960000
7/10/2014,16915.07031,67510000,1964.680054,3165690000,4396.200195,1682920000
7/11/2014,16943.81055,61000000,1967.569946,2684630000,4415.490234,1511250000
7/14/2014,17055.41992,60570000,1977.099976,2744920000,4440.419922,1579660000
7/15/2014,17060.67969,101730000,1973.280029,3328740000,4416.390137,1772030000
7/16/2014,17138.19922,111500000,1981.569946,3390950000,4425.970215,2059340000
7/17/2014,16976.81055,99240000,1958.119995,3381680000,4363.450195,2055240000
7/18/2014,17100.17969,112530000,1978.219971,3106060000,4432.149902,1823580000
7/21/2014,17051.73047,67590000,1973.630005,2611160000,4424.700195,1557820000
7/22/2014,17113.53906,77960000,1983.530029,2890480000,4456.02002,1724440000
7/23/2014,17086.63086,73440000,1987.01001,2869720000,4473.700195,1909810000
7/24/2014,17083.80078,66390000,1987.97998,3203530000,4472.109863,1935090000
7/25/2014,16960.57031,67290000,1978.339966,2638960000,4449.560059,1711430000
7/28/2014,16982.58984,66190000,1978.910034,2803320000,4444.910156,1783250000
7/29/2014,16912.10938,75980000,1969.949951,3183300000,4442.700195,2090810000
7/30/2014,16880.35938,77750000,1970.069946,3448250000,4462.899902,1872430000
7/31/2014,16563.30078,101670000,1930.670044,4193000000,4369.77002,2273380000
8/1/2014,16493.36914,84860000,1925.150024,3789660000,4352.640137,2050340000
8/4/2014,16569.2793,76260000,1938.98999,3072920000,4383.890137,1677400000
8/5/2014,16429.4707,76630000,1920.209961,3462520000,4352.839844,1916180000
8/6/2014,16443.33984,78600000,1920.23999,3539150000,4355.049805,1819310000
8/7/2014,16368.26953,80430000,1909.569946,3230520000,4334.970215,1866330000
8/8/2014,16553.92969,82420000,1931.589966,2902280000,4370.899902,1759060000
8/11/2014,16569.98047,65560000,1936.920044,2784890000,4401.330078,1537880000
8/12/2014,16560.53906,62770000,1933.75,2611700000,4389.25,1560220000
8/13/2014,16651.80078,66020000,1946.719971,2718020000,4434.129883,1611690000
8/14/2014,16713.58008,62370000,1955.180054,2609460000,4453,1549820000
8/15/2014,16662.91016,109180000,1955.060059,3023380000,4464.930176,1799460000
8/18/2014,16838.74023,75670000,1971.73999,2638160000,4508.310059,1571100000
8/19/2014,16919.58984,67220000,1981.599976,2656430000,4527.509766,1556560000
8/20/2014,16979.13086,61960000,1986.51001,2579560000,4526.47998,1502290000
8/21/2014,17039.49023,65160000,1992.369995,2638920000,4532.100098,1421730000
8/22/2014,17001.2207,64330000,1988.400024,2301860000,4538.549805,1311810000
8/25/2014,17076.86914,57400000,1997.920044,2233880000,4557.350098,1384620000
8/26/2014,17106.69922,50710000,2000.02002,2451950000,4570.640137,1469620000
8/27/2014,17122.00977,61690000,2000.119995,2344350000,4569.620117,1389470000
8/28/2014,17079.57031,51860000,1996.73999,2282400000,4557.700195,1309580000
8/29/2014,17098.44922,81500000,2003.369995,2259130000,4580.27002,1352830000
9/2/2014,17067.56055,64820000,2002.280029,2819980000,4598.189941,1859080000
9/3/2014,17078.2793,62770000,2000.719971,2809980000,4572.560059,1897450000
9/4/2014,17069.58008,68120000,1997.650024,3072410000,4562.290039,1728700000
9/5/2014,17137.35938,76630000,2007.709961,2818300000,4582.899902,1641830000
9/8/2014,17111.41992,65640000,2001.540039,2789090000,4592.290039,1670210000
9/9/2014,17013.86914,69030000,1988.439941,2882830000,4552.290039,1956550000
9/10/2014,17068.71094,76780000,1995.689941,2912430000,4586.52002,1808650000
9/11/2014,17049,63650000,1997.449951,2941690000,4591.810059,1704850000
9/12/2014,16987.50977,82820000,1985.540039,3206570000,4567.600098,1784170000
9/15/2014,17031.14063,71740000,1984.130005,2776530000,4518.899902,1940520000
9/16/2014,17131.9707,73200000,1998.97998,3160310000,4552.759766,1879350000
9/17/2014,17156.84961,87810000,2001.569946,3209420000,4562.189941,1796710000
9/18/2014,17265.99023,85300000,2011.359985,3235340000,4593.430176,1774840000
9/19/2014,17279.74023,349620000,2010.400024,4880220000,4579.790039,3178490000
9/22/2014,17172.67969,74300000,1994.290039,3349670000,4527.689941,1881520000
9/23/2014,17055.86914,77090000,1982.77002,3279350000,4508.689941,1847730000
9/24/2014,17210.06055,80530000,1998.300049,3313850000,4555.220215,1765260000
9/25/2014,16945.80078,93520000,1965.98999,3273050000,4466.75,1939610000
9/26/2014,17113.15039,74670000,1982.849976,2929440000,4512.189941,1637480000
9/29/2014,17071.2207,70220000,1977.800049,3094440000,4505.850098,1737750000
9/30/2014,17042.90039,102290000,1972.290039,3951100000,4493.390137,2200380000
10/1/2014,16804.71094,104240000,1946.160034,4188590000,4422.089844,2312630000
10/2/2014,16801.05078,75490000,1946.170044,4012510000,4430.200195,2165500000
10/3/2014,17009.68945,87940000,1967.900024,3560970000,4475.620117,1777640000
10/6/2014,16991.91016,655450000,1964.819946,3358220000,4454.799805,1828240000
10/7/2014,16719.39063,79420000,1935.099976,3687870000,4385.200195,2111360000
10/8/2014,16994.2207,106930000,1968.890015,4441890000,4468.589844,2451630000
10/9/2014,16659.25,93210000,1928.209961,4344020000,4378.339844,2264220000
10/10/2014,16544.09961,136370000,1906.130005,4550540000,4276.240234,2765750000
10/13/2014,16321.07031,107830000,1874.73999,4352580000,4213.660156,2467830000
10/14/2014,16315.19043,110410000,1877.699951,4812010000,4227.169922,2496120000
10/15/2014,16141.74023,160380000,1862.48999,6090800000,4215.319824,3058740000
10/16/2014,16117.24023,131670000,1862.76001,5073150000,4217.390137,2591940000
10/17/2014,16380.41016,137910000,1886.76001,4482120000,4258.439941,2260070000
10/20/2014,16399.66992,94320000,1904.01001,3331210000,4316.069824,1717370000
10/21/2014,16614.81055,105110000,1941.280029,3987090000,4419.47998,1997580000
10/22/2014,16461.32031,92050000,1927.109985,3761930000,4382.850098,1967020000
10/23/2014,16677.90039,99420000,1950.819946,3789250000,4452.790039,1952380000
10/24/2014,16805.41016,90400000,1964.579956,3078380000,4483.720215,1754300000
10/27/2014,16817.93945,72580000,1961.630005,3538860000,4485.930176,1585580000
10/28/2014,17005.75,83870000,1985.050049,3653260000,4564.290039,1966920000
10/29/2014,16974.31055,76450000,1982.300049,3740350000,4549.22998,2184050000
10/30/2014,17195.41992,80180000,1994.650024,3586150000,4566.140137,2034960000
10/31/2014,17390.51953,121610000,2018.050049,4292290000,4630.740234,2424360000
11/3/2014,17366.24023,80030000,2017.810059,3555440000,4638.910156,2033000000
11/4/2014,17383.83984,81390000,2012.099976,3956260000,4623.640137,1939320000
11/5/2014,17484.5293,76030000,2023.569946,3766590000,4620.720215,2001870000
11/6/2014,17554.4707,70670000,2031.209961,3669770000,4638.470215,1986820000
11/7/2014,17573.92969,82860000,2031.920044,3704280000,4632.529785,1978830000
11/10/2014,17613.74023,71430000,2038.26001,3284940000,4651.620117,1830010000
11/11/2014,17614.90039,52880000,2039.680054,2958320000,4660.560059,1663690000
11/12/2014,17612.19922,75980000,2038.25,3246650000,4675.140137,1773060000
11/13/2014,17652.78906,80540000,2039.329956,3455270000,4680.140137,1857580000
11/14/2014,17634.74023,72850000,2039.819946,3227130000,4688.540039,1739950000
11/17/2014,17647.75,70330000,2041.319946,3152890000,4671,1695070000
11/18/2014,17687.82031,87420000,2051.800049,3416190000,4702.439941,1655760000
11/19/2014,17685.73047,73780000,2048.719971,3390850000,4675.709961,1641560000
11/20/2014,17719,77740000,2052.75,3128290000,4701.870117,1667330000
11/21/2014,17810.06055,140940000,2063.5,3916420000,4712.970215,1854340000
11/24/2014,17817.90039,85510000,2069.409912,3128060000,4754.890137,1568130000
11/25/2014,17814.93945,88190000,2067.030029,3392940000,4758.25,1720140000
11/26/2014,17827.75,67450000,2072.830078,2745260000,4787.319824,1362930000
11/28/2014,17828.24023,80470000,2067.560059,2504640000,4791.629883,998600000
12/1/2014,17776.80078,86390000,2053.439941,4159010000,4727.350098,1893600000
12/2/2014,17879.55078,81970000,2066.550049,3686650000,4755.810059,1839170000
12/3/2014,17912.61914,99400000,2074.330078,3612680000,4774.470215,1734510000
12/4/2014,17900.09961,76270000,2071.919922,3408340000,4769.439941,1724090000
12/5/2014,17958.78906,79110000,2075.370117,3419620000,4780.759766,1767100000
12/8/2014,17852.48047,88680000,2060.310059,3800990000,4740.689941,1966770000
12/9/2014,17801.19922,100400000,2059.820068,3970150000,4766.470215,1950330000
12/10/2014,17533.15039,115100000,2026.140015,4114440000,4684.02002,1850810000
12/11/2014,17596.33984,90100000,2035.329956,3917950000,4708.160156,1873050000
12/12/2014,17280.83008,121950000,2002.329956,4157650000,4653.600098,1888870000
12/15/2014,17180.83984,114050000,1989.630005,4361990000,4605.160156,2143610000
12/16/2014,17068.86914,116640000,1972.73999,4958680000,4547.830078,2231670000
12/17/2014,17356.86914,118220000,2012.890015,4942370000,4644.310059,2279930000
12/18/2014,17778.15039,123940000,2061.22998,4703380000,4748.399902,2172260000
12/19/2014,17804.80078,343690000,2070.649902,6465530000,4765.379883,3287920000
12/22/2014,17959.43945,98460000,2078.540039,3369520000,4781.419922,1720070000
12/23/2014,18024.16992,82890000,2082.169922,3043950000,4765.419922,1590820000
12/24/2014,18030.21094,42870000,2081.879883,1416980000,4773.470215,729750000
12/26/2014,18053.71094,52570000,2088.77002,1735230000,4806.859863,930220000
12/29/2014,18038.23047,53870000,2090.570068,2452360000,4806.910156,1227740000
12/30/2014,17983.07031,47490000,2080.350098,2440280000,4777.439941,1269200000
12/31/2014,17823.07031,82840000,2058.899902,2606070000,4736.049805,1515600000
1/2/2015,17832.99023,76270000,2058.199951,2708700000,4726.810059,1435150000
1/5/2015,17501.65039,116160000,2020.579956,3799120000,4652.569824,1794470000
1/6/2015,17371.64063,101870000,2002.609985,4460110000,4592.740234,2167320000
1/7/2015,17584.51953,91030000,2025.900024,3805480000,4650.470215,1957950000
1/8/2015,17907.86914,114890000,2062.139893,3934010000,4736.189941,2105450000
1/9/2015,17737.36914,93390000,2044.810059,3364140000,4704.069824,1715830000
1/12/2015,17640.83984,92500000,2028.26001,3456460000,4664.709961,1861960000
1/13/2015,17613.67969,99360000,2023.030029,4107300000,4661.5,2162180000
1/14/2015,17427.08984,109180000,2011.27002,4378680000,4639.319824,2073810000
1/15/2015,17320.71094,94520000,1992.670044,4276720000,4570.819824,1976260000
1/16/2015,17511.57031,140480000,2019.420044,4056410000,4634.379883,1970520000
1/20/2015,17515.23047,119600000,2022.550049,3944340000,4654.850098,1835040000
1/21/2015,17554.2793,95530000,2032.119995,3730070000,4667.419922,1847420000
1/22/2015,17813.98047,111980000,2063.149902,4176050000,4750.399902,1996550000
1/23/2015,17672.59961,97110000,2051.820068,3573560000,4757.879883,1653830000
1/26/2015,17678.69922,87220000,2057.090088,3465760000,4771.759766,1717510000
1/27/2015,17387.21094,135940000,2029.550049,3329810000,4681.5,1954160000
1/28/2015,17191.36914,115980000,2002.160034,4067530000,4637.990234,2118680000
1/29/2015,17416.84961,111690000,2021.25,4127140000,4683.410156,2110710000
1/30/2015,17164.94922,168560000,1994.98999,4568650000,4635.240234,2264230000
2/2/2015,17361.03906,108090000,2020.849976,4008330000,4676.689941,2006450000
2/3/2015,17666.40039,112860000,2050.030029,4615900000,4727.740234,2153520000
2/4/2015,17673.01953,102560000,2041.51001,4141920000,4716.700195,2212960000
2/5/2015,17884.88086,79890000,2062.52002,3821990000,4765.100098,2036590000
2/6/2015,17824.28906,93610000,2055.469971,4232970000,4744.399902,2034060000
2/9/2015,17729.21094,81590000,2046.73999,3549540000,4726.009766,1654680000
2/10/2015,17868.75977,89930000,2068.590088,3669850000,4787.640137,1773730000
2/11/2015,17862.14063,89890000,2068.530029,3596860000,4801.180176,1793630000
2/12/2015,17972.38086,117160000,2088.47998,3788350000,4857.609863,2075470000
2/13/2015,18019.34961,85230000,2096.98999,3527450000,4893.839844,1942240000
2/17/2015,18047.58008,98760000,2100.340088,3361750000,4899.27002,1751490000
2/18/2015,18029.84961,75090000,2099.679932,3370020000,4906.359863,1684800000
2/19/2015,17985.76953,79130000,2097.449951,3247100000,4924.700195,1592890000
2/20/2015,18140.43945,111390000,2110.300049,3281600000,4955.970215,1761140000
2/23/2015,18116.83984,83670000,2109.659912,3093680000,4960.970215,1754850000
2/24/2015,18209.18945,79310000,2115.47998,3199840000,4968.120117,1834890000
2/25/2015,18224.57031,80480000,2113.860107,3312340000,4967.140137,1848560000
2/26/2015,18214.41992,81500000,2110.73999,3408690000,4987.890137,1905550000
2/27/2015,18132.69922,101110000,2104.5,3547380000,4963.529785,1955590000
3/2/2015,18288.63086,89790000,2117.389893,3409490000,5008.100098,1931110000
3/3/2015,18203.36914,83830000,2107.780029,3262300000,4979.899902,2018900000
3/4/2015,18096.90039,80900000,2098.530029,3421110000,4967.140137,1824830000
3/5/2015,18135.7207,75840000,2101.040039,3103030000,4982.810059,1724200000
3/6/2015,17856.7793,113350000,2071.26001,3853570000,4927.370117,1918220000
3/9/2015,17995.7207,85820000,2079.429932,3349090000,4942.439941,1696510000
3/10/2015,17662.93945,120450000,2044.160034,3668900000,4859.790039,1876010000
3/11/2015,17635.39063,102120000,2040.23999,3406570000,4849.939941,1846020000
3/12/2015,17895.2207,111550000,2065.949951,3405860000,4893.290039,1855110000
3/13/2015,17749.31055,113620000,2053.399902,3498560000,4871.759766,1851410000
3/16/2015,17977.41992,101760000,2081.189941,3295600000,4929.509766,1713480000
3/17/2015,17849.08008,82560000,2074.280029,3221840000,4937.430176,1724370000
3/18/2015,18076.18945,130950000,2099.5,4128210000,4982.830078,1983570000
3/19/2015,17959.0293,107820000,2089.27002,3305220000,4992.379883,1674970000
3/20/2015,18127.65039,333870000,2108.100098,5554120000,5026.419922,2825670000
3/23/2015,18116.03906,98030000,2104.419922,3267960000,5010.970215,1608880000
3/24/2015,18011.14063,87190000,2091.5,3189820000,4994.72998,1611670000
3/25/2015,17718.53906,106560000,2061.050049,3521140000,4876.52002,2219520000
3/26/2015,17678.23047,117740000,2056.149902,3510670000,4863.359863,2004960000
3/27/2015,17712.66016,103220000,2061.02002,3008550000,4891.220215,1678650000
3/30/2015,17976.31055,104040000,2086.23999,2917690000,4947.439941,1778520000
3/31/2015,17776.11914,119470000,2067.889893,3376550000,4900.879883,1837660000
4/1/2015,17698.17969,103360000,2059.689941,3543270000,4880.22998,1874960000
4/2/2015,17763.24023,87370000,2066.959961,3095960000,4886.939941,1563670000
4/6/2015,17880.84961,100850000,2080.620117,3302970000,4917.319824,1737560000
4/7/2015,17875.41992,72150000,2076.330078,3065510000,4910.22998,1572940000
4/8/2015,17902.50977,76820000,2081.899902,3265330000,4950.819824,1714210000
4/9/2015,17958.73047,86740000,2091.179932,3172360000,4974.560059,1729750000
4/10/2015,18057.65039,116410000,2102.060059,3156200000,4995.97998,1494240000
4/13/2015,17977.03906,120090000,2092.429932,2908420000,4988.25,1544190000
4/14/2015,18036.69922,82830000,2095.840088,3301270000,4977.290039,1571360000
4/15/2015,18112.60938,113610000,2106.629883,4013760000,5011.02002,1795530000
4/16/2015,18105.76953,89520000,2104.98999,3434120000,5007.790039,1662850000
4/17/2015,17826.30078,138860000,2081.179932,3627600000,4931.810059,1985190000
4/20/2015,18034.92969,103160000,2100.399902,3000160000,4994.600098,1646340000
4/21/2015,17949.58984,95180000,2097.290039,3243410000,5014.100098,1721260000
4/22/2015,18038.26953,91260000,2107.959961,3348480000,5035.169922,1696380000
4/23/2015,18058.68945,100240000,2112.929932,3636670000,5056.060059,1858620000
4/24/2015,18080.14063,119130000,2117.689941,3375780000,5092.080078,1895150000
4/27/2015,18037.9707,121110000,2108.919922,3438750000,5060.25,2172470000
4/28/2015,18110.14063,124930000,2114.76001,3546270000,5055.419922,2032500000
4/29/2015,18035.5293,102080000,2106.850098,4074970000,5023.640137,1871300000
4/30/2015,17840.51953,129180000,2085.51001,4509680000,4941.419922,2269290000
5/1/2015,18024.06055,91700000,2108.290039,3379390000,5005.390137,1854400000
5/4/2015,18070.40039,86010000,2114.48999,3091580000,5016.930176,1668200000
5/5/2015,17928.19922,95340000,2089.459961,3793950000,4939.330078,2069490000
5/6/2015,17841.98047,100430000,2080.149902,3792210000,4919.640137,2144620000
5/7/2015,17924.06055,80920000,2088,3676640000,4945.540039,2042960000
5/8/2015,18191.10938,94960000,2116.100098,3399440000,5003.549805,1978760000
5/11/2015,18105.16992,86050000,2105.330078,2992670000,4993.569824,1731390000
5/12/2015,18068.23047,89270000,2099.120117,3139520000,4976.189941,0
5/13/2015,18060.49023,85180000,2098.47998,3374260000,4981.689941,1672260000
5/14/2015,18252.24023,91580000,2121.100098,3225740000,5050.799805,1741970000
5/15/2015,18272.56055,108220000,2122.72998,3092080000,5048.290039,1667260000
5/18/2015,18298.88086,79080000,2129.199951,2888190000,5078.439941,1643870000
5/19/2015,18312.39063,87200000,2127.830078,3296030000,5070.029785,1750980000
5/20/2015,18285.40039,80190000,2125.850098,3025880000,5071.740234,1786830000
5/21/2015,18285.74023,84270000,2130.820068,3070460000,5090.790039,1683670000
5/22/2015,18232.01953,78890000,2126.060059,2571860000,5089.359863,1544920000
5/26/2015,18041.53906,109440000,2104.199951,3342130000,5032.75,1731950000
5/27/2015,18162.99023,96400000,2123.47998,3127960000,5106.589844,1809550000
5/28/2015,18126.11914,67510000,2120.790039,2980350000,5097.97998,1741420000
5/29/2015,18010.67969,139810000,2107.389893,3927390000,5070.029785,2024170000
6/1/2015,18040.36914,85640000,2111.72998,3011710000,5082.930176,1902120000
6/2/2015,18011.93945,77550000,2109.600098,3049350000,5076.52002,1729750000
6/3/2015,18076.26953,73120000,2114.070068,3099980000,5099.22998,1852680000
6/4/2015,17905.58008,93470000,2095.840088,3200050000,5059.120117,1813960000
6/5/2015,17849.46094,89140000,2092.830078,3243690000,5068.459961,1842890000
6/8/2015,17766.55078,86300000,2079.280029,2917150000,5021.629883,1712210000
6/9/2015,17764.03906,90550000,2080.149902,3034580000,5013.870117,1754340000
6/10/2015,18000.40039,96980000,2105.199951,3414320000,5076.689941,1792980000
6/11/2015,18039.36914,89490000,2108.860107,3128600000,5082.509766,1623950000
6/12/2015,17898.83984,83760000,2094.110107,2719400000,5051.100098,1428900000
6/15/2015,17791.16992,91920000,2084.429932,3061570000,5029.970215,1790280000
6/16/2015,17904.48047,77510000,2096.290039,2919900000,5055.549805,1654820000
6/17/2015,17935.74023,92410000,2100.439941,3222240000,5064.879883,1712820000
6/18/2015,18115.83984,94460000,2121.23999,3520360000,5132.950195,1877920000
6/19/2015,18015.94922,258300000,2109.98999,4449810000,5117,2468310000
6/22/2015,18119.7793,77780000,2122.850098,3030020000,5153.970215,1619970000
6/23/2015,18144.07031,75970000,2124.199951,3091190000,5160.089844,1613540000
6/24/2015,17966.07031,104980000,2108.580078,3102480000,5122.410156,1628800000
6/25/2015,17890.35938,78990000,2102.310059,3214610000,5112.189941,1614760000
6/26/2015,17946.67969,158120000,2101.48999,5025470000,5080.509766,3843810000
6/29/2015,17596.34961,116340000,2057.639893,3678960000,4958.470215,2025580000
6/30/2015,17619.50977,126460000,2063.110107,4078540000,4986.870117,2034430000
7/1/2015,17757.91016,87010000,2077.419922,3727260000,5013.120117,1814560000
7/2/2015,17730.10938,83080000,2076.780029,2996540000,5009.209961,1490810000
7/6/2015,17683.58008,90130000,2068.76001,3486360000,4991.939941,1741500000
7/7/2015,17776.91016,105840000,2081.340088,4458660000,4997.459961,2132080000
7/8/2015,17515.41992,69830000,2046.680054,3608780000,4909.759766,1931520000
7/9/2015,17548.61914,100520000,2051.310059,3446810000,4922.399902,1861600000
7/10/2015,17760.41016,85800000,2076.620117,3065070000,4997.700195,1590230000
7/13/2015,17977.67969,86380000,2099.600098,3096730000,5071.509766,1694140000
7/14/2015,18053.58008,76740000,2108.949951,3002120000,5104.890137,1682660000
7/15/2015,18050.16992,80460000,2107.399902,3261810000,5098.939941,1691350000
7/16/2015,18120.25,85030000,2124.290039,3227080000,5163.180176,1823530000
7/17/2015,18086.44922,106510000,2126.639893,3362750000,5210.140137,1854450000
7/20/2015,18100.41016,75060000,2128.280029,3245870000,5218.859863,1814180000
7/21/2015,17919.28906,100170000,2119.209961,3343690000,5208.120117,1774570000
7/22/2015,17851.03906,112370000,2114.149902,3694070000,5171.77002,2035730000
7/23/2015,17731.91992,88600000,2102.149902,3772810000,5146.410156,2003310000
7/24/2015,17568.5293,103470000,2079.649902,3870040000,5088.629883,2004380000
7/27/2015,17440.58984,117860000,2067.639893,3836750000,5039.779785,1942520000
7/28/2015,17630.26953,103450000,2093.25,4117740000,5089.209961,2025110000
7/29/2015,17751.39063,93140000,2108.570068,4038900000,5111.72998,1890350000
7/30/2015,17745.98047,76650000,2108.629883,3579410000,5128.779785,1908480000
7/31/2015,17689.85938,106120000,2103.840088,3681340000,5128.279785,1926360000
8/3/2015,17598.19922,87880000,2098.040039,3476770000,5115.379883,1790080000
8/4/2015,17550.68945,99060000,2093.320068,3546710000,5105.549805,1819700000
8/5/2015,17540.4707,102450000,2099.840088,3968680000,5139.939941,2041490000
8/6/2015,17419.75,96170000,2083.560059,4246570000,5056.439941,2290950000
8/7/2015,17373.38086,81800000,2077.570068,3602320000,5043.540039,2008360000
8/10/2015,17615.16992,92430000,2104.179932,3514460000,5101.799805,1784930000
8/11/2015,17402.83984,103010000,2084.070068,3708880000,5036.790039,1912340000
8/12/2015,17402.50977,120400000,2086.050049,4269130000,5044.390137,2089460000
8/13/2015,17408.25,88550000,2083.389893,3221300000,5033.560059,1632340000
8/14/2015,17477.40039,82120000,2091.540039,2795590000,5048.240234,1487630000
8/17/2015,17545.17969,73380000,2102.439941,2867690000,5091.700195,1510790000
8/18/2015,17511.33984,79900000,2096.919922,2949990000,5059.350098,1501540000
8/19/2015,17348.73047,104720000,2079.610107,3512920000,5019.049805,1785420000
8/20/2015,16990.68945,128530000,2035.72998,3922470000,4877.490234,2087000000
8/21/2015,16459.75,225170000,1970.890015,5018240000,4706.040039,2768540000
8/24/2015,15871.34961,293920000,1893.209961,6612690000,4526.25,3508840000
8/25/2015,15666.44043,213220000,1867.609985,5183560000,4506.490234,2612800000
8/26/2015,16285.50977,208420000,1940.51001,5338250000,4697.540039,2631660000
8/27/2015,16654.76953,171980000,1987.660034,5006390000,4812.709961,2368880000
8/28/2015,16643.00977,131790000,1988.869995,3949080000,4828.319824,1936540000
8/31/2015,16528.0293,141440000,1972.180054,3915100000,4776.509766,1839010000
9/1/2015,16058.34961,171390000,1913.849976,4371850000,4636.100098,2253750000
9/2/2015,16351.37988,133480000,1948.859985,3742620000,4749.97998,1929080000
9/3/2015,16374.75977,109730000,1951.130005,3520700000,4733.5,1803320000
9/4/2015,16102.37988,127270000,1921.219971,3167090000,4683.919922,1574720000
9/8/2015,16492.67969,123870000,1969.410034,3548650000,4811.930176,1765600000
9/9/2015,16253.57031,118790000,1942.040039,3652120000,4756.529785,1963750000
9/10/2015,16330.40039,122690000,1952.290039,3626320000,4796.25,1845770000
9/11/2015,16433.08984,104630000,1961.050049,3218590000,4822.339844,1686190000
9/14/2015,16370.95996,92660000,1953.030029,3000200000,4805.759766,1467740000
9/15/2015,16599.84961,93050000,1978.089966,3239860000,4860.52002,1587460000
9/16/2015,16739.94922,99620000,1995.310059,3630680000,4889.240234,1666380000
9/17/2015,16674.74023,129600000,1990.199951,4183790000,4893.950195,1891510000
9/18/2015,16384.58008,341690000,1958.030029,6021240000,4827.22998,3272150000
9/21/2015,16510.18945,90730000,1966.969971,3269350000,4828.950195,2021530000
9/22/2015,16330.46973,119010000,1942.73999,3808260000,4756.720215,2042880000
9/23/2015,16279.88965,86030000,1938.76001,3190530000,4752.740234,1606330000
9/24/2015,16201.32031,122220000,1932.23999,4091530000,4734.47998,1995820000
9/25/2015,16314.66992,130790000,1931.339966,3721870000,4686.5,2050530000
9/28/2015,16001.88965,139930000,1881.77002,4326660000,4543.970215,2387610000
9/29/2015,16049.12988,121160000,1884.089966,4132390000,4517.319824,2293450000
9/30/2015,16284.7002,145740000,1920.030029,4525070000,4620.160156,2398350000
10/1/2015,16272.00977,111420000,1923.819946,3983600000,4627.080078,2133990000
10/2/2015,16472.36914,136870000,1951.359985,4378570000,4707.779785,2183320000
10/5/2015,16776.42969,127660000,1987.050049,4334490000,4781.259766,2005320000
10/6/2015,16790.18945,120010000,1979.920044,4202400000,4748.359863,2085020000
10/7/2015,16912.28906,115690000,1995.829956,4666470000,4791.149902,2149890000
10/8/2015,17050.75,100730000,2013.430054,3939140000,4810.790039,1984230000
10/9/2015,17084.49023,103730000,2014.890015,3706900000,4830.470215,1804260000
10/12/2015,17131.85938,72500000,2017.459961,2893250000,4838.640137,1343820000
10/13/2015,17081.89063,99400000,2003.689941,3401920000,4796.609863,1565060000
10/14/2015,16924.75,120110000,1994.23999,3644590000,4782.850098,1902460000
10/15/2015,17141.75,122960000,2023.859985,3746290000,4870.100098,1942900000
10/16/2015,17215.9707,145880000,2033.109985,3595430000,4886.689941,1855290000
10/19/2015,17230.53906,118430000,2033.660034,3287320000,4905.470215,1619920000
10/20/2015,17217.10938,106670000,2030.77002,3331500000,4880.970215,1711700000
10/21/2015,17168.60938,107100000,2018.939941,3627790000,4840.120117,1895390000
10/22/2015,17489.16016,152420000,2052.51001,4430850000,4920.049805,2156040000
10/23/2015,17646.69922,158090000,2075.149902,4108460000,5031.859863,2178270000
10/26/2015,17623.05078,116660000,2071.179932,3385800000,5034.700195,1758690000
10/27/2015,17581.42969,113960000,2065.889893,4216880000,5030.149902,1986840000
10/28/2015,17779.51953,115630000,2090.350098,4698110000,5095.689941,2141130000
10/29/2015,17755.80078,90300000,2089.409912,4008940000,5074.27002,1928310000
10/30/2015,17663.53906,149250000,2079.360107,4256200000,5053.75,2016390000
11/2/2015,17828.75977,100840000,2104.050049,3760020000,5127.149902,1888180000
11/3/2015,17918.15039,92290000,2109.790039,4272060000,5145.129883,2028630000
11/4/2015,17867.58008,99890000,2102.310059,4078870000,5142.47998,2096110000
11/5/2015,17863.42969,98910000,2099.929932,4051890000,5127.740234,2054490000
11/6/2015,17910.33008,107450000,2099.199951,4369020000,5147.120117,2066430000
11/9/2015,17730.48047,121210000,2078.580078,3882350000,5095.299805,1850770000
11/10/2015,17758.21094,108640000,2081.719971,3821440000,5083.240234,1906120000
11/11/2015,17702.2207,95230000,2075,3692410000,5067.02002,1672340000
11/12/2015,17448.07031,113660000,2045.969971,4016370000,5005.080078,1820930000
11/13/2015,17245.24023,134640000,2023.040039,4278750000,4927.879883,2001050000
11/16/2015,17483.00977,137590000,2053.189941,3741240000,4984.620117,1819190000
11/17/2015,17489.5,167190000,2050.439941,4427350000,4986.02002,1861710000
11/18/2015,17737.16016,106810000,2083.580078,3926390000,5075.200195,2017390000
11/19/2015,17732.75,114630000,2081.23999,3628110000,5073.640137,1794110000
11/20/2015,17823.81055,153140000,2089.169922,3929600000,5104.919922,1766630000
11/23/2015,17792.67969,134680000,2086.590088,3587980000,5102.47998,1668280000
11/24/2015,17812.18945,127170000,2089.139893,3884930000,5102.810059,1956920000
11/25/2015,17813.39063,82540000,2088.870117,2852940000,5116.140137,1539300000
11/27/2015,17813.39063,82540000,2090.110107,1466840000,5127.52002,781730000
11/30/2015,17719.91992,155560000,2080.409912,4275030000,5108.669922,2244550000
12/1/2015,17888.34961,103880000,2102.629883,3712120000,5156.310059,2035570000
12/2/2015,17729.67969,102860000,2079.51001,3950640000,5123.220215,2060340000
12/3/2015,17477.66992,126990000,2049.620117,4306490000,5037.529785,2088100000
12/4/2015,17847.63086,137650000,2091.689941,4214910000,5142.27002,1897490000
12/7/2015,17730.50977,99670000,2077.070068,4043820000,5101.810059,1952690000
12/8/2015,17568,113720000,2063.590088,4173570000,5098.240234,1871450000
12/9/2015,17492.30078,122020000,2047.619995,4385250000,5022.870117,2003450000
12/10/2015,17574.75,107310000,2052.22998,3715150000,5045.169922,1746520000
12/11/2015,17265.21094,134510000,2012.369995,4301060000,4933.470215,2084950000
12/14/2015,17368.5,142540000,2021.939941,4612440000,4952.22998,2216060000
12/15/2015,17524.91016,123430000,2043.410034,4353540000,4995.359863,2054710000
12/16/2015,17749.08984,123790000,2073.070068,4635450000,5071.129883,2036610000
12/17/2015,17495.83984,115780000,2041.890015,4327390000,5002.549805,1897220000
12/18/2015,17128.55078,344560000,2005.550049,6683070000,4923.080078,3765210000
12/21/2015,17251.61914,114910000,2021.150024,3760280000,4968.919922,1673400000
12/22/2015,17417.26953,91570000,2038.969971,3520860000,5001.109863,1556670000
12/23/2015,17602.60938,92820000,2064.290039,3484090000,5045.930176,1591490000
12/24/2015,17552.16992,40350000,2060.98999,1411860000,5048.490234,706880000
12/28/2015,17528.26953,59770000,2056.5,2492510000,5040.990234,1310650000
12/29/2015,17720.98047,69860000,2078.360107,2542000000,5107.939941,1383470000
12/30/2015,17603.86914,59760000,2063.360107,2367430000,5065.850098,1247530000
12/31/2015,17425.0293,93690000,2043.939941,2655330000,5007.410156,1437480000
1/4/2016,17148.93945,148060000,2012.660034,4304880000,4903.089844,2218420000
1/5/2016,17158.66016,105750000,2016.709961,3706620000,4891.430176,1927380000
1/6/2016,16906.50977,120250000,1990.26001,4336660000,4835.759766,2168620000
1/7/2016,16514.09961,176240000,1943.089966,5076590000,4689.430176,2552590000
1/8/2016,16346.4502,141850000,1922.030029,4664940000,4643.629883,2288750000
1/11/2016,16398.57031,127790000,1923.670044,4607290000,4637.990234,2391110000
1/12/2016,16516.2207,117480000,1938.680054,4887260000,4685.919922,2147470000
1/13/2016,16151.41016,153530000,1890.280029,5087030000,4526.060059,2533200000
1/14/2016,16379.04981,158830000,1921.839966,5241110000,4615,2565560000
1/15/2016,15988.08008,239210000,1880.329956,5468460000,4488.419922,2818630000
1/19/2016,16016.01953,144360000,1881.329956,4928350000,4476.950195,2394550000
1/20/2016,15766.74023,191870000,1859.329956,6416070000,4471.689941,3204130000
1/21/2016,15882.67969,145140000,1868.98999,5078810000,4472.060059,2447750000
1/22/2016,16093.50977,145850000,1906.900024,4901760000,4591.180176,2153340000
1/25/2016,15885.21973,123250000,1877.079956,4401380000,4518.490234,2028880000
1/26/2016,16167.23047,118210000,1903.630005,4357940000,4567.669922,1981180000
1/27/2016,15944.45996,138350000,1882.949951,4754040000,4468.169922,2115710000
1/28/2016,16069.63965,130120000,1893.359985,4693010000,4506.680176,2322310000
1/29/2016,16466.30078,217940000,1940.23999,5497570000,4613.950195,2617550000
2/1/2016,16449.17969,114450000,1939.380005,4322530000,4620.370117,1983340000
2/2/2016,16153.54004,126210000,1903.030029,4463190000,4516.950195,2185180000
2/3/2016,16336.66016,141870000,1912.530029,5172950000,4504.240234,2466190000
2/4/2016,16416.58008,131490000,1915.449951,5193320000,4509.560059,2200930000
2/5/2016,16204.96973,139010000,1880.050049,4929940000,4363.140137,2489280000
2/8/2016,16027.04981,165880000,1853.439941,5636460000,4283.75,2702070000
2/9/2016,16014.37988,127740000,1852.209961,5183220000,4268.759766,2465790000
2/10/2016,15914.74023,122290000,1851.859985,4471170000,4283.589844,2448380000
2/11/2016,15660.17969,172070000,1829.079956,5500800000,4266.839844,2812330000
2/12/2016,15973.83984,132550000,1864.780029,4696920000,4337.509766,1983190000
2/16/2016,16196.41016,142030000,1895.579956,4570670000,4435.959961,2117920000
2/17/2016,16453.83008,124080000,1926.819946,5011540000,4534.060059,2296440000
2/18/2016,16413.42969,104950000,1917.829956,4436490000,4487.540039,1955870000
2/19/2016,16391.99023,134340000,1917.780029,4142850000,4504.430176,1903770000
2/22/2016,16620.66016,102240000,1945.5,4054710000,4570.609863,1794020000
2/23/2016,16431.7793,98170000,1921.27002,3890650000,4503.580078,1777750000
2/24/2016,16484.99023,93620000,1929.800049,4317250000,4542.609863,1978180000
2/25/2016,16697.28906,94120000,1951.699951,4118210000,4582.200195,1667840000
2/26/2016,16639.9707,98480000,1948.050049,4348510000,4590.470215,1814920000
2/29/2016,16516.5,126220000,1932.22998,4588180000,4557.950195,2065260000
3/1/2016,16865.08008,105050000,1978.349976,4819750000,4689.600098,2080150000
3/2/2016,16899.32031,104470000,1986.449951,4666610000,4703.419922,1912510000
3/3/2016,16943.90039,91110000,1993.400024,5081700000,4707.419922,1936290000
3/4/2016,17006.76953,106910000,1999.98999,6049930000,4717.02002,2171230000
3/7/2016,17073.94922,100290000,2001.76001,4968180000,4708.25,2084390000
3/8/2016,16964.09961,108380000,1979.26001,4641650000,4648.819824,1993060000
3/9/2016,17000.35938,116690000,1989.26001,4038120000,4674.379883,1789550000
3/10/2016,16995.13086,117570000,1989.569946,4376790000,4662.160156,1936470000
3/11/2016,17213.31055,123420000,2022.189941,4078620000,4748.470215,1801790000
3/14/2016,17229.13086,96350000,2019.640015,3487850000,4750.279785,1615100000
3/15/2016,17251.5293,92830000,2015.930054,3560280000,4728.669922,1692420000
3/16/2016,17325.75977,118710000,2027.219971,4057020000,4763.970215,1781060000
3/17/2016,17481.49023,117990000,2040.589966,4530480000,4774.990234,1907190000
3/18/2016,17602.30078,321230000,2049.580078,6503140000,4795.649902,2829040000
3/21/2016,17623.86914,84410000,2051.600098,3376600000,4808.870117,1609230000
3/22/2016,17582.57031,95450000,2049.800049,3418460000,4821.660156,1596200000
3/23/2016,17502.58984,84240000,2036.709961,3639510000,4768.859863,1732630000
3/24/2016,17515.73047,84100000,2035.939941,3407720000,4773.5,1590990000
3/28/2016,17535.39063,70460000,2037.050049,2809090000,4766.790039,1381000000
3/29/2016,17633.10938,86160000,2055.01001,3822330000,4846.620117,1806490000
3/30/2016,17716.66016,79330000,2063.949951,3590310000,4869.290039,1717820000
3/31/2016,17685.08984,102600000,2059.73999,3715280000,4869.850098,1774270000
4/1/2016,17792.75,104890000,2072.780029,3749990000,4914.540039,1812250000
4/4/2016,17737,85230000,2066.129883,3485710000,4891.799805,1705730000
4/5/2016,17603.32031,115230000,2045.170044,4154920000,4843.930176,1726010000
4/6/2016,17716.05078,99410000,2066.659912,3750800000,4920.720215,1761770000
4/7/2016,17541.96094,90120000,2041.910034,3801250000,4848.370117,1908940000
4/8/2016,17576.96094,79990000,2047.599976,3359530000,4850.689941,1588830000
4/11/2016,17556.41016,107100000,2041.98999,3567840000,4833.399902,1545540000
4/12/2016,17721.25,81020000,2061.719971,4239740000,4872.089844,1759280000
4/13/2016,17908.2793,91710000,2082.419922,4191830000,4947.419922,1936450000
4/14/2016,17926.42969,84510000,2082.780029,3765870000,4945.890137,1645810000
4/15/2016,17897.46094,118160000,2080.72998,3701450000,4938.220215,1684790000
4/18/2016,18004.16016,89390000,2094.340088,3316880000,4960.02002,1672260000
4/19/2016,18053.59961,89820000,2100.800049,3896830000,4940.330078,1824250000
4/20/2016,18096.26953,100210000,2102.399902,4184880000,4948.129883,1781340000
4/21/2016,17982.51953,102720000,2091.47998,4175290000,4945.890137,1758190000
4/22/2016,18003.75,134120000,2091.580078,3790580000,4906.22998,2018930000
4/25/2016,17977.24023,83770000,2087.790039,3319740000,4895.790039,1582270000
4/26/2016,17990.32031,92570000,2091.699951,3557190000,4888.279785,1825020000
4/27/2016,18041.55078,109090000,2095.149902,4100110000,4863.140137,1938780000
4/28/2016,17830.75977,100920000,2075.810059,4309840000,4805.290039,2161400000
4/29/2016,17773.64063,136670000,2065.300049,4704720000,4775.359863,2376460000
5/2/2016,17891.16016,80100000,2081.429932,3841110000,4817.589844,1880460000
5/3/2016,17750.91016,97060000,2063.370117,4173390000,4763.220215,1984340000
5/4/2016,17651.25977,95020000,2051.120117,4058560000,4725.640137,1950800000
5/5/2016,17660.71094,81530000,2050.629883,4008530000,4717.089844,1888350000
5/6/2016,17740.63086,80020000,2057.139893,3796350000,4736.160156,1860800000
5/9/2016,17705.91016,85590000,2058.689941,3788620000,4750.209961,1625100000
5/10/2016,17928.34961,75790000,2084.389893,3600200000,4809.879883,1760120000
5/11/2016,17711.11914,87390000,2064.459961,3821980000,4760.689941,1859110000
5/12/2016,17720.5,88560000,2064.110107,3782390000,4737.330078,1930450000
5/13/2016,17535.32031,86640000,2046.609985,3579880000,4717.680176,1698030000
5/16/2016,17710.71094,88440000,2066.659912,3501360000,4775.459961,1741510000
5/17/2016,17529.98047,103260000,2047.209961,4108960000,4715.72998,1925230000
5/18/2016,17526.61914,79120000,2047.630005,4101320000,4739.120117,1934100000
5/19/2016,17435.40039,95530000,2040.040039,3846770000,4712.529785,1805890000
5/20/2016,17500.93945,111990000,2052.320068,3507650000,4769.560059,1970520000
5/23/2016,17492.92969,87790000,2048.040039,3055480000,4765.779785,1865110000
5/24/2016,17706.05078,86480000,2076.060059,3627340000,4861.060059,1942280000
5/25/2016,17851.50977,79180000,2090.540039,3859160000,4894.890137,1784420000
5/26/2016,17828.28906,68940000,2090.100098,3230990000,4901.77002,1606250000
5/27/2016,17873.2207,73190000,2099.060059,3079150000,4933.5,1505020000
5/31/2016,17787.19922,147390000,2096.949951,4514410000,4948.049805,2285350000
6/1/2016,17789.66992,78530000,2099.330078,3525170000,4952.25,1797090000
6/2/2016,17838.56055,75560000,2105.26001,3632720000,4971.359863,1729050000
6/3/2016,17807.06055,82270000,2099.129883,3627780000,4942.52002,1697840000
6/6/2016,17920.33008,71870000,2109.409912,3442020000,4968.709961,1663840000
6/7/2016,17938.2793,78750000,2112.129883,3534730000,4961.75,1747760000
6/8/2016,18005.05078,71260000,2119.120117,3562060000,4974.640137,1692640000
6/9/2016,17985.18945,69690000,2115.47998,3290320000,4958.620117,1632340000
6/10/2016,17865.33984,90540000,2096.070068,3515010000,4894.549805,1822200000
6/13/2016,17732.48047,101690000,2079.060059,3392030000,4848.439941,1888300000
6/14/2016,17674.82031,93740000,2075.320068,3759770000,4843.549805,1919710000
6/15/2016,17640.16992,94130000,2071.5,3544720000,4834.930176,1802200000
6/16/2016,17733.09961,91950000,2077.98999,3628280000,4844.919922,1851770000
6/17/2016,17675.16016,248680000,2071.219971,4952630000,4800.339844,2638220000
6/20/2016,17804.86914,99380000,2083.25,3467440000,4837.209961,1779560000
6/21/2016,17829.73047,85130000,2088.899902,3232880000,4843.759766,1698080000
6/22/2016,17780.83008,89440000,2085.449951,3168160000,4833.319824,1682220000
6/23/2016,18011.07031,98070000,2113.320068,3297940000,4910.040039,1738570000
6/24/2016,17400.75,239000000,2037.410034,7597450000,4707.97998,4411040000
6/27/2016,17140.24023,138740000,2000.540039,5431220000,4594.439941,2659650000
6/28/2016,17409.7207,112190000,2036.089966,4385810000,4691.870117,2074090000
6/29/2016,17694.67969,106380000,2070.77002,4241740000,4779.25,2116550000
6/30/2016,17929.99023,133030000,2098.860107,4622820000,4842.669922,2171180000
7/1/2016,17949.36914,82160000,2102.949951,3458890000,4862.569824,1745130000
7/5/2016,17840.61914,103650000,2088.550049,3658380000,4822.899902,1690340000
7/6/2016,17918.61914,93000000,2099.72998,3909380000,4859.160156,1876090000
7/7/2016,17895.88086,81570000,2097.899902,3604550000,4876.810059,1672770000
7/8/2016,18146.74023,93460000,2129.899902,3607500000,4956.759766,1947260000
7/11/2016,18226.92969,80880000,2137.159912,3253340000,4988.640137,1718450000
7/12/2016,18347.66992,90170000,2152.139893,4097820000,5022.819824,1866280000
7/13/2016,18372.11914,80920000,2152.429932,3502320000,5005.72998,1650820000
7/14/2016,18506.41016,87050000,2163.75,3465610000,5034.060059,1641170000
7/15/2016,18516.55078,123690000,2161.73999,3122600000,5029.589844,1610300000
7/18/2016,18533.05078,75540000,2166.889893,3009310000,5055.779785,1585570000
7/19/2016,18559.00977,85840000,2163.780029,2968340000,5036.370117,1694740000
7/20/2016,18595.0293,93230000,2173.02002,3211860000,5089.930176,1877330000
7/21/2016,18517.23047,86800000,2165.169922,3438900000,5073.899902,1880310000
7/22/2016,18570.84961,87710000,2175.030029,3023280000,5100.160156,1639000000
7/25/2016,18493.06055,76810000,2168.47998,3057240000,5097.629883,1770620000
7/26/2016,18473.75,85370000,2169.179932,3442350000,5110.049805,2038060000
7/27/2016,18472.16992,111370000,2166.580078,3995500000,5139.810059,2122250000
7/28/2016,18456.34961,85750000,2170.060059,3664240000,5154.97998,1950910000
7/29/2016,18432.24023,111550000,2173.600098,4038840000,5162.129883,2072640000
8/1/2016,18404.50977,83470000,2170.840088,3505990000,5184.200195,1866590000
8/2/2016,18313.76953,89680000,2157.030029,3848750000,5137.72998,2142010000
8/3/2016,18355,78550000,2163.790039,3786530000,5159.740234,1909470000
8/4/2016,18352.05078,64500000,2164.25,3709200000,5166.25,1930000000
8/5/2016,18543.5293,92420000,2182.870117,3663070000,5221.120117,2017720000
8/8/2016,18529.28906,71810000,2180.889893,3327550000,5213.140137,1624450000
8/9/2016,18533.05078,60090000,2181.73999,3334300000,5225.47998,1664320000
8/10/2016,18495.66016,62780000,2175.48999,3254950000,5204.580078,1651240000
8/11/2016,18613.51953,71470000,2185.790039,3423160000,5228.399902,1511670000
8/12/2016,18576.4707,61580000,2184.050049,3000660000,5232.890137,1501620000
8/15/2016,18636.05078,62350000,2190.149902,3078530000,5262.02002,1533170000
8/16/2016,18552.01953,67570000,2178.149902,3196400000,5227.109863,1698390000
8/17/2016,18573.93945,71000000,2182.219971,3388910000,5228.660156,1747890000
8/18/2016,18597.69922,70740000,2187.02002,3300570000,5240.149902,1659080000
8/19/2016,18552.57031,93170000,2183.870117,3084800000,5238.379883,1632740000
8/22/2016,18529.41992,73450000,2182.639893,2777550000,5244.600098,1560210000
8/23/2016,18547.30078,73990000,2186.899902,3041490000,5260.080078,1547050000
8/24/2016,18481.48047,72270000,2175.439941,3148280000,5217.689941,1714780000
8/25/2016,18448.41016,64480000,2172.469971,2969310000,5212.200195,1511890000
8/26/2016,18395.40039,78730000,2169.040039,3342340000,5218.919922,1591060000
8/29/2016,18502.99023,64480000,2180.379883,2654780000,5232.330078,1416640000
8/30/2016,18454.30078,68920000,2176.120117,3006800000,5222.990234,1561020000
8/31/2016,18400.88086,98250000,2170.949951,3766390000,5213.220215,1761770000
9/1/2016,18419.30078,74780000,2170.860107,3392120000,5227.209961,1592520000
9/2/2016,18491.96094,74350000,2179.97998,3091120000,5249.899902,1474200000
9/6/2016,18538.11914,83710000,2186.47998,3447650000,5275.910156,1777940000
9/7/2016,18526.14063,67570000,2186.159912,3319420000,5283.930176,1878460000
9/8/2016,18479.91016,79060000,2181.300049,3727840000,5259.47998,1839790000
9/9/2016,18085.44922,120670000,2127.810059,4233960000,5125.910156,2208690000
9/12/2016,18325.07031,103260000,2159.040039,4010480000,5211.890137,2007610000
9/13/2016,18066.75,102830000,2127.02002,4141670000,5155.25,2071460000
9/14/2016,18034.76953,103360000,2125.77002,3664100000,5173.77002,1902680000
9/15/2016,18212.48047,99550000,2147.26001,3373720000,5249.689941,1950940000
9/16/2016,18123.80078,278510000,2139.159912,5014360000,5244.569824,3013860000
9/19/2016,18120.16992,78090000,2139.120117,3163000000,5235.029785,1791120000
9/20/2016,18129.96094,72450000,2139.76001,3140730000,5241.350098,1695190000
9/21/2016,18293.69922,94090000,2163.120117,3712090000,5295.180176,1999690000
9/22/2016,18392.46094,73030000,2177.179932,3552830000,5339.52002,1882100000
9/23/2016,18261.44922,87170000,2164.689941,3317190000,5305.75,1761330000
9/26/2016,18094.83008,95510000,2146.100098,3216170000,5257.490234,1669520000
9/27/2016,18228.30078,84130000,2159.929932,3437770000,5305.709961,1751060000
9/28/2016,18339.24023,97650000,2171.370117,3891460000,5318.549805,1785470000
9/29/2016,18143.44922,95880000,2151.129883,4249220000,5269.149902,1941170000
9/30/2016,18308.15039,135470000,2168.27002,4173340000,5312,2059800000
10/3/2016,18253.84961,68520000,2161.199951,3137550000,5300.870117,1604060000
10/4/2016,18168.44922,79710000,2150.48999,3750890000,5289.660156,1708990000
10/5/2016,18281.0293,76190000,2159.72998,3906550000,5316.02002,1753340000
10/6/2016,18268.5,78660000,2160.77002,3461550000,5306.850098,1654020000
10/7/2016,18240.49023,82680000,2153.73999,3619890000,5292.399902,1646650000
10/10/2016,18329.03906,72110000,2163.659912,2916550000,5328.669922,1364150000
10/11/2016,18128.66016,88610000,2136.72998,3438270000,5246.790039,1821680000
10/12/2016,18144.19922,72230000,2139.179932,2977100000,5239.02002,1565940000
10/13/2016,18098.93945,83160000,2132.550049,3580450000,5213.330078,1735310000
10/14/2016,18138.38086,87050000,2132.97998,3228150000,5214.160156,1594480000
10/17/2016,18086.40039,75960000,2126.5,2830390000,5199.819824,1424270000
10/18/2016,18161.93945,74600000,2139.600098,3170000000,5243.839844,1474430000
10/19/2016,18202.61914,88040000,2144.290039,3362670000,5246.410156,1546960000
10/20/2016,18162.34961,88830000,2141.340088,3337170000,5241.830078,1741820000
10/21/2016,18145.71094,117810000,2141.159912,3448850000,5257.399902,1649470000
10/24/2016,18223.0293,88540000,2151.330078,3357320000,5309.830078,1531970000
10/25/2016,18169.26953,83190000,2143.159912,3751340000,5283.399902,1579490000
10/26/2016,18199.33008,86340000,2139.429932,3775200000,5250.27002,1725900000
10/27/2016,18169.67969,83530000,2133.040039,4204830000,5215.970215,1918690000
10/28/2016,18161.18945,107850000,2126.409912,4019510000,5190.100098,1895970000
10/31/2016,18142.41992,110080000,2126.149902,3922400000,5189.140137,1707260000
11/1/2016,18037.09961,101280000,2111.719971,4532160000,5153.580078,1878650000
11/2/2016,17959.64063,88610000,2097.939941,4248580000,5105.569824,2105870000
11/3/2016,17930.66992,77860000,2088.659912,3886740000,5058.410156,2107720000
11/4/2016,17888.2793,97760000,2085.179932,3837860000,5046.370117,2015130000
11/7/2016,18259.59961,93450000,2131.52002,3736060000,5166.169922,1914310000
11/8/2016,18332.74023,79820000,2139.560059,3916930000,5193.490234,1736100000
11/9/2016,18589.68945,173110000,2163.26001,6264150000,5251.069824,2824560000
11/10/2016,18807.88086,164390000,2167.47998,6451640000,5208.799805,2984360000
11/11/2016,18847.66016,107300000,2164.449951,4988050000,5237.109863,2285050000
11/14/2016,18868.68945,112250000,2164.199951,5367200000,5218.399902,2369190000
11/15/2016,18923.06055,100660000,2180.389893,4543860000,5275.620117,2156500000
11/16/2016,18868.14063,87320000,2176.939941,3830590000,5294.580078,2057140000
11/17/2016,18903.82031,89940000,2187.120117,3809160000,5333.970215,2081760000
11/18/2016,18867.92969,109880000,2181.899902,3572400000,5321.509766,1858610000
11/21/2016,18956.68945,80520000,2198.179932,3607010000,5368.859863,1745320000
11/22/2016,19023.86914,85310000,2202.939941,3957940000,5386.350098,1886800000
11/23/2016,19083.17969,77880000,2204.719971,3418640000,5380.680176,1616740000
11/25/2016,19152.14063,45890000,2213.350098,1584600000,5398.919922,768070000
11/28/2016,19097.90039,88460000,2201.719971,3505650000,5368.810059,1625620000
11/29/2016,19121.59961,81510000,2204.659912,3706560000,5379.919922,1788790000
11/30/2016,19123.58008,164570000,2198.810059,5533980000,5323.680176,2064430000
12/1/2016,19191.92969,108800000,2191.080078,5063740000,5251.109863,2264960000
12/2/2016,19170.41992,84920000,2191.949951,3779500000,5255.649902,1848930000
12/5/2016,19216.24023,317800000,2204.709961,3895230000,5308.890137,1798160000
12/6/2016,19251.7793,284960000,2212.22998,3855320000,5333,1974850000
12/7/2016,19549.61914,385200000,2241.350098,4501820000,5393.759766,2122590000
12/8/2016,19614.81055,324570000,2246.189941,4200580000,5417.359863,2231070000
12/9/2016,19756.84961,334470000,2259.530029,3884480000,5444.5,2038700000
12/12/2016,19796.42969,333660000,2256.959961,4034510000,5412.540039,1927560000
12/13/2016,19911.21094,388420000,2271.719971,3857590000,5463.830078,2085710000
12/14/2016,19792.5293,408430000,2253.280029,4406970000,5436.669922,1974150000
12/15/2016,19852.24023,357350000,2262.030029,4168200000,5456.850098,2095910000
12/16/2016,19843.41016,573470000,2258.070068,5920340000,5437.160156,3257750000
12/19/2016,19883.06055,302310000,2262.530029,3248370000,5457.439941,1685800000
12/20/2016,19974.61914,284080000,2270.76001,3298780000,5483.939941,1678040000
12/21/2016,19941.96094,256640000,2265.179932,2852230000,5471.430176,1493900000
12/22/2016,19918.88086,258290000,2260.959961,2876320000,5447.419922,1582600000
12/23/2016,19933.81055,158260000,2263.790039,2020550000,5462.689941,1144280000
12/27/2016,19945.03906,158540000,2268.879883,1987080000,5487.439941,1216870000
12/28/2016,19833.67969,188350000,2249.919922,2392360000,5438.560059,1322130000
12/29/2016,19819.7793,172040000,2249.26001,2336370000,5432.089844,1264480000
12/30/2016,19762.59961,271910000,2238.830078,2670900000,5383.120117,1550820000
1/3/2017,19881.75977,339180000,2257.830078,3770530000,5429.080078,1886200000
1/4/2017,19942.16016,280010000,2270.75,3764890000,5477,1883360000
1/5/2017,19899.28906,269920000,2269,3761820000,5487.939941,1792610000
1/6/2017,19963.80078,277700000,2276.97998,3339890000,5521.060059,1710770000
1/9/2017,19887.38086,287060000,2268.899902,3217610000,5531.819824,1885500000
1/10/2017,19855.5293,299410000,2268.899902,3638790000,5551.819824,1796500000
1/11/2017,19954.2793,336150000,2275.320068,3620410000,5563.649902,1954720000
1/12/2017,19891,306290000,2270.439941,3462130000,5547.490234,1801750000
1/13/2017,19885.73047,263780000,2274.639893,3081270000,5574.120117,1605110000
1/17/2017,19826.76953,341900000,2267.889893,3584990000,5538.72998,1757030000
1/18/2017,19804.7207,279760000,2271.889893,3315250000,5555.649902,1683320000
1/19/2017,19732.40039,301750000,2263.689941,3165970000,5540.080078,1805710000
1/20/2017,19827.25,435260000,2271.310059,3524970000,5555.330078,1740320000
1/23/2017,19799.84961,326690000,2265.199951,3152710000,5552.939941,1650290000
1/24/2017,19912.71094,374460000,2280.070068,3810960000,5600.959961,1805370000
1/25/2017,20068.50977,372240000,2298.370117,3846020000,5656.339844,1959950000
1/26/2017,20100.91016,356730000,2296.679932,3610360000,5655.180176,1827490000
1/27/2017,20093.7793,343130000,2294.689941,3135890000,5660.779785,1663400000
1/30/2017,19971.13086,317280000,2280.899902,3591270000,5613.709961,1777090000
1/31/2017,19864.08984,373750000,2278.870117,4087450000,5614.790039,2041480000
2/1/2017,19890.93945,426670000,2279.550049,3916610000,5642.649902,2223560000
2/2/2017,19884.91016,347220000,2280.850098,3807710000,5636.200195,2073980000
2/3/2017,20071.46094,344220000,2297.419922,3597970000,5666.77002,1786860000
2/6/2017,20052.41992,281720000,2292.560059,3109050000,5663.549805,1732280000
2/7/2017,20090.28906,279670000,2293.080078,3448690000,5674.220215,1919100000
2/8/2017,20054.33984,280410000,2294.669922,3609740000,5682.450195,1945060000
2/9/2017,20172.40039,325310000,2307.870117,3677940000,5715.180176,1943840000
2/10/2017,20269.36914,312230000,2316.100098,3475020000,5734.129883,1852010000
2/13/2017,20412.16016,314620000,2328.25,3349730000,5763.959961,1840010000
2/14/2017,20504.41016,356580000,2337.580078,3520910000,5782.569824,1945160000
2/15/2017,20611.85938,384380000,2349.25,3775590000,5819.439941,2083660000
2/16/2017,20619.76953,354120000,2347.219971,3672370000,5814.899902,1943600000
2/17/2017,20624.05078,340620000,2351.159912,3513060000,5838.580078,1875580000
2/21/2017,20743,336880000,2365.379883,3579780000,5865.950195,1935110000
2/22/2017,20775.59961,310530000,2362.820068,3468670000,5860.629883,1872330000
2/23/2017,20810.32031,302110000,2363.810059,4015260000,5835.509766,1879670000
2/24/2017,20821.75977,292540000,2367.340088,3831570000,5845.310059,1683280000
2/27/2017,20837.43945,256540000,2369.75,3582610000,5861.899902,1876090000
2/28/2017,20812.24023,339210000,2363.639893,4210140000,5825.439941,2298380000
3/1/2017,21115.55078,392820000,2395.959961,4345180000,5904.029785,2210360000
3/2/2017,21002.9707,319910000,2381.919922,3821320000,5861.220215,2040770000
3/3/2017,21005.71094,254420000,2383.120117,3555260000,5870.75,1852130000
3/6/2017,20954.33984,266620000,2375.310059,3232700000,5849.180176,1767840000
3/7/2017,20924.75977,274630000,2368.389893,3518390000,5833.930176,1822000000
3/8/2017,20855.73047,296780000,2362.97998,3812100000,5837.549805,1810480000
3/9/2017,20858.18945,275960000,2364.870117,3716340000,5838.810059,1883930000
3/10/2017,20902.98047,315430000,2372.600098,3432950000,5861.72998,1982150000
3/13/2017,20881.48047,289260000,2373.469971,3133900000,5875.779785,1799340000
3/14/2017,20837.36914,246820000,2365.449951,3172630000,5856.819824,1663170000
3/15/2017,20950.09961,306590000,2385.26001,3906840000,5900.049805,1952690000
3/16/2017,20934.55078,264360000,2381.379883,3365660000,5900.759766,1766980000
3/17/2017,20914.61914,535280000,2378.25,5178040000,5901,3184130000
3/20/2017,20905.85938,253610000,2373.469971,3054930000,5901.529785,1730550000
3/21/2017,20668.00977,369320000,2344.02002,4265590000,5793.830078,2192090000
3/22/2017,20661.30078,325090000,2348.449951,3572730000,5821.640137,1857680000
3/23/2017,20656.58008,280050000,2345.959961,3260600000,5817.689941,1742640000
3/24/2017,20596.7207,292980000,2343.97998,2975130000,5828.740234,1841920000
3/27/2017,20550.98047,269380000,2341.590088,3240230000,5840.370117,1670760000
3/28/2017,20701.5,299670000,2358.570068,3367780000,5875.140137,1820860000
3/29/2017,20659.32031,238320000,2361.129883,3106940000,5897.549805,1718680000
3/30/2017,20728.49023,270900000,2368.060059,3158420000,5914.339844,1723770000
3/31/2017,20663.2207,303770000,2362.719971,3354110000,5911.740234,1902800000
4/3/2017,20650.21094,285670000,2358.840088,3416400000,5894.680176,1854200000
4/4/2017,20689.24023,237390000,2360.159912,3206240000,5898.609863,1790840000
4/5/2017,20648.15039,284980000,2352.949951,3770520000,5864.47998,2204490000
4/6/2017,20662.94922,251720000,2357.48999,3201920000,5878.950195,1845800000
4/7/2017,20656.09961,219730000,2355.540039,3053150000,5877.810059,1692150000
4/10/2017,20658.01953,230480000,2357.159912,2785410000,5880.930176,1630070000
4/11/2017,20651.30078,255120000,2353.780029,3117420000,5866.77002,1821650000
4/12/2017,20591.85938,267670000,2344.929932,3196950000,5836.160156,1658960000
4/13/2017,20453.25,235810000,2328.949951,3143890000,5805.149902,1581870000
4/17/2017,20636.91992,229240000,2349.01001,2824710000,5856.790039,1381290000
4/18/2017,20523.2793,263180000,2342.189941,3269840000,5849.470215,1608870000
4/19/2017,20404.49023,294790000,2338.169922,3519900000,5863.029785,1752620000
4/20/2017,20578.71094,312440000,2355.840088,3647420000,5916.779785,1749110000
4/21/2017,20547.75977,369600000,2348.689941,3503360000,5910.52002,1723210000
4/24/2017,20763.89063,342400000,2374.149902,3690650000,5983.819824,1836570000
4/25/2017,20996.11914,348180000,2388.610107,3995240000,6025.490234,1895430000
4/26/2017,20975.08984,328550000,2387.449951,4105920000,6025.22998,1894210000
4/27/2017,20981.33008,305690000,2388.77002,4098460000,6048.939941,1876700000
4/28/2017,20940.50977,329990000,2384.199951,3718270000,6047.609863,1995160000
5/1/2017,20913.46094,288160000,2388.330078,3199240000,6091.600098,1757000000
5/2/2017,20949.89063,338810000,2391.169922,3813680000,6095.370117,2146730000
5/3/2017,20957.90039,310920000,2388.129883,3893990000,6072.549805,2149360000
5/4/2017,20951.4707,274720000,2389.52002,4362540000,6075.339844,2056270000
5/5/2017,21006.93945,260960000,2399.290039,3540140000,6100.759766,1899570000
5/8/2017,21012.2793,276150000,2399.379883,3429440000,6102.660156,1909710000
5/9/2017,20975.7793,273000000,2396.919922,3653590000,6120.589844,1997490000
5/10/2017,20943.10938,283340000,2399.629883,3643530000,6129.140137,2108000000
5/11/2017,20919.41992,287680000,2394.439941,3727420000,6115.959961,1950910000
5/12/2017,20896.60938,288500000,2390.899902,3305630000,6121.22998,1740960000
5/15/2017,20981.93945,313170000,2402.320068,3473600000,6149.669922,1850790000
5/16/2017,20979.75,311580000,2400.669922,3420790000,6169.870117,1999330000
5/17/2017,20606.92969,423200000,2357.030029,4163000000,6011.240234,2347480000
5/18/2017,20663.01953,422590000,2365.719971,4319420000,6055.129883,2131520000
5/19/2017,20804.83984,365180000,2381.72998,3825160000,6083.700195,1905520000
5/22/2017,20894.83008,276120000,2394.02002,3172830000,6133.620117,1726230000
5/23/2017,20937.91016,244950000,2398.419922,3213570000,6138.709961,1705860000
5/24/2017,21012.41992,283180000,2404.389893,3389900000,6163.02002,1666050000
5/25/2017,21082.94922,268970000,2415.070068,3535390000,6205.259766,1767690000
5/26/2017,21080.2793,208000000,2415.820068,2805040000,6210.189941,1571040000
5/30/2017,21029.4707,242810000,2412.909912,3203160000,6203.189941,1688480000
5/31/2017,21008.65039,371580000,2411.800049,4516110000,6198.52002,2209400000
6/1/2017,21144.17969,276730000,2430.060059,3857140000,6246.830078,1943610000
6/2/2017,21206.28906,329700000,2439.070068,3461680000,6305.799805,1820000000
6/5/2017,21184.03906,269790000,2436.100098,2912600000,6295.680176,1739820000
6/6/2017,21136.23047,283550000,2429.330078,3357840000,6275.060059,1889690000
6/7/2017,21173.68945,273400000,2433.139893,3572300000,6297.379883,1822270000
6/8/2017,21182.5293,330330000,2433.790039,3728860000,6321.759766,2128780000
6/9/2017,21271.9707,397200000,2431.77002,4027340000,6207.919922,3152050000
6/12/2017,21235.66992,528080000,2429.389893,4027750000,6175.459961,2586540000
6/13/2017,21328.4707,323510000,2440.350098,3275500000,6220.370117,2062110000
6/14/2017,21374.56055,295090000,2437.919922,3555590000,6194.890137,1940440000
6/15/2017,21359.90039,317200000,2432.459961,3353050000,6165.5,1858130000
6/16/2017,21384.2793,603260000,2433.149902,5284720000,6151.759766,3120640000
6/19/2017,21528.99023,289400000,2453.459961,3264700000,6239.009766,1976970000
6/20/2017,21467.14063,310200000,2437.030029,3416510000,6188.029785,2570130000
6/21/2017,21410.0293,292500000,2435.610107,3594820000,6233.950195,2401440000
6/22/2017,21397.28906,270680000,2434.5,3468210000,6236.689941,2170250000
6/23/2017,21394.75977,368400000,2438.300049,5278330000,6265.25,4158700000
6/26/2017,21409.55078,241880000,2439.070068,3238970000,6247.149902,2150630000
6/27/2017,21310.66016,292170000,2419.379883,3563910000,6146.620117,2181830000
6/28/2017,21454.60938,271510000,2440.689941,3500800000,6234.410156,2069400000
6/29/2017,21287.0293,336750000,2419.699951,3900280000,6144.350098,2402250000
6/30/2017,21349.63086,313260000,2423.409912,3361590000,6140.419922,1998330000
7/3/2017,21479.26953,186810000,2429.01001,1962290000,6110.060059,1099560000
7/5/2017,21478.16992,273690000,2432.540039,3367220000,6150.859863,1872130000
7/6/2017,21320.03906,320450000,2409.75,3364520000,6089.459961,1990590000
7/7/2017,21414.33984,242240000,2425.179932,2901330000,6153.080078,1700630000
7/10/2017,21408.51953,270340000,2427.429932,2999130000,6176.390137,1675470000
7/11/2017,21409.07031,247570000,2425.530029,3106750000,6193.299805,1808110000
7/12/2017,21532.14063,267870000,2443.25,3171620000,6261.169922,1820550000
7/13/2017,21553.08984,232270000,2447.830078,3067670000,6274.439941,1803810000
7/14/2017,21637.74023,235590000,2459.27002,2736640000,6312.470215,1608120000
7/17/2017,21629.7207,244780000,2459.139893,2793170000,6314.430176,1558030000
7/18/2017,21574.73047,251110000,2460.610107,2962130000,6344.310059,1762400000
7/19/2017,21640.75,253040000,2473.830078,3059760000,6385.040039,1862910000
7/20/2017,21611.7793,313950000,2473.449951,3182780000,6390,1818880000
7/21/2017,21580.07031,362830000,2472.540039,3059570000,6387.75,1797100000
7/24/2017,21513.16992,284080000,2469.909912,3010240000,6410.810059,1735520000
7/25/2017,21613.42969,304300000,2477.129883,4108060000,6412.169922,1925230000
7/26/2017,21711.00977,278240000,2477.830078,3557020000,6422.75,1988040000
7/27/2017,21796.55078,407320000,2475.419922,3995520000,6382.189941,2483560000
7/28/2017,21830.31055,285630000,2472.100098,3294770000,6374.680176,1860770000
7/31/2017,21891.11914,307610000,2470.300049,3469210000,6348.120117,1891710000
8/1/2017,21963.91992,328410000,2476.350098,3460860000,6362.939941,1812590000
8/2/2017,22016.24023,336820000,2477.570068,3478580000,6362.649902,2104130000
8/3/2017,22026.09961,278730000,2472.159912,3645020000,6340.339844,2113440000
8/4/2017,22092.81055,253640000,2476.830078,3235140000,6351.560059,1907170000
8/7/2017,22118.41992,213010000,2480.909912,2931780000,6383.77002,1701550000
8/8/2017,22085.33984,262000000,2474.919922,3344640000,6370.459961,1914670000
8/9/2017,22048.69922,277800000,2474.02002,3308060000,6352.330078,2033760000
8/10/2017,21844.00977,303310000,2438.209961,3621070000,6216.870117,2204700000
8/11/2017,21858.32031,237790000,2441.320068,3159930000,6256.560059,1794850000
8/14/2017,21993.71094,235030000,2465.840088,2822550000,6340.22998,1698560000
8/15/2017,21998.99023,269070000,2464.610107,2913100000,6333.009766,1580060000
8/16/2017,22024.86914,264920000,2468.110107,2953650000,6345.109863,1804730000
8/17/2017,21750.73047,311030000,2430.01001,3142620000,6221.910156,2041220000
8/18/2017,21674.50977,309070000,2425.550049,3415680000,6216.529785,1964590000
8/21/2017,21703.75,277880000,2428.370117,2788150000,6213.129883,1576070000
8/22/2017,21899.89063,244980000,2452.51001,2777490000,6297.47998,1597700000
8/23/2017,21812.08984,234810000,2444.040039,2785290000,6278.410156,1533220000
8/24/2017,21783.40039,228480000,2438.969971,2846590000,6271.330078,1616780000
8/25/2017,21813.66992,217570000,2443.050049,2588780000,6265.640137,1442900000
8/28/2017,21808.40039,218740000,2444.23999,2677700000,6283.02002,1558690000
8/29/2017,21865.36914,227340000,2446.300049,2737580000,6301.890137,1637640000
8/30/2017,21892.42969,242840000,2457.590088,2633660000,6368.310059,1712070000
8/31/2017,21948.09961,376790000,2471.649902,3348110000,6428.660156,1885710000
9/1/2017,21987.56055,256240000,2476.550049,2710730000,6435.330078,1488040000
9/5/2017,21753.31055,332840000,2457.850098,3490260000,6375.569824,1886950000
9/6/2017,21807.64063,318760000,2465.540039,3374410000,6393.310059,1906030000
9/7/2017,21784.7793,333810000,2465.100098,3353930000,6397.870117,1998380000
9/8/2017,21797.78906,289400000,2461.429932,3302490000,6360.189941,1785560000
9/11/2017,22057.36914,312770000,2488.110107,3291760000,6432.259766,1819300000
9/12/2017,22118.85938,364580000,2496.47998,3230920000,6454.279785,1745090000
9/13/2017,22158.17969,291890000,2498.370117,3368050000,6460.189941,1942090000
9/14/2017,22203.48047,297780000,2495.620117,3414460000,6429.080078,1809170000
9/15/2017,22268.33984,527540000,2500.22998,4853170000,6448.470215,2821110000
9/18/2017,22331.34961,302740000,2503.870117,3194300000,6454.640137,1874440000
9/19/2017,22370.80078,295570000,2506.649902,3249100000,6461.319824,1809710000
9/20/2017,22412.58984,334560000,2508.23999,3530010000,6456.040039,2052520000
9/21/2017,22359.23047,287390000,2500.600098,2930860000,6422.689941,1772790000
9/22/2017,22349.58984,297140000,2502.219971,2865960000,6426.919922,1639100000
9/25/2017,22296.08984,332430000,2496.659912,3297890000,6370.589844,2050410000
9/26/2017,22284.32031,285990000,2496.840088,3043110000,6380.160156,1926420000
9/27/2017,22340.71094,342900000,2507.040039,3456030000,6453.259766,2053720000
9/28/2017,22381.19922,263010000,2510.060059,3168620000,6453.450195,1828570000
9/29/2017,22405.08984,274790000,2519.360107,3211920000,6495.959961,1967720000
10/2/2017,22557.59961,268530000,2529.120117,3199730000,6516.720215,1977030000
10/3/2017,22641.66992,238830000,2534.580078,3068850000,6531.709961,1969320000
10/4/2017,22661.64063,235730000,2537.73999,3017120000,6534.629883,1938440000
10/5/2017,22775.39063,246400000,2552.070068,3045120000,6585.359863,1875670000
10/6/2017,22773.66992,221450000,2549.330078,2884570000,6590.180176,1742470000
10/9/2017,22761.07031,310770000,2544.72998,2483970000,6579.72998,1490620000
10/10/2017,22830.67969,319270000,2550.639893,2960500000,6587.25,1799400000
10/11/2017,22872.89063,316000000,2555.23999,2976090000,6603.549805,1830360000
10/12/2017,22841.00977,291790000,2550.929932,3151510000,6591.509766,2000470000
10/13/2017,22871.7207,259560000,2553.169922,3149440000,6605.799805,1756150000
10/16/2017,22956.96094,247180000,2557.639893,2916020000,6624,1629480000
10/17/2017,22997.43945,273090000,2559.360107,2889390000,6623.660156,1647240000
10/18/2017,23157.59961,271870000,2561.26001,2998090000,6624.220215,1734030000
10/19/2017,23163.03906,350400000,2562.100098,2990710000,6605.069824,1823860000
10/20/2017,23328.63086,474380000,2575.209961,3384650000,6629.049805,1794810000
10/23/2017,23273.96094,456830000,2564.97998,3211710000,6586.830078,1809320000
10/24/2017,23441.75977,406850000,2569.129883,3427330000,6598.430176,1842640000
10/25/2017,23329.46094,399560000,2557.149902,3874510000,6563.890137,2190720000
10/26/2017,23400.85938,370600000,2560.399902,3869050000,6556.77002,2108210000
10/27/2017,23434.18945,518870000,2581.070068,3887110000,6701.259766,2403600000
10/30/2017,23348.74023,436900000,2572.830078,3658870000,6698.959961,2013640000
10/31/2017,23377.24023,388050000,2575.26001,3827230000,6727.669922,2043890000
11/1/2017,23435.00977,361260000,2579.360107,3813180000,6716.529785,2056860000
11/2/2017,23516.25977,348040000,2579.850098,4048270000,6714.939941,2262940000
11/3/2017,23539.18945,312250000,2587.840088,3567710000,6764.439941,2195010000
11/6/2017,23548.41992,325190000,2591.129883,3539080000,6786.439941,2166470000
11/7/2017,23557.23047,285080000,2590.639893,3809650000,6767.779785,2205270000
11/8/2017,23563.35938,264670000,2594.379883,3899360000,6789.120117,2110990000
11/9/2017,23461.93945,305440000,2584.620117,3831610000,6750.049805,2235180000
11/10/2017,23422.21094,351280000,2582.300049,3486910000,6750.939941,1973970000
11/13/2017,23439.69922,491260000,2584.840088,3402930000,6757.600098,1973790000
11/14/2017,23409.4707,561330000,2578.870117,3641760000,6737.870117,1983830000
11/15/2017,23271.2793,404300000,2564.620117,3558890000,6706.209961,1908660000
11/16/2017,23458.35938,402020000,2585.639893,3312710000,6793.290039,2002920000
11/17/2017,23358.24023,386000000,2578.850098,3300160000,6782.790039,1988090000
11/20/2017,23430.33008,315330000,2582.139893,3003540000,6790.709961,1800880000
11/21/2017,23590.83008,329650000,2599.030029,3332720000,6862.47998,1883550000
11/22/2017,23526.17969,268760000,2597.080078,2762950000,6867.359863,1588200000
11/24/2017,23557.99023,118610000,2602.419922,1349780000,6889.160156,848520000
11/27/2017,23580.7793,296320000,2601.419922,3006860000,6878.52002,1773400000
11/28/2017,23836.71094,319240000,2627.040039,3488420000,6912.359863,2000410000
11/29/2017,23940.67969,401410000,2626.070068,4078280000,6824.390137,2452860000
11/30/2017,24272.34961,488200000,2647.580078,4938490000,6873.970215,2458580000
12/1/2017,24231.58984,417910000,2642.219971,3942320000,6847.589844,2293570000
12/4/2017,24290.05078,424250000,2639.439941,4023150000,6775.370117,2426570000
12/5/2017,24180.64063,371190000,2629.570068,3539040000,6762.209961,2083540000
12/6/2017,24140.91016,312720000,2629.27002,3229000000,6776.379883,1891850000
12/7/2017,24211.48047,319060000,2636.97998,3292400000,6812.839844,1934120000
12/8/2017,24329.16016,293590000,2651.5,3106150000,6840.080078,1806040000
12/11/2017,24386.0293,300580000,2659.98999,3091950000,6875.080078,1818970000
12/12/2017,24504.80078,342220000,2664.110107,3555680000,6862.319824,1861560000
12/13/2017,24585.42969,325280000,2662.850098,3542370000,6875.799805,1919560000
12/14/2017,24508.66016,314780000,2652.01001,3430030000,6856.529785,1985200000
12/15/2017,24651.74023,635740000,2675.810059,5723920000,6936.580078,3510420000
12/18/2017,24792.19922,354880000,2690.159912,3724660000,6994.759766,2144360000
12/19/2017,24754.75,335330000,2681.469971,3368590000,6963.850098,2071060000
12/20/2017,24726.65039,341790000,2679.25,3241030000,6960.959961,1874550000
12/21/2017,24782.28906,339530000,2684.570068,3273390000,6965.359863,1815620000
12/22/2017,24754.06055,255140000,2683.340088,2399830000,6959.959961,1539250000
12/26/2017,24746.21094,208290000,2680.5,1968780000,6936.25,1304340000
12/27/2017,24774.30078,225890000,2682.620117,2202080000,6939.339844,1409540000
12/28/2017,24837.50977,200960000,2687.540039,2153330000,6950.160156,1311320000
12/29/2017,24719.2207,270760000,2673.610107,2443490000,6903.390137,1571730000
1/2/2018,24824.00977,341130000,2695.810059,3367250000,7006.899902,1914930000
1/3/2018,24922.67969,456790000,2713.060059,3538660000,7065.529785,2166780000
1/4/2018,25075.13086,403280000,2723.98999,3695260000,7077.910156,2098890000
1/5/2018,25295.86914,358020000,2743.149902,3236620000,7136.560059,2020900000
1/8/2018,25283,341390000,2747.709961,3242650000,7157.390137,2051430000
1/9/2018,25385.80078,333490000,2751.290039,3453480000,7163.580078,0
1/10/2018,25369.13086,341470000,2748.22998,3576350000,7153.569824,2122740000
1/11/2018,25574.73047,346830000,2767.560059,3641320000,7211.779785,2009740000
1/12/2018,25803.18945,376390000,2786.23999,3573970000,7261.060059,1976200000
1/16/2018,25792.85938,606520000,2776.419922,4325970000,7223.689941,2377140000
1/17/2018,26115.65039,522720000,2802.560059,3778050000,7298.279785,2238070000
1/18/2018,26017.81055,492780000,2798.030029,3681470000,7296.049805,2026220000
1/19/2018,26071.7207,585000000,2810.300049,3639430000,7336.379883,1997270000
1/22/2018,26214.59961,431200000,2832.969971,3471780000,7408.029785,2106070000
1/23/2018,26210.81055,433490000,2839.129883,3519650000,7460.290039,2119840000
1/24/2018,26252.11914,518790000,2837.540039,4014070000,7415.060059,2277010000
1/25/2018,26392.78906,401390000,2839.25,3835150000,7411.160156,2061450000
1/26/2018,26616.71094,477780000,2872.870117,3443230000,7505.77002,2059010000
1/29/2018,26439.48047,421000000,2853.530029,3573830000,7466.509766,2103380000
1/30/2018,26076.89063,448330000,2822.429932,3990650000,7402.47998,2163980000
1/31/2018,26149.39063,479130000,2823.810059,4261280000,7411.47998,2407540000
2/1/2018,26186.71094,410620000,2821.97998,3938450000,7385.859863,2291680000
2/2/2018,25520.96094,522880000,2762.129883,4301130000,7240.950195,2587770000
2/5/2018,24345.75,714450000,2648.939941,5283460000,6967.529785,3106870000
2/6/2018,24912.76953,823940000,2695.139893,5891660000,7115.879883,3131030000
2/7/2018,24893.34961,504620000,2681.659912,4626570000,7051.97998,2366970000
2/8/2018,23860.46094,657500000,2581,5305440000,6777.160156,2707700000
2/9/2018,24190.90039,735030000,2619.550049,5680070000,6874.490234,3155990000
2/12/2018,24601.26953,496610000,2656,4055790000,6981.959961,2240420000
2/13/2018,24640.44922,374410000,2662.939941,3472870000,7013.509766,1816670000
2/14/2018,24893.49023,431160000,2698.629883,4003740000,7143.620117,2211460000
2/15/2018,25200.36914,416780000,2731.199951,3684910000,7256.430176,2110700000
2/16/2018,25219.38086,406730000,2732.219971,3637460000,7239.470215,2019830000
2/20/2018,24964.75,421510000,2716.26001,3627610000,7234.310059,1911170000
2/21/2018,24797.7793,456070000,2701.330078,3779400000,7218.22998,1946010000
2/22/2018,24962.48047,378900000,2703.959961,3701270000,7210.089844,1911900000
2/23/2018,25309.99023,335420000,2747.300049,3189190000,7337.390137,1879460000
2/26/2018,25709.26953,473360000,2779.600098,3424650000,7421.459961,1866610000
2/27/2018,25410.0293,438390000,2744.280029,3745080000,7330.350098,2155850000
2/28/2018,25029.19922,451870000,2713.830078,4230660000,7273.009766,2373880000
3/1/2018,24608.98047,506280000,2677.669922,4503970000,7180.560059,2489040000
3/2/2018,24538.06055,437130000,2691.25,3882450000,7257.870117,2287320000
3/5/2018,24874.75977,383910000,2720.939941,3710810000,7330.709961,2066350000
3/6/2018,24884.11914,331770000,2728.120117,3370690000,7372.009766,2112570000
3/7/2018,24801.35938,394070000,2726.800049,3393270000,7396.649902,2192230000
3/8/2018,24895.21094,327300000,2738.969971,3212320000,7427.950195,2272110000
3/9/2018,25335.74023,371570000,2786.570068,3364100000,7560.810059,2302930000
3/12/2018,25178.60938,362580000,2783.02002,3185020000,7588.319824,2294440000
3/13/2018,25007.0293,447880000,2765.310059,3301650000,7511.009766,2448830000
3/14/2018,24758.11914,356830000,2749.47998,3391360000,7496.810059,2104450000
3/15/2018,24873.66016,316310000,2747.330078,3500330000,7481.740234,1991570000
3/16/2018,24946.50977,654240000,2752.01001,5372340000,7481.990234,3046990000
3/19/2018,24610.91016,377990000,2712.919922,3302130000,7344.240234,2324430000
3/20/2018,24727.26953,342510000,2716.939941,3261030000,7364.299805,1967690000
3/21/2018,24682.31055,343230000,2711.929932,3415510000,7345.290039,1988390000
3/22/2018,23957.89063,439280000,2643.689941,3739800000,7166.680176,2347160000
3/23/2018,23533.19922,482550000,2588.26001,3815080000,6992.669922,2390410000
3/26/2018,24202.59961,479540000,2658.550049,3511100000,7220.540039,2326060000
3/27/2018,23857.71094,524480000,2612.620117,3706350000,7008.810059,2325990000
3/28/2018,23848.41992,530040000,2605,3864500000,6949.22998,2518670000
3/29/2018,24103.10938,463550000,2640.870117,3565990000,7063.450195,2554500000
4/2/2018,23644.18945,509820000,2581.879883,3598520000,6870.120117,2394730000
4/3/2018,24033.35938,394130000,2614.449951,3392810000,6941.279785,2328510000
4/4/2018,24264.30078,388540000,2644.689941,3350340000,7042.109863,2254070000
4/5/2018,24505.2207,347790000,2662.840088,3178970000,7076.549805,2124660000
4/6/2018,23932.75977,395990000,2604.469971,3299700000,6915.109863,2350540000
4/9/2018,23979.09961,380790000,2613.159912,3062960000,6950.339844,2080900000
4/10/2018,24408,368590000,2656.870117,3543930000,7094.299805,2238770000
4/11/2018,24189.44922,286360000,2642.189941,3020760000,7069.029785,1852120000
4/12/2018,24483.05078,336130000,2663.98999,3021320000,7140.25,2021110000
4/13/2018,24360.14063,331890000,2656.300049,2960910000,7106.649902,1743640000
4/16/2018,24573.03906,305070000,2677.840088,3019700000,7156.279785,1795950000
4/17/2018,24786.63086,342410000,2706.389893,3234360000,7281.100098,1913230000
4/18/2018,24748.07031,302030000,2708.639893,3383410000,7295.240234,1893220000
4/19/2018,24664.89063,381110000,2693.129883,3349370000,7238.060059,1963950000
4/20/2018,24462.93945,537770000,2670.139893,3388590000,7146.129883,1921790000
4/23/2018,24448.68945,351030000,2670.290039,3017480000,7128.600098,1737370000
4/24/2018,24024.13086,468180000,2634.560059,3706740000,7007.350098,2149250000
4/25/2018,24083.83008,437100000,2639.399902,3499440000,7003.740234,2026690000
4/26/2018,24322.33984,390360000,2666.939941,3665720000,7118.680176,2127140000
4/27/2018,24311.18945,392810000,2669.909912,3219030000,7119.799805,2027530000
4/30/2018,24163.15039,416650000,2648.050049,3734530000,7066.27002,1987020000
5/1/2018,24099.05078,380070000,2654.800049,3559850000,7130.700195,1929110000
5/2/2018,23924.98047,385350000,2635.669922,4010770000,7100.899902,2144200000
5/3/2018,23930.15039,389240000,2629.72998,3851470000,7088.149902,2345740000
5/4/2018,24262.50977,329480000,2663.419922,3327220000,7209.620117,2022230000
5/7/2018,24357.32031,307670000,2672.629883,3237960000,7265.209961,1939980000
5/8/2018,24360.21094,344940000,2671.919922,3717570000,7266.899902,2054830000
5/9/2018,24542.53906,361580000,2697.790039,3909500000,7339.910156,2241480000
5/10/2018,24739.5293,304210000,2723.070068,3333050000,7404.970215,2233460000
5/11/2018,24831.16992,274150000,2727.719971,2862700000,7402.879883,2083030000
5/14/2018,24899.41016,282860000,2730.129883,2972660000,7411.319824,2075670000
5/15/2018,24706.41016,301900000,2711.449951,3290680000,7351.629883,2114040000
5/16/2018,24768.92969,280810000,2722.459961,3202670000,7398.299805,2083660000
5/17/2018,24713.98047,314650000,2720.129883,3475400000,7382.470215,1931700000
5/18/2018,24715.08984,269700000,2712.969971,3368690000,7354.339844,1966710000
5/21/2018,25013.28906,308920000,2733.01001,3019890000,7394.040039,1949100000
5/22/2018,24834.41016,288200000,2724.439941,3366310000,7378.459961,1908280000
5/23/2018,24886.81055,399610000,2733.290039,3326290000,7425.959961,1980450000
5/24/2018,24811.75977,347050000,2727.76001,3256030000,7424.430176,1992460000
5/25/2018,24753.08984,257210000,2721.330078,2995260000,7433.850098,1757660000
5/29/2018,24361.44922,395810000,2689.860107,3736890000,7396.589844,2087370000
5/30/2018,24667.7793,324870000,2724.01001,3561050000,7462.450195,2049450000
5/31/2018,24415.83984,429740000,2705.27002,4235370000,7442.120117,2514610000
6/1/2018,24635.21094,315710000,2734.620117,3684130000,7554.330078,2208600000
6/4/2018,24813.68945,340400000,2746.870117,3376510000,7606.459961,2142790000
6/5/2018,24799.98047,306340000,2748.800049,3517790000,7637.859863,2058630000
6/6/2018,25146.39063,316090000,2772.350098,3651640000,7689.240234,2191750000
6/7/2018,25241.41016,357680000,2770.370117,3711330000,7635.069824,2328280000
6/8/2018,25316.5293,317510000,2779.030029,3123210000,7645.509766,1941580000
6/11/2018,25322.31055,276740000,2782,3232330000,7659.930176,1942940000
6/12/2018,25320.73047,265750000,2786.850098,3401010000,7703.790039,2006760000
6/13/2018,25201.19922,329700000,2775.629883,3779230000,7695.700195,2172770000
6/14/2018,25175.31055,341170000,2782.48999,3526890000,7761.040039,2188230000
6/15/2018,25090.48047,659370000,2779.659912,5428790000,7746.379883,3043790000
6/18/2018,24987.4707,337070000,2773.75,3287150000,7747.029785,2093950000
6/19/2018,24700.21094,376380000,2762.590088,3661470000,7725.589844,2269000000
6/20/2018,24657.80078,359520000,2767.320068,3327600000,7781.509766,2305100000
6/21/2018,24461.69922,349570000,2749.76001,3300060000,7712.950195,2315880000
6/22/2018,24580.89063,473970000,2754.879883,5450550000,7692.819824,3928340000
6/25/2018,24252.80078,439130000,2717.070068,3655080000,7532.009766,2415090000
6/26/2018,24283.10938,301130000,2723.060059,3555090000,7561.629883,2058640000
6/27/2018,24117.58984,313790000,2699.629883,3776090000,7445.080078,2306430000
6/28/2018,24216.05078,305020000,2716.310059,3428140000,7503.680176,2195400000
6/29/2018,24271.41016,329070000,2718.370117,3565620000,7510.299805,2192010000
7/2/2018,24307.17969,244110000,2726.709961,3073650000,7567.689941,1767910000
7/3/2018,24174.82031,160960000,2713.219971,1911470000,7502.669922,1179310000
7/5/2018,24356.74023,237670000,2736.610107,2953420000,7586.430176,1745030000
7/6/2018,24456.48047,219450000,2759.820068,2554780000,7688.390137,1704580000
7/9/2018,24776.58984,240580000,2784.169922,3050040000,7756.200195,1837330000
7/10/2018,24919.66016,235040000,2793.840088,3063850000,7759.200195,1725210000
7/11/2018,24700.44922,237370000,2774.02002,2964740000,7716.609863,1761420000
7/12/2018,24924.89063,233150000,2798.290039,2821690000,7823.919922,1926110000
7/13/2018,25019.41016,255520000,2801.310059,2614000000,7825.97998,1714140000
7/16/2018,25064.35938,231270000,2798.429932,2812230000,7805.720215,1730190000
7/17/2018,25119.89063,250450000,2809.550049,3050730000,7855.120117,1740680000
7/18/2018,25199.28906,252870000,2815.620117,3089780000,7854.439941,1857670000
7/19/2018,25064.5,285760000,2804.48999,3266700000,7825.299805,1853030000
7/20/2018,25058.11914,274080000,2801.830078,3230210000,7820.200195,1786250000
7/23/2018,25044.28906,228820000,2806.97998,2907430000,7841.870117,1654290000
7/24/2018,25241.93945,274940000,2820.399902,3417530000,7840.77002,2014850000
7/25/2018,25414.09961,273670000,2846.070068,3553010000,7932.240234,1899790000
7/26/2018,25527.07031,297530000,2837.439941,3653330000,7852.180176,2263070000
7/27/2018,25451.06055,329680000,2818.820068,3415710000,7737.419922,2176170000
7/30/2018,25306.83008,296880000,2802.600098,3245770000,7630,2143410000
7/31/2018,25415.18945,348700000,2816.290039,3892100000,7671.790039,2195050000
8/1/2018,25333.82031,315880000,2813.360107,3496990000,7707.290039,2223550000
8/2/2018,25326.16016,307700000,2827.219971,3467380000,7802.689941,2081300000
8/3/2018,25462.58008,239020000,2840.350098,3030390000,7812.009766,2018700000
8/6/2018,25502.17969,238990000,2850.399902,2874540000,7859.680176,2238170000
8/7/2018,25628.91016,239910000,2858.449951,3162770000,7883.660156,2197590000
8/8/2018,25583.75,217770000,2857.699951,2972200000,7888.330078,2087850000
8/9/2018,25509.23047,214970000,2853.580078,3047050000,7891.779785,2032950000
8/10/2018,25313.14063,234480000,2833.280029,3256040000,7839.109863,2095180000
8/13/2018,25187.69922,219990000,2821.929932,3158450000,7819.709961,1914240000
8/14/2018,25299.91992,219210000,2839.959961,2976970000,7870.890137,1917360000
8/15/2018,25162.41016,295810000,2818.370117,3645070000,7774.120117,2286960000
8/16/2018,25558.73047,342430000,2840.689941,3219880000,7806.52002,1979540000
8/17/2018,25669.32031,284160000,2850.129883,3024100000,7816.330078,1843150000
8/20/2018,25758.68945,248570000,2857.050049,2748020000,7821.009766,1698970000
8/21/2018,25822.28906,241620000,2862.959961,3147140000,7859.169922,1766630000
8/22/2018,25733.59961,200480000,2861.820068,2689560000,7889.100098,1660460000
8/23/2018,25656.98047,213270000,2856.97998,2713910000,7878.459961,1879890000
8/24/2018,25790.34961,200330000,2874.689941,2596190000,7945.97998,1886600000
8/27/2018,26049.64063,220510000,2896.73999,2854080000,8017.899902,2319130000
8/28/2018,26064.01953,211470000,2897.52002,2683190000,8030.040039,1961300000
8/29/2018,26124.57031,214960000,2914.040039,2791860000,8109.689941,1897000000
8/30/2018,25986.91992,240440000,2901.129883,2802180000,8088.359863,2014450000
8/31/2018,25964.82031,273440000,2901.52002,2880260000,8109.540039,1899910000
9/4/2018,25952.48047,254600000,2896.719971,3077060000,8091.25,2229520000
9/5/2018,25974.99023,289210000,2888.600098,3241250000,7995.169922,2596780000
9/6/2018,25995.86914,262380000,2878.050049,3139590000,7922.72998,2368680000
9/7/2018,25916.53906,281350000,2871.679932,2946270000,7902.540039,2146380000
9/10/2018,25857.07031,252170000,2877.129883,2731400000,7924.160156,2041450000
9/11/2018,25971.06055,265960000,2887.889893,2899660000,7972.470215,2320190000
9/12/2018,25998.91992,282770000,2888.919922,3264930000,7954.22998,2341850000
9/13/2018,26145.99023,260800000,2904.179932,3254930000,8013.709961,2318720000
9/14/2018,26154.66992,228640000,2904.97998,3149800000,8010.040039,2033720000
9/17/2018,26062.11914,230230000,2888.800049,2947760000,7895.790039,2284140000
9/18/2018,26246.96094,243000000,2904.310059,3074610000,7956.109863,2317990000
9/19/2018,26405.75977,251330000,2907.949951,3280020000,7950.040039,2156730000
9/20/2018,26656.98047,260480000,2930.75,3337730000,8028.22998,2287150000
9/21/2018,26743.5,657620000,2929.669922,5607610000,7986.959961,3706820000
9/24/2018,26562.05078,254850000,2919.370117,3372210000,7993.25,2416380000
9/25/2018,26492.21094,234110000,2915.560059,3285480000,8007.470215,2288140000
9/26/2018,26385.2793,262620000,2905.969971,3388620000,7990.370117,2297030000
9/27/2018,26439.92969,226350000,2914,3060850000,8041.970215,2053770000
9/28/2018,26458.31055,264030000,2913.97998,3432300000,8046.350098,2323940000
10/1/2018,26651.21094,238320000,2924.590088,3364190000,8037.299805,2283230000
10/2/2018,26773.93945,258290000,2923.429932,3401880000,7999.549805,2391370000
10/3/2018,26828.39063,280130000,2925.51001,3598710000,8025.089844,3047330000
10/4/2018,26627.48047,289600000,2901.610107,3496860000,7879.509766,3274550000
10/5/2018,26447.05078,267100000,2885.570068,3328980000,7788.450195,2672900000
10/8/2018,26486.7793,273020000,2884.429932,3330320000,7735.950195,2239640000
10/9/2018,26430.57031,282560000,2880.340088,3520500000,7738.02002,2459040000
10/10/2018,25598.74023,438200000,2785.679932,4501250000,7422.049805,3077330000
10/11/2018,25052.83008,522880000,2728.370117,4890630000,7329.060059,3139290000
10/12/2018,25339.99023,397510000,2767.129883,3966040000,7496.890137,2650290000
10/15/2018,25250.55078,287320000,2750.790039,3300140000,7430.740234,2148850000
10/16/2018,25798.41992,305800000,2809.919922,3428340000,7645.490234,2623300000
10/17/2018,25706.67969,298210000,2809.209961,3321710000,7642.700195,2364720000
10/18/2018,25379.44922,328020000,2768.780029,3616440000,7485.140137,2545950000
10/19/2018,25444.33984,350810000,2767.780029,3566490000,7449.029785,2532220000
10/22/2018,25317.41016,314940000,2755.879883,3307140000,7468.629883,2282400000
10/23/2018,25191.42969,436430000,2740.689941,4348580000,7437.540039,2735820000
10/24/2018,24583.41992,496400000,2656.100098,4709310000,7108.399902,2935550000
10/25/2018,24984.55078,439670000,2705.570068,4634770000,7318.339844,2741810000
10/26/2018,24688.31055,505310000,2658.689941,4803150000,7167.209961,2964780000
10/29/2018,24442.91992,443850000,2641.25,4673700000,7050.290039,2689550000
10/30/2018,24874.64063,470050000,2682.629883,5106380000,7161.649902,2681310000
10/31/2018,25115.75977,448930000,2711.73999,5112420000,7305.899902,2899730000
11/1/2018,25380.74023,383970000,2740.370117,4708420000,7434.060059,2708880000
11/2/2018,25270.83008,429480000,2723.060059,4237930000,7356.990234,2889910000
11/5/2018,25461.69922,334740000,2738.310059,3623320000,7328.850098,2166470000
11/6/2018,25635.00977,265450000,2755.449951,3510860000,7375.959961,2285680000
11/7/2018,26180.30078,361780000,2813.889893,3914750000,7570.75,2677530000
11/8/2018,26191.2207,295650000,2806.830078,3630490000,7530.879883,2462430000
11/9/2018,25989.30078,324450000,2781.01001,4019090000,7406.899902,2418490000
11/12/2018,25387.17969,346910000,2726.219971,3670930000,7200.870117,2283070000
11/13/2018,25286.49023,339690000,2722.179932,4091440000,7200.870117,2343940000
11/14/2018,25080.5,384240000,2701.580078,4402370000,7136.390137,2540220000
11/15/2018,25289.26953,392750000,2730.199951,4179140000,7259.029785,2508720000
11/16/2018,25413.2207,354460000,2736.27002,3975180000,7247.870117,2438260000
11/19/2018,25017.43945,358090000,2690.72998,3772900000,7028.47998,2354020000
11/20/2018,24465.64063,445920000,2641.889893,4357900000,6908.819824,2664950000
11/21/2018,24464.68945,289370000,2649.929932,3233550000,6972.25,1858050000
11/23/2018,24285.94922,155940000,2632.560059,1651650000,6938.97998,958950000
11/26/2018,24640.24023,306280000,2673.449951,3443950000,7081.850098,2011180000
11/27/2018,24748.73047,308250000,2682.169922,3485220000,7082.700195,2067360000
11/28/2018,25366.42969,362160000,2743.790039,3951670000,7291.589844,2390260000
