Date,LTC_price,LTC_volume
12/27/2013,22.4503,33300600
12/28/2013,22.5277,13936600
12/29/2013,23.1105,6729630
12/30/2013,24.8874,16361000
12/31/2013,24.446,8350680
1/1/2014,24.5913,8159590
1/2/2014,25.5234,17790500
1/3/2014,24.144,25401900
1/4/2014,25.2298,12291600
1/5/2014,26.4831,23390300
1/6/2014,29.5781,61315300
1/7/2014,25.2845,39372200
1/8/2014,24.0103,53885400
1/9/2014,24.0718,20295200
1/10/2014,24.5063,9204280
1/11/2014,26.363,25538900
1/12/2014,25.4246,20664900
1/13/2014,23.7879,14368700
1/14/2014,23.7795,14094100
1/15/2014,25.056,11696800
1/16/2014,25.0017,6589470
1/17/2014,23.7499,9157700
1/18/2014,24.0262,6755730
1/19/2014,24.8231,6780230
1/20/2014,25.4841,6207610
1/21/2014,24.7594,4938180
1/22/2014,24.6703,5172120
1/23/2014,23.5596,10488600
1/24/2014,20.8659,26887900
1/25/2014,21.3619,9167740
1/26/2014,23.1017,11689000
1/27/2014,23.0753,12517200
1/28/2014,21.6138,22454900
1/29/2014,21.8387,8451760
1/30/2014,21.245,6156740
1/31/2014,21.6617,6775300
2/1/2014,22.9952,4416580
2/2/2014,22.8897,5700950
2/3/2014,21.7649,3479920
2/4/2014,21.6449,4442980
2/5/2014,21.4874,3391020
2/6/2014,20.3577,8309390
2/7/2014,19.1125,15229300
2/8/2014,18.5533,8138110
2/9/2014,18.4581,6625600
2/10/2014,17.092,23466300
2/11/2014,18.1777,12517100
2/12/2014,17.0879,12838900
2/13/2014,16.412,5799730
2/14/2014,15.9569,23444500
2/15/2014,16.0851,10056400
2/16/2014,15.4229,5110250
2/17/2014,15.7769,7948870
2/18/2014,15.4332,3479380
2/19/2014,15.6621,2194490
2/20/2014,14.7345,6499250
2/21/2014,13.8882,9077900
2/22/2014,14.0435,2944030
2/23/2014,15.7927,11342300
2/24/2014,14.875,7381230
2/25/2014,13.6107,23109600
2/26/2014,14.3143,11621100
2/27/2014,14.1769,5028370
2/28/2014,13.6863,5775470
3/1/2014,13.7268,4091080
3/2/2014,13.1378,2549840
3/3/2014,13.6136,12965400
3/4/2014,16.4496,46057300
3/5/2014,16.1083,12138700
3/6/2014,16.3005,8862560
3/7/2014,15.853,6267080
3/8/2014,15.397,5880260
3/9/2014,16.0151,6731190
3/10/2014,15.8318,5231530
3/11/2014,16.1522,3777160
3/12/2014,17.1924,12127300
3/13/2014,17.0246,4462860
3/14/2014,16.5879,4034760
3/15/2014,16.9373,3102540
3/16/2014,17.3074,5321400
3/17/2014,17.3328,6980580
3/18/2014,19.2724,26579500
3/19/2014,17.5924,35474700
3/20/2014,16.4095,16594700
3/21/2014,15.8585,19233300
3/22/2014,15.809,6232650
3/23/2014,15.4232,2759660
3/24/2014,16.0323,7764140
3/25/2014,16.2767,6918770
3/26/2014,16.2098,5887830
3/27/2014,15.2921,13598300
3/28/2014,14.2691,31210600
3/29/2014,13.7051,6478590
3/30/2014,12.7372,7874500
3/31/2014,12.9836,10445300
4/1/2014,13.32267463,
4/2/2014,11.86978195,
4/3/2014,11.30223802,
4/4/2014,11.19953604,
4/5/2014,11.38823455,
4/6/2014,11.61431759,
4/7/2014,11.4183,3652720
4/8/2014,11.42826661,
4/9/2014,11.17663484,
4/10/2014,8.288510879,
4/11/2014,10.82905141,
4/12/2014,10.7520696,
4/13/2014,10.32809306,
4/14/2014,11.49118472,
4/15/2014,13.36716881,
4/16/2014,13.50951863,
4/17/2014,12.68136,
4/18/2014,12.14707248,
4/19/2014,12.93501319,
4/20/2014,12.66668182,
4/21/2014,12.47941469,
4/22/2014,12.18436343,35650430.45
4/23/2014,12.227127,32110244.51
4/24/2014,12.58914095,68850074.57
4/25/2014,10.9975966,152518276.1
4/26/2014,10.700604,57884564.84
4/27/2014,10.0721968,31854837.99
4/28/2014,10.1496516,56053229.92
4/29/2014,10.4833355,58165163.24
4/30/2014,11.0136708,118507873.2
5/1/2014,11.24075511,48598282.03
5/2/2014,10.68327421,38161387.32
5/3/2014,10.32131187,32826459.03
5/4/2014,10.32784816,22884482.45
5/5/2014,10.25491879,16708116.56
5/6/2014,10.39168879,56655784.96
5/7/2014,10.626667,42844866
5/8/2014,10.5492028,40494325.61
5/9/2014,10.7801136,45581909.01
5/10/2014,10.87369515,21933264.8
5/11/2014,10.38354254,26284256.61
5/12/2014,10.4483301,19320812.09
5/13/2014,10.3903668,10367837.11
5/14/2014,10.52420432,12174617.08
5/15/2014,10.46653,13997836.56
5/16/2014,10.39460275,14992111.46
5/17/2014,10.40175749,5142136.173
5/18/2014,10.35905416,3756212.561
5/19/2014,10.342171,5030870.334
5/20/2014,10.68350907,24503887.11
5/21/2014,10.62589676,17311761.59
5/22/2014,10.66120932,22242187.93
5/23/2014,11.22900975,63515410.23
5/24/2014,11.18928654,20278212.13
5/25/2014,11.52418441,54568011.5
5/26/2014,11.49389831,34061256.82
5/27/2014,11.22435225,27011345.94
5/28/2014,11.04812529,16543438.07
5/29/2014,10.8303816,1529399.614
5/30/2014,11.41667635,6597600.04
5/31/2014,10.939415,4445319.918
6/1/2014,11.13881358,7181921.413
6/2/2014,11.3755853,5893705.692
6/3/2014,11.55881896,4210982.001
6/4/2014,11.06682376,3971661.152
6/5/2014,11.325901,3581709.383
6/6/2014,11.156436,2080504.193
6/7/2014,11.17028026,1699927.779
6/8/2014,11.28873347,596159.1451
6/9/2014,11.1524346,1519227.026
6/10/2014,11.04694503,2359045.963
6/11/2014,10.85553234,1575833.807
6/12/2014,9.82914275,3691702.183
6/13/2014,10.13340343,2588285.575
6/14/2014,9.764156529,2777120.255
6/15/2014,9.9588087,2241807.065
6/16/2014,9.6758516,2617072.633
6/17/2014,9.611315889,2189081.604
6/18/2014,9.66704,1596038.726
6/19/2014,9.411138438,3086407.145
6/20/2014,9.3582723,1574996.221
6/21/2014,9.749296746,1042166.583
6/22/2014,9.701863382,1070995.389
6/23/2014,9.614711492,1185537.198
6/24/2014,9.566429514,1251450.287
6/25/2014,9.103889987,1899733.647
6/26/2014,9.047097184,3145379.886
6/27/2014,9.217859463,1974645.162
6/28/2014,9.148176427,1675647.327
6/29/2014,8.920234769,2169669.261
6/30/2014,8.895011457,6347415.328
7/1/2014,8.236869847,6140423.581
7/2/2014,8.1261655,11027893.22
7/3/2014,7.995147924,3101122.261
7/4/2014,7.268498726,4464145.036
7/5/2014,7.267224473,6012903.69
7/6/2014,7.109465309,3415175.433
7/7/2014,7.560738377,6426471.913
7/8/2014,7.729942236,2837557.925
7/9/2014,7.749912706,3151856.581
7/10/2014,7.769068216,2191252.051
7/11/2014,7.830994978,2434677.395
7/12/2014,8.6887374,7238441.751
7/13/2014,8.969050191,5896317.2
7/14/2014,8.680264279,4379349.632
7/15/2014,8.685364496,3628433.396
7/16/2014,8.345246285,4895118.978
7/17/2014,8.759140139,4096548.534
7/18/2014,8.812003973,3953780.332
7/19/2014,8.726343762,5214680.965
7/20/2014,8.538912468,1418926.416
7/21/2014,8.573402832,1382730.02
7/22/2014,8.552092506,707641.6991
7/23/2014,8.440667621,1010145.305
7/24/2014,7.771812415,3538306.814
7/25/2014,7.80636749,3212574.897
7/26/2014,7.589915762,1153813.218
7/27/2014,7.722428679,1648734.221
7/28/2014,7.585930053,1695643.1
7/29/2014,7.6372874,922465.605
7/30/2014,7.220279721,1596904.246
7/31/2014,7.537792233,2891663.405
8/1/2014,7.671127011,1652313.837
8/2/2014,7.631315322,913448.5666
8/3/2014,7.533907398,592914.9561
8/4/2014,7.392554064,981507.1485
8/5/2014,7.199311109,1185452.001
8/6/2014,7.17064578,850937.551
8/7/2014,7.160688627,3158983.186
8/8/2014,7.037028498,1493311.516
8/9/2014,6.932918396,2228245.687
8/10/2014,6.918088196,728344.592
8/11/2014,6.041834794,5469066.994
8/12/2014,5.642936833,5536108.488
8/13/2014,5.03801536,7115290.315
8/14/2014,5.050564735,4701785.824
8/15/2014,5.034087356,2271304.874
8/16/2014,4.970067204,1600204.759
8/17/2014,4.367023459,3392772.516
8/18/2014,3.718591877,7278456.659
8/19/2014,4.705514983,8788935.691
8/20/2014,5.475164204,10699490.51
8/21/2014,5.787743298,10210688.03
8/22/2014,5.269170782,6349422.067
8/23/2014,4.89542372,4015645.478
8/24/2014,5.456499128,7668541.097
8/25/2014,5.21127641,3531860.069
8/26/2014,5.548003215,4571716.611
8/27/2014,5.388489395,6258812.785
8/28/2014,5.248354123,3453719.217
8/29/2014,5.360667997,2308898.947
8/30/2014,5.189411153,2052546.512
8/31/2014,4.834930212,5907769.494
9/1/2014,4.721260077,2011839.702
9/2/2014,4.806171499,3261788.893
9/3/2014,4.858252302,1332579.725
9/4/2014,5.175037349,3446222.726
9/5/2014,4.954738628,1713902.558
9/6/2014,4.974189958,1459961.752
9/7/2014,5.143881701,2264552.821
9/8/2014,5.062805726,3105817.361
9/9/2014,5.044178932,2062198.494
9/10/2014,5.331313784,4442748.405
9/11/2014,5.445544496,3845846.071
9/12/2014,5.344347446,2025148.884
9/13/2014,5.432238806,2164655.722
9/14/2014,5.384470853,1835578.252
9/15/2014,5.141209162,2875124.52
9/16/2014,5.050426534,2020258.783
9/17/2014,5.022836738,2913375.062
9/18/2014,4.680537423,4396694.541
9/19/2014,4.316283059,3759810.76
9/20/2014,4.264892018,5173893.175
9/21/2014,4.206360699,2677695.113
9/22/2014,4.21372234,1717496.548
9/23/2014,4.740757084,4547535.745
9/24/2014,4.645902699,2538341.665
9/25/2014,4.485249223,1918568.379
9/26/2014,4.431805587,1440071.663
9/27/2014,4.412835525,770357.0255
9/28/2014,4.216148223,1624917.082
9/29/2014,4.21059277,1595535.963
9/30/2014,4.489471627,2364145.035
10/1/2014,4.410904192,1070733.458
10/2/2014,4.280335491,1012246.312
10/3/2014,4.130633461,1340157.773
10/4/2014,3.865184753,2692676.315
10/5/2014,3.720923175,4092274.777
10/6/2014,3.7791698,2723141.772
10/7/2014,3.812511407,1548791.308
10/8/2014,3.923539191,2334687.173
10/9/2014,3.84554532,3370337.864
10/10/2014,3.755808455,1407330.309
10/11/2014,3.75015824,1208186.29
10/12/2014,3.865341767,1116952.72
10/13/2014,3.856464429,1650753.061
10/14/2014,4.067885019,3741220.311
10/15/2014,4.024622916,1497508.488
10/16/2014,3.963278343,1449981.639
10/17/2014,3.976651841,850489.0687
10/18/2014,4.03336255,963615.5378
10/19/2014,3.980700569,663614.251
10/20/2014,3.887429719,905010.7397
10/21/2014,3.925398453,625768.1928
10/22/2014,3.833203993,774920.4291
10/23/2014,3.715830448,1047356.258
10/24/2014,3.723236775,615046.0523
10/25/2014,3.662572434,709710.0014
10/26/2014,3.709214654,520803.6192
10/27/2014,3.780572041,1291488.647
10/28/2014,3.823178399,877438.5068
10/29/2014,3.698966326,1065067.874
10/30/2014,3.7827901,838292.8136
10/31/2014,3.721327491,597443.5126
11/1/2014,3.557009806,1164798.181
11/2/2014,3.589936039,471930.1989
11/3/2014,3.574074282,627936.4957
11/4/2014,3.586967494,664926.3673
11/5/2014,3.630318375,671667.5202
11/6/2014,3.658755662,829562.5212
11/7/2014,3.555575365,760098.6671
11/8/2014,3.557293179,545942.9002
11/9/2014,3.652162481,900439.9035
11/10/2014,3.670841557,1195419.249
11/11/2014,3.659652827,600249.8549
11/12/2014,3.953280802,4594953.334
11/13/2014,4.014012808,5506951.779
11/14/2014,3.970239669,2118485.977
11/15/2014,3.865865725,1636010.254
11/16/2014,3.886790094,1004603.532
11/17/2014,3.859643656,1354147.592
11/18/2014,3.742167147,895258.1075
11/19/2014,3.7694179,870464.0265
11/20/2014,3.597128696,1630321.019
11/21/2014,3.478957672,1144422.902
11/22/2014,3.518691483,1043000.258
11/23/2014,3.59671273,743231.1513
11/24/2014,3.599488178,1425212.745
11/25/2014,3.571509755,1348770.023
11/26/2014,3.541319601,864744.297
11/27/2014,3.549274225,533922.7307
11/28/2014,3.600510296,1045573.429
11/29/2014,3.561019501,929641.7935
11/30/2014,3.561222392,533998.3263
12/1/2014,3.570294224,559540.8576
12/2/2014,3.615175245,1271507.291
12/3/2014,3.587157803,642327.5738
12/4/2014,3.550558062,784036.8695
12/5/2014,3.59633566,699715.9108
12/6/2014,3.586433799,680056.9975
12/7/2014,3.702269017,1341950.773
12/8/2014,3.64269656,1425959.335
12/9/2014,3.496599173,1607821.723
12/10/2014,3.4821335,514741.8903
12/11/2014,3.435977963,1224372.498
12/12/2014,3.464404807,473511.1389
12/13/2014,3.461349916,538668.4661
12/14/2014,3.47756097,502764.3218
12/15/2014,3.445930168,524596.6597
12/16/2014,3.022644925,2887270.971
12/17/2014,2.944087577,1079788.37
12/18/2014,2.799676385,1253208.166
12/19/2014,2.863559308,766516.2851
12/20/2014,2.933453298,631830.4912
12/21/2014,2.840225065,507816.1675
12/22/2014,2.872172801,695829.5623
12/23/2014,2.864634376,519759.9926
12/24/2014,2.722895699,697662.2126
12/25/2014,2.698301109,6347592.096
12/26/2014,2.783405627,6815911.805
12/27/2014,2.723468885,4491898.319
12/28/2014,2.731073334,4681263.795
12/29/2014,2.697840143,3081824.145
12/30/2014,2.711567841,2854344.666
12/31/2014,2.734256967,1792910.209
1/1/2015,2.713620933,1382349.326
1/2/2015,2.679195829,2097773.512
1/3/2015,2.164152589,15757930.49
1/4/2015,1.939972243,16094675.34
1/5/2015,2.084589955,12323066.17
1/6/2015,2.132923844,8153993.635
1/7/2015,2.156631851,10462809.36
1/8/2015,2.037065526,5917015.222
1/9/2015,2.010515896,4127535.432
1/10/2015,1.652924336,13001104.51
1/11/2015,1.764078256,21329891.5
1/12/2015,1.726643527,10335368.49
1/13/2015,1.570142602,16613229.31
1/14/2015,1.148851007,21850446.3
1/15/2015,1.28382786,15784586.57
1/16/2015,1.397771748,13370875.98
1/17/2015,1.317027581,8697924.964
1/18/2015,1.331305352,9051484.752
1/19/2015,1.345741398,5343931.88
1/20/2015,1.331897361,5196728.953
1/21/2015,1.357703578,4278023.41
1/22/2015,1.418063194,8096169.502
1/23/2015,1.441416247,4974948.525
1/24/2015,1.857109444,19654598.39
1/25/2015,2.260986187,50412393.88
1/26/2015,2.095993062,31535615.85
1/27/2015,1.988042967,21499343.87
1/29/2015,1.927161282,11497183.32
1/30/2015,1.922247613,7617049.29
1/31/2015,1.881478163,4031613.571
2/1/2015,1.809730789,10699652.26
2/2/2015,1.885503638,7892537.21
2/3/2015,1.817346038,9081480.119
2/4/2015,1.805213435,5150712.603
2/5/2015,1.746087429,3148905.914
2/6/2015,1.752843607,3530671.525
2/7/2015,1.790362033,3174882.211
2/8/2015,1.788897939,2293540.22
2/9/2015,1.737337648,3099532.221
2/10/2015,1.768899077,3439799.337
2/11/2015,1.735552244,2431176.334
2/12/2015,1.762269323,1629600.73
2/13/2015,1.822456974,6664637.129
2/14/2015,1.935787841,5977827.819
2/15/2015,1.838478464,9589626.689
2/16/2015,1.808878935,3004596.998
2/17/2015,1.854031275,3156402.484
2/18/2015,1.815902751,1701392.37
2/19/2015,1.841599451,843550.2901
2/20/2015,1.843826175,1593645.992
2/21/2015,1.846896013,1088710.253
2/22/2015,1.796595288,2132825.771
2/23/2015,1.809929193,1314332.759
2/24/2015,1.823261841,1106304.419
2/25/2015,1.804651031,1125811.91
2/26/2015,1.796717893,747261.148
2/27/2015,1.854937945,4016133.115
2/28/2015,1.836818633,1712605.579
3/1/2015,1.881142984,3974037.066
3/2/2015,1.912496404,6659066.536
3/3/2015,1.951102457,6212065.55
3/4/2015,1.93617196,5108777.335
3/5/2015,1.920611079,3919861.604
3/6/2015,1.905812488,2141717.495
3/7/2015,1.918409541,1613022.651
3/8/2015,1.899268277,1654613.797
3/9/2015,1.929246313,3447327.036
3/10/2015,2.001115495,12270475.96
3/11/2015,2.018303904,3928090.322
3/12/2015,2.048859637,6679854.348
3/13/2015,2.013464308,3361635.673
3/14/2015,1.99370034,2463776.705
3/15/2015,2.016317563,2430171.706
3/16/2015,2.024593715,3556330.668
3/17/2015,1.981945562,6173121.269
3/18/2015,1.742885436,7459695.966
3/19/2015,1.770148621,8201938.882
3/20/2015,1.770643101,2717099.948
3/21/2015,1.75053724,2556179.056
3/22/2015,1.798819172,1657482.969
3/23/2015,1.784530417,2163682.584
3/24/2015,1.675822527,4270237.661
3/25/2015,1.682257488,10292599.58
3/26/2015,1.692353684,4267835.398
3/27/2015,1.693272149,2201342.644
3/28/2015,1.697460006,1810081.714
3/29/2015,1.654115575,2059073.155
3/30/2015,1.674987795,2089452.909
3/31/2015,1.647293249,1751160.31
4/1/2015,1.661678819,1842170.658
4/2/2015,1.681786432,2105392.322
4/3/2015,1.6862224,1948778.251
4/4/2015,1.678905688,1027506.546
4/5/2015,1.697878138,1901700.005
4/6/2015,1.677493962,2178177.046
4/7/2015,1.669444599,1308698.853
4/8/2015,1.624886682,2834604.345
4/9/2015,1.579968826,3205111.701
4/10/2015,1.514315134,3465814.919
4/11/2015,1.45444282,3735377.238
4/12/2015,1.46942428,3408134.116
4/13/2015,1.375899492,3533103.302
4/14/2015,1.375000583,4352576.037
4/15/2015,1.378522648,5939108.431
4/16/2015,1.411426491,4050045.341
4/17/2015,1.413930736,3224994.751
4/18/2015,1.407584099,1786879.922
4/19/2015,1.393938258,2299688.69
4/20/2015,1.404821525,1855923.518
4/21/2015,1.429400024,2342032.886
4/22/2015,1.453293752,3293532.678
4/23/2015,1.45513609,1632843.346
4/24/2015,1.421607677,2169614.705
4/25/2015,1.397656941,1546178.241
4/26/2015,1.327593171,3322035.354
4/27/2015,1.389586823,2172303.212
4/28/2015,1.367450671,1828187.552
4/29/2015,1.375323848,1602330.447
4/30/2015,1.445167998,4379495.593
5/1/2015,1.412102339,2137523.935
5/2/2015,1.424087824,1503573.187
5/3/2015,1.430175608,3732693.745
5/4/2015,1.410584074,2911235.197
5/5/2015,1.408578042,1796700.897
5/6/2015,1.391190751,1457257.847
5/7/2015,1.451759648,3286311.798
5/8/2015,1.47377631,3473083.46
5/9/2015,1.447424873,4054495.206
5/10/2015,1.433999405,4034596.219
5/11/2015,1.435504008,1983036.422
5/12/2015,1.441778662,2494227.945
5/13/2015,1.450931551,2298687.634
5/14/2015,1.446303537,1642719.943
5/15/2015,1.452254183,1258739.047
5/16/2015,1.444803418,1296196.681
5/17/2015,1.452459582,940319.4661
5/18/2015,1.441225602,1758007.659
5/19/2015,1.450075538,1286116.045
5/20/2015,1.456946848,1092034.461
5/21/2015,1.476906265,1960084.019
5/22/2015,1.831349528,20598528.7
5/23/2015,1.81790218,16958280.4
5/24/2015,1.823744043,8515556.975
5/25/2015,1.795624058,5083343.097
5/26/2015,1.81045916,3409439.951
5/27/2015,1.841906565,6321496.656
5/28/2015,1.832061556,4670439.029
5/29/2015,1.83143243,6271619.404
5/30/2015,1.805725337,3824485.701
5/31/2015,1.630107409,7571770.17
6/1/2015,1.615765895,6153569.245
6/2/2015,1.668208994,5080340.695
6/3/2015,1.687614126,4201215.6
6/4/2015,1.664187618,3016354.383
6/5/2015,1.750971936,5452895.642
6/6/2015,1.755144425,4936448.442
6/7/2015,1.736666618,4004271.645
6/8/2015,1.786805073,6069320.233
6/9/2015,1.799134617,3350017.483
6/10/2015,1.761385179,3569347.989
6/11/2015,1.800056554,4045646.457
6/12/2015,1.804624841,3454009.317
6/13/2015,1.860759246,5866148.811
6/14/2015,1.992527459,16209233.52
6/15/2015,2.011375176,9269862.882
6/16/2015,2.852474769,60988450.82
6/17/2015,2.862483179,89115468.35
6/18/2015,3.093112995,55108512.78
6/19/2015,2.799160366,43882939.43
6/20/2015,3.021990996,48284756.44
6/21/2015,3.014652514,32624202.29
6/22/2015,3.022886953,22007170.08
6/23/2015,2.967830881,15164094.08
6/24/2015,2.796707091,20174228.84
6/25/2015,2.841323146,29016667.61
6/26/2015,2.855561946,17439910.62
6/27/2015,3.0961888,38660062.74
6/28/2015,3.062496211,24605761.71
6/29/2015,3.690842737,85948916.09
6/30/2015,4.105024447,118731329.3
7/1/2015,3.923899248,58193150.24
7/2/2015,4.090834754,60707441.78
7/3/2015,4.140077401,35970461.63
7/4/2015,4.138585147,35060009.97
7/5/2015,4.787464694,75798980.22
7/6/2015,5.416643889,184497987.9
7/7/2015,5.274178134,118087398.7
7/8/2015,6.299244254,189354409.1
7/9/2015,7.659154642,350891235.1
7/10/2015,4.431278048,147567732.2
7/11/2015,4.321748862,156131570.7
7/12/2015,5.248006787,155221533.3
7/13/2015,4.714340669,131835600.5
7/14/2015,4.592658241,77983545.59
7/15/2015,4.156555447,54010795.46
7/16/2015,3.580150492,135092295.2
7/17/2015,3.770527837,90761436.99
7/18/2015,3.96322106,83270248.55
7/19/2015,3.6637197,46660038.35
7/20/2015,3.878997023,54223224.44
7/21/2015,3.785559717,53754867.91
7/22/2015,3.822070278,51170650.94
7/23/2015,3.791403649,33353705.5
7/24/2015,4.606149257,188698202.9
7/25/2015,4.643625528,146205016.2
7/26/2015,4.638918971,106214015.8
7/27/2015,4.663155478,77698763.12
7/28/2015,5.068781725,146387205.4
7/29/2015,4.820408608,116948365.2
7/30/2015,4.570138383,92274303.26
7/31/2015,4.618411767,94742128.11
8/1/2015,4.189885721,124893706.2
8/2/2015,4.176356021,129054088.9
8/3/2015,4.286043943,133624217.9
8/4/2015,4.376517433,111456042
8/5/2015,4.339347514,69576446.75
8/6/2015,4.047700991,75728835.63
8/7/2015,4.184885759,90332808.82
8/8/2015,3.914907504,78223489.05
8/9/2015,3.897454846,89934616.35
8/10/2015,3.935052207,66828854.18
8/11/2015,4.123324701,71940987.11
8/12/2015,4.059463984,67356497.08
8/13/2015,3.888006911,50795341.78
8/14/2015,4.015571115,69993265.03
8/15/2015,3.90920334,40462394.57
8/16/2015,3.947401154,46201603.78
8/17/2015,3.968602693,58220775.95
8/18/2015,3.931163188,40455499.77
8/19/2015,3.480103035,82446355.97
8/20/2015,3.595481371,51554335.6
8/21/2015,3.575323487,34287198.12
8/22/2015,3.501180479,48832273.19
8/23/2015,3.387891366,43174830.94
8/24/2015,3.004264093,98881001.16
8/25/2015,2.967751471,182006611.7
8/26/2015,3.0065038,133965808.2
8/27/2015,2.873488858,46074210.36
8/28/2015,2.938384929,100443639.5
8/29/2015,2.882133595,50215357.62
8/30/2015,2.830127148,45319667.65
8/31/2015,2.837674971,44968718.13
9/1/2015,2.818002462,35839530.29
9/2/2015,2.799495143,40966930.18
9/3/2015,2.643084855,43520708.88
9/4/2015,2.706798582,47424284.89
9/5/2015,2.93480625,80497282.09
9/6/2015,3.066316222,119662047.3
9/7/2015,3.04572957,64307221.92
9/8/2015,3.058310619,77382582.09
9/9/2015,2.936833151,60136551.07
9/10/2015,2.941814134,41716260.08
9/11/2015,2.961338829,33802094.49
9/12/2015,2.84732017,31433677.58
9/13/2015,2.809793289,33815921.03
9/14/2015,2.845463307,29625649.85
9/15/2015,2.817139543,20743727.4
9/16/2015,2.799408816,21456905.45
9/17/2015,2.920190099,40700591.65
9/18/2015,2.95790759,63828589.66
9/19/2015,2.862012824,40467503.27
9/20/2015,2.830781516,35026408.81
9/21/2015,2.796950673,42193347.39
9/22/2015,2.832153641,54046806.21
9/23/2015,2.850870813,42026630.26
9/24/2015,2.927896025,51033697.62
9/25/2015,2.892434315,41737715.8
9/26/2015,2.873625013,19467295.02
9/27/2015,2.86200178,12366678.2
9/28/2015,3.062277997,86508281.14
9/29/2015,2.990896513,126391693.7
9/30/2015,3.003103307,50143622.54
10/1/2015,3.002874114,44526334.47
10/2/2015,2.982174622,30571340.68
10/3/2015,3.025906846,27374781.95
10/4/2015,2.991740741,34660955.06
10/5/2015,2.996875755,28582948.77
10/6/2015,3.153070632,55107265.84
10/7/2015,3.051334546,60482739.79
10/8/2015,3.062078802,32324781.29
10/9/2015,3.113961055,43062865.71
10/10/2015,3.126016868,38436145.65
10/11/2015,3.158034298,29779264.42
10/12/2015,3.141303044,52462204.86
10/13/2015,3.185734217,66990975.26
10/14/2015,3.134298724,84955573.98
10/15/2015,3.089727097,51543000.66
10/16/2015,3.083241876,52354531.97
10/17/2015,3.05695585,68327046.71
10/18/2015,3.016396986,33502410.3
10/19/2015,3.052740822,24903869.22
10/20/2015,3.096481116,23008528.02
10/21/2015,3.087198929,28259367.24
10/22/2015,3.112835568,7452238.128
10/23/2015,3.117533809,18555701.2
10/24/2015,3.113331002,11383198.73
10/25/2015,3.062528032,29799376.66
10/26/2015,3.108948818,19870241
10/27/2015,3.103061659,19283130.64
10/28/2015,3.089641443,17781579.14
10/29/2015,3.873849117,142643961.1
10/30/2015,3.967890205,359640362.1
10/31/2015,3.626956961,208274105.1
11/1/2015,3.824595486,154388319.3
11/2/2015,4.129534816,185374294.2
11/3/2015,4.528494909,390926288.1
11/4/2015,4.045417019,378909815.1
11/5/2015,3.835268596,287969240.9
11/6/2015,3.499838789,226966476.1
11/7/2015,3.550050432,106717983.5
11/8/2015,3.392944406,63490792.37
11/9/2015,3.379622079,124765013.8
11/10/2015,3.145911759,122226954.8
11/11/2015,2.941417981,73656497.5
11/12/2015,3.303653327,82249609.32
11/13/2015,3.230208495,59476979.48
11/14/2015,3.19097876,28922107.99
11/15/2015,3.082256213,34126461.42
11/16/2015,3.209037296,28295861.37
11/17/2015,3.211812204,32232694.97
11/18/2015,3.216830582,21587723.98
11/19/2015,3.129927747,28301982.29
11/20/2015,3.120178447,26332567.35
11/21/2015,3.142489404,21016227.41
11/22/2015,3.140076351,13643762.07
11/23/2015,3.133396274,13473309.26
11/24/2015,3.111953042,14728764.86
11/25/2015,3.308810402,74193040.12
11/26/2015,3.648712163,326563800.6
11/27/2015,3.57492259,129454014.6
11/28/2015,3.494779268,26399920.4
11/29/2015,3.661371025,92133459.27
11/30/2015,3.619735703,276293954.9
12/1/2015,3.437035457,170569261.2
12/2/2015,3.331577024,205471132
12/3/2015,3.374362953,164594089.2
12/4/2015,3.357686866,120331435.5
12/5/2015,3.530172123,199976410.6
12/6/2015,3.477725072,291675451
12/7/2015,3.620737149,305649146.5
12/8/2015,3.691534668,231609208.1
12/9/2015,3.653236999,323413586.7
12/10/2015,3.633663445,203144651.6
12/11/2015,3.816127919,299309352
12/12/2015,3.587035289,337894410.2
12/13/2015,3.59733521,196873710.1
12/14/2015,3.582357073,174888472.1
12/15/2015,3.808972951,348029996.2
12/16/2015,3.66953543,271681896.6
12/17/2015,3.729009377,147303796.3
12/18/2015,3.755614859,68694346.25
12/19/2015,3.735729638,42025124.78
12/20/2015,3.509846097,65563005.16
12/21/2015,3.432186574,104619897.4
12/22/2015,3.384526384,53503591.84
12/23/2015,3.573623356,209649813.6
12/24/2015,3.621015446,221148509.2
12/25/2015,3.609307499,137153275.1
12/26/2015,3.44713989,332814730.8
12/27/2015,3.504427376,180771965.3
12/28/2015,3.45317576,147058914.3
12/29/2015,3.486770412,173641740.3
12/30/2015,3.460536164,60180132.66
12/31/2015,3.474657705,111953845.5
1/1/2016,3.511808027,166080827
1/2/2016,3.505097896,94517885.93
1/3/2016,3.485512042,91423126.84
1/4/2016,3.499486366,75826336.94
1/5/2016,3.470098699,77578079.51
1/6/2016,3.460808584,66182660.71
1/7/2016,3.602216419,255301668.9
1/8/2016,3.575245832,160611930.6
1/9/2016,3.574666914,112311676.1
1/10/2016,3.542201828,104130940.9
1/11/2016,3.562569578,90154100.88
1/12/2016,3.528738255,86718499.6
1/13/2016,3.476999452,150198857.4
1/14/2016,3.457352022,65857080.3
1/15/2016,3.022672698,137889037.8
1/16/2016,3.076525662,278616687.6
1/17/2016,3.02182409,115304403.7
1/18/2016,3.032892622,103099666.8
1/19/2016,2.997791075,64862107.87
1/20/2016,3.394206921,198538742.7
1/21/2016,3.204920453,207621181.6
1/22/2016,3.037313133,170126811.1
1/23/2016,3.103000425,145037687.2
1/24/2016,3.182076878,111090592.9
1/25/2016,3.121840534,94373030.33
1/26/2016,3.142222324,109549694.5
1/27/2016,3.259243928,181487557.4
1/28/2016,3.091543672,157949038.3
1/29/2016,3.082687519,156280017.6
1/30/2016,3.057558025,84681074.8
1/31/2016,3.000808019,82767239.42
2/1/2016,3.049440836,106505065.6
2/2/2016,3.052214978,84680472.49
2/3/2016,3.033315901,73877557.3
2/4/2016,3.138894591,152040516.9
2/5/2016,3.107969501,88351011.79
2/6/2016,3.060439833,76524415.01
2/7/2016,3.068582788,72755291.11
2/8/2016,3.038387215,69365177.86
2/9/2016,3.057424476,65228292.42
2/10/2016,3.072196737,82524890.78
2/11/2016,3.043598499,77117621.36
2/12/2016,3.08282645,55167425.27
2/13/2016,3.119394537,78801126.14
2/14/2016,3.16455129,128936422
2/15/2016,3.129759119,133923930.4
2/16/2016,3.185770979,86992915
2/17/2016,3.216795077,105575329.5
2/18/2016,3.233381957,132093102.7
2/19/2016,3.226626529,117718359.1
2/20/2016,3.464854083,252881060.7
2/21/2016,3.44011512,322812265.6
2/22/2016,3.483668765,167143226
2/23/2016,3.385604458,218897586.1
2/24/2016,3.347567856,151307340.8
2/25/2016,3.350800773,159982409.4
2/26/2016,3.402568924,161338947.6
2/27/2016,3.404544839,173901475
2/28/2016,3.430583885,192199704.8
2/29/2016,3.416368879,235412127.7
3/1/2016,3.394874075,127735173
3/2/2016,3.355528263,1003119.76
3/3/2016,3.309445828,87700419.39
3/4/2016,3.232366585,132542220.1
3/5/2016,3.15563843,194487087.6
3/6/2016,3.180206952,150960949.1
3/7/2016,3.249448709,127540644.9
3/8/2016,3.229011267,98686996.04
3/9/2016,3.257021548,88431840.37
3/10/2016,3.277369266,75978446.44
3/11/2016,3.355414026,165769142.2
3/12/2016,3.274254795,159303467.4
3/13/2016,3.290279957,138039165.5
3/14/2016,3.301228838,126363309.4
3/15/2016,3.295268396,132237271.5
3/16/2016,3.300865632,74625323.69
3/17/2016,3.295110658,94910768.5
3/18/2016,3.172809028,199722032.1
3/19/2016,3.170760796,143698353.3
3/20/2016,3.204685366,113487564.1
3/21/2016,3.195877693,101659314.1
3/22/2016,3.217672113,116968878.6
3/23/2016,3.232003877,118295931.4
3/24/2016,3.211222458,122423095.8
3/25/2016,3.222519056,73787904.6
3/26/2016,3.224492822,120227993.3
3/27/2016,3.283628256,191984271.5
3/28/2016,3.254797509,130225405.2
3/29/2016,3.230001574,207273505.2
3/30/2016,3.211050261,136840706.2
3/31/2016,3.235680099,136882229
4/1/2016,3.235630472,90332993.53
4/2/2016,3.262363817,136113151.3
4/3/2016,3.249803412,90321957.73
4/4/2016,3.240679512,122082180.8
4/5/2016,3.255611675,74570632.06
4/6/2016,3.25192268,70528377.77
4/7/2016,3.235740542,100004738.3
4/8/2016,3.214372297,131341126.9
4/9/2016,3.217236917,147061861.6
4/10/2016,3.235632201,102093596.4
4/11/2016,3.238975587,87569678.27
4/12/2016,3.275058985,147017431.2
4/13/2016,3.254752736,105097082.5
4/14/2016,3.25647206,85639456.36
4/15/2016,3.2864015,148986565.7
4/16/2016,3.29083163,123432225.4
4/17/2016,3.265483776,101547997.4
4/18/2016,3.262015131,91466668.95
4/19/2016,3.287059956,120642935.3
4/20/2016,3.28910841,175878575.9
4/21/2016,3.35732549,219450496.4
4/22/2016,3.346735674,201291037.6
4/23/2016,3.366514811,135814761.6
4/24/2016,3.643813967,528947364.7
4/25/2016,3.752285345,271085951.6
4/26/2016,4.038293439,826396782.4
4/27/2016,3.950773569,1186956735
4/28/2016,3.810650789,1143224862
4/29/2016,3.823938218,282885526.1
4/30/2016,3.653978734,115073087.7
5/1/2016,3.720549878,324381258.5
5/2/2016,3.695662293,372646086.5
5/3/2016,3.750272375,284823353.4
5/4/2016,3.750722219,326275088.7
5/5/2016,3.731613647,225286729.6
5/6/2016,3.819159469,266915052.8
5/7/2016,3.979939824,515278253.9
5/8/2016,3.946030308,373412745.7
5/9/2016,4.106460222,453124860.1
5/10/2016,3.793454772,571110719.2
5/11/2016,3.876260046,423340619
5/12/2016,3.8606776,409044892
5/13/2016,3.958286092,398639744.1
5/14/2016,4.024757983,473284413.7
5/15/2016,4.091194136,484728891.7
5/16/2016,4.020394588,502954477.7
5/17/2016,3.972799177,364073523.4
5/18/2016,4.007388231,312857398.1
5/19/2016,3.859996905,466644224.4
5/20/2016,3.901066448,351491700.4
5/21/2016,3.969127565,344810093.8
5/22/2016,3.931659673,359889682.8
5/23/2016,3.968390926,304287585.6
5/24/2016,3.953581572,302269661.6
5/25/2016,4.034737084,348186000.2
5/26/2016,4.093337111,480252560.4
5/27/2016,4.566557316,490546461.9
5/28/2016,4.494522623,1264562520
5/29/2016,4.488017935,936121357.2
5/30/2016,4.605977078,630097685.8
5/31/2016,4.664446341,478016741.7
6/1/2016,4.730309517,543546730.1
6/2/2016,4.721887791,409682615.2
6/3/2016,4.868783127,484113208.3
6/4/2016,4.839195605,493740431.6
6/5/2016,4.811961758,406327033.3
6/6/2016,4.959922777,508436434.6
6/7/2016,4.804770738,586292094.6
6/8/2016,4.795350114,320726164.5
6/9/2016,4.753593597,305056777.2
6/10/2016,4.886178345,530317644.7
6/11/2016,5.003377604,450340480.6
6/12/2016,5.304193336,1211372482
6/13/2016,5.340135798,792604661.8
6/14/2016,5.219324393,661119822.4
6/15/2016,5.262803071,541656310.5
6/16/2016,5.670590244,811241421.8
6/17/2016,5.597711743,1212520874
6/18/2016,5.59841795,960325628.2
6/19/2016,5.586890874,717587542.4
6/20/2016,5.289205736,543246804.4
6/21/2016,4.892478632,976583827.6
6/22/2016,3.875183787,885232324.3
6/23/2016,3.872171507,969005254.3
6/24/2016,4.276840169,982737452.8
6/25/2016,4.246085513,950642911.1
6/26/2016,4.116083437,919982052.2
6/27/2016,4.138348056,689737257.2
6/28/2016,4.11103216,635223955.6
6/29/2016,4.058617187,445460287.8
6/30/2016,4.047209429,444208210.3
7/1/2016,4.282812794,560991219
7/2/2016,4.334847578,503640948.6
7/3/2016,4.265849565,941391276.3
7/4/2016,4.544150038,878690170.8
7/5/2016,4.447264116,819318294.8
7/6/2016,4.496162329,672551632
7/7/2016,4.094552918,1010263501
7/8/2016,4.238854389,703141014.4
7/9/2016,4.1401357,793311680.7
7/10/2016,4.129386889,437584254.7
7/11/2016,4.115426725,421321111.7
7/12/2016,4.17466458,385577625.8
7/13/2016,4.140352143,304024578
7/14/2016,4.160091662,287015288.7
7/15/2016,4.161908917,287140665.7
7/16/2016,4.157251441,157934594.5
7/17/2016,4.19687041,206627245.9
7/18/2016,4.171995344,180713272.5
7/19/2016,4.180589175,175230114.4
7/20/2016,4.167155659,137126362
7/21/2016,4.145679995,147833392
7/22/2016,4.061265043,225094682.5
7/23/2016,4.062451518,225160442.6
7/24/2016,4.067205944,148546703
7/25/2016,4.04582106,120057481.8
7/26/2016,3.970318534,237445828.8
7/27/2016,3.976120494,208197213.6
7/28/2016,3.97266542,122356816.4
7/29/2016,4.091511625,218353287.4
7/30/2016,4.076636068,178356752.6
7/31/2016,3.96116451,222122351.7
8/1/2016,3.867290676,193138566.7
8/2/2016,3.552799075,476725427.1
8/3/2016,3.744775303,564517835.4
8/4/2016,3.759545142,238756121.5
8/5/2016,3.742012824,105749637.7
8/6/2016,3.77163578,141924600.3
8/7/2016,3.785469532,175981738.8
8/8/2016,3.797147053,145062791.3
8/9/2016,3.753626276,136630024.8
8/10/2016,3.755664842,195472349.6
8/11/2016,3.780121019,188904636.1
8/12/2016,3.772724335,188535000.3
8/13/2016,3.71882445,163036896.1
8/14/2016,3.650336356,152393043.6
8/15/2016,3.586390258,170179174.3
8/16/2016,3.622107826,195007700.8
8/17/2016,3.600911866,113154113.5
8/18/2016,3.602837072,104533413.6
8/19/2016,3.596186285,84750798.25
8/20/2016,3.617284964,113800509.8
8/21/2016,3.614544085,101605773.2
8/22/2016,3.637240542,99854140.72
8/23/2016,3.941628728,562129584.8
8/24/2016,3.855235126,387727456.6
8/25/2016,3.794992744,313477090.3
8/26/2016,3.831087105,213245780.8
8/27/2016,3.743083384,218024776
8/28/2016,3.748312421,172227570.1
8/29/2016,3.757920058,203201142.9
8/30/2016,3.805856736,290229960.3
8/31/2016,3.774710962,156466138.4
9/1/2016,3.827070139,228504141.8
9/2/2016,3.821418707,160091161.5
9/3/2016,3.87393383,233816842.4
9/4/2016,4.004958873,424096251.2
9/5/2016,3.968041999,260947265.9
9/6/2016,3.967908566,214232858.5
9/7/2016,3.985758642,204219583.6
9/8/2016,4.002979841,314205947.4
9/9/2016,3.968986331,166401974.5
9/10/2016,3.966570161,135215983.3
9/11/2016,3.874650513,280675712.1
9/12/2016,3.809879396,200063158.3
9/13/2016,3.816791684,195469916.3
9/14/2016,3.830597625,105372382.6
9/15/2016,3.79927984,183160944.1
9/16/2016,3.813406324,80532464.04
9/17/2016,3.806302128,139193213.3
9/18/2016,3.830026804,131775490.1
9/19/2016,3.834673389,120665145.4
9/20/2016,3.822736003,83321938.73
9/21/2016,3.770983194,150342812.8
9/22/2016,3.762674912,93413161.02
9/23/2016,3.810710053,128574254.2
9/24/2016,3.816924224,103318109.1
9/25/2016,3.806766715,101015066
9/26/2016,3.853110149,156530763
9/27/2016,3.841891839,199144587.1
9/28/2016,3.84253197,103719529.1
9/29/2016,3.852566275,136147176.6
9/30/2016,3.831570421,159784772.1
10/1/2016,3.844706534,127097390
10/2/2016,3.838771544,80036034.36
10/3/2016,3.845639305,50424597.74
10/4/2016,3.826999351,79951026.9
10/5/2016,3.837163719,95825027.61
10/6/2016,3.829789274,66091956.34
10/7/2016,3.848564365,86202910.68
10/8/2016,3.830969475,86393751.61
10/9/2016,3.810615595,96057207
10/10/2016,3.774438897,116115091.5
10/11/2016,3.825144217,201319808.5
10/12/2016,3.803274932,119125951.4
10/13/2016,3.894378452,255735407
10/14/2016,3.878961223,169699559.7
10/15/2016,3.872875341,141021179.6
10/16/2016,3.877923465,142893857.4
10/17/2016,3.853997605,150919457.9
10/18/2016,3.827674173,154074552.1
10/19/2016,3.804750116,143677287.3
10/20/2016,3.785977904,102540599.3
10/21/2016,3.797236876,138914535.8
10/22/2016,3.84374893,315134623.9
10/23/2016,3.860459954,279769058
10/24/2016,3.857451362,194274743.2
10/25/2016,3.895935727,171626558.5
10/26/2016,3.921496801,303648599
10/27/2016,3.995823512,353733175.3
10/28/2016,4.024053976,356191489.7
10/29/2016,4.054843846,430750564.5
10/30/2016,3.994584777,283537102.2
10/31/2016,3.977418242,216577543.8
11/1/2016,4.091197597,327014678
11/2/2016,4.108408967,198546797.5
11/3/2016,3.841609351,584711193
11/4/2016,3.902344801,326161273.9
11/5/2016,3.884477724,139817540.5
11/6/2016,3.905701521,210233388.5
11/7/2016,3.874445169,152304865.4
11/8/2016,3.838584305,105570028.2
11/9/2016,3.84988418,200379259.6
11/10/2016,3.812256326,157212932.8
11/11/2016,3.817239219,109021034.4
11/12/2016,3.754012334,170188887.2
11/13/2016,3.882967449,472302932.4
11/14/2016,3.87719585,212495527.9
11/15/2016,3.898385778,381654777.4
11/16/2016,3.921790837,536039173.5
11/17/2016,3.877765098,464262402.3
11/18/2016,3.93377659,336262143.9
11/19/2016,3.943377003,331882883.4
11/20/2016,3.893857888,459611833.3
11/21/2016,3.929907009,192312576
11/22/2016,3.928971243,261399140.6
11/23/2016,3.911739468,206227131.2
11/24/2016,3.894666284,230235338.8
11/25/2016,3.903778579,207344074.2
11/26/2016,3.872690659,275499991.6
11/27/2016,3.870389401,184205718.7
11/28/2016,3.876331762,175424698.8
11/29/2016,3.868558964,169218078.9
11/30/2016,3.906689182,159089927.6
12/1/2016,3.927736538,177268764.2
12/2/2016,3.975417007,296553234.5
12/3/2016,3.957727993,156868484.4
12/4/2016,3.939066593,195153246
12/5/2016,3.604860248,521661431.5
12/6/2016,3.646646307,366293589.5
12/7/2016,3.773720098,283546406.1
12/8/2016,3.78812531,363981116.1
12/9/2016,3.830794035,231738318.2
12/10/2016,3.844644545,203694386
12/11/2016,3.826712917,200009236.1
12/12/2016,3.840661685,206484718.4
12/13/2016,3.809973575,253024716.9
12/14/2016,3.676060936,145830574.2
12/15/2016,3.694052108,149311333
12/16/2016,3.704194242,112974331
12/17/2016,3.785299418,196934706.6
12/18/2016,3.761792331,123042827.1
12/19/2016,3.735224981,90109777.47
12/20/2016,3.750714853,85780899.24
12/21/2016,3.776845791,187370736.6
12/22/2016,3.680642423,267046993.9
12/23/2016,4.255776923,670798839
12/24/2016,4.433812622,880011632
12/25/2016,4.288032128,633635029.8
12/26/2016,4.240126644,523880160
12/27/2016,4.334959484,530176867.8
12/28/2016,4.519902961,579665840.1
12/29/2016,4.528668868,450777803.6
12/30/2016,4.376744281,561903111.1
12/31/2016,4.360699923,422383209.7
1/1/2017,4.50313867,427541120.7
1/2/2017,4.580076939,593716097.7
1/3/2017,4.590288311,527850180.9
1/4/2017,4.517413883,654930499.6
1/5/2017,4.217183361,674286714.5
1/6/2017,3.859345224,410261617.1
1/7/2017,3.949423628,386592916.2
1/8/2017,3.993548631,394588599.2
1/9/2017,4.308020554,436891062.6
1/10/2017,4.576078544,519449016
1/11/2017,3.909549467,662581445.6
1/12/2017,3.988931652,412317802.3
1/13/2017,3.917086278,241976138.4
1/14/2017,3.964493765,157639764.7
1/15/2017,3.906856005,47804957.01
1/16/2017,3.866965677,12169286.59
1/17/2017,3.919267851,26260719.53
1/18/2017,3.859539886,26839555.03
1/19/2017,3.855979489,21716106.83
1/20/2017,3.882579936,17383885.49
1/21/2017,3.889588244,16354757.48
1/22/2017,3.831383383,16386823.19
1/23/2017,3.825842081,10073093.83
1/24/2017,3.733508585,8449790.08
1/25/2017,3.76433294,8519552.698
1/26/2017,3.80723952,3311696.59
1/27/2017,3.847244697,3109803.799
1/28/2017,3.835598589,1986017.379
1/29/2017,3.820802222,1373922.608
1/30/2017,4.015240222,6460669.012
1/31/2017,4.053092911,8890133.676
2/1/2017,4.058349342,3759636.795
2/2/2017,4.064260632,3110832.016
2/3/2017,4.009327246,4898382.324
2/4/2017,3.99494478,4492513.272
2/5/2017,3.955997612,2880770.778
2/6/2017,3.957492115,3227147.593
2/7/2017,3.994632561,4294757.886
2/8/2017,3.952612357,3994836.587
2/9/2017,3.763917744,12173070.17
2/10/2017,3.835699008,4490255.315
2/11/2017,3.8503214,1799448.286
2/12/2017,3.799008342,1392790.71
2/13/2017,3.815184693,2895384.796
2/14/2017,3.823719585,2197621.328
2/15/2017,3.861838553,1468296.423
2/16/2017,3.90723941,2209246.864
2/17/2017,3.887032057,2249489.51
2/18/2017,3.82443507,1779904.811
2/19/2017,3.807478138,1426186.62
2/20/2017,3.835800844,1706441.642
2/21/2017,3.878016282,2302717.987
2/22/2017,3.905872837,2499165.539
2/23/2017,3.948915639,2336704.137
2/24/2017,3.94498645,3971750.33
2/25/2017,3.896115161,1913013.409
2/26/2017,3.925581527,1330880.342
2/27/2017,3.905889025,2010553.337
2/28/2017,3.88086053,2226224.716
3/1/2017,3.929510541,2858459.825
3/2/2017,4.03481153,6605704.43
3/3/2017,4.073324773,4571079.259
3/4/2017,4.016235372,1805282.449
3/5/2017,4.000983255,1496806.07
3/6/2017,4.084740293,2536859.08
3/7/2017,4.043466688,2753830.766
3/8/2017,3.852346345,2577126.329
3/9/2017,3.928085637,1898043.699
3/10/2017,3.747507526,4518577.383
3/11/2017,3.865894099,2089755.946
3/12/2017,3.973121595,1945532.79
3/13/2017,4.391176272,16025624.25
3/14/2017,4.233613763,4418028.452
3/15/2017,4.317155473,3861392.459
3/16/2017,4.368583318,7565303.765
3/17/2017,4.022531401,6447358.163
3/18/2017,3.987803858,7576514.244
3/19/2017,3.913204453,3745839.404
3/20/2017,4.001634222,2247285.924
3/21/2017,4.050875649,2845003.769
3/22/2017,3.942225223,3636412.5
3/23/2017,3.979628375,1672097.367
3/24/2017,4.141264685,7600280.103
3/25/2017,4.086412135,5199257.42
3/26/2017,4.024872733,2335288.61
3/27/2017,4.101844673,2965264.853
3/28/2017,4.197909891,2627418.347
3/29/2017,4.255970671,4782400.79
3/30/2017,7.118546736,131917505.6
3/31/2017,7.051257324,63816479.15
4/1/2017,7.105950579,37897846.82
4/2/2017,8.011578521,59087953.19
4/3/2017,8.391964061,70867720.17
4/4/2017,8.999616648,73563869.04
4/5/2017,11.6189617,154838468.8
4/6/2017,10.70658213,145147030.3
4/7/2017,9.907566312,67954435.57
4/8/2017,10.53153005,40525082.69
4/9/2017,10.43811982,33122136.6
4/10/2017,9.609696115,57310770.59
4/11/2017,9.485081905,40682563.31
4/12/2017,11.44483679,127105912.9
4/13/2017,10.77144385,49208787.72
4/14/2017,11.11447893,46697927.8
4/15/2017,11.27565261,38727890.77
4/16/2017,11.20523846,17903052.72
4/17/2017,11.17656918,77898919.53
4/18/2017,10.93377876,67950472.03
4/19/2017,10.29288536,43103929.99
4/20/2017,11.00367075,44934402.52
4/21/2017,11.96491012,82057726.64
4/22/2017,13.86778899,131397030.4
4/23/2017,15.0633655,162180425.3
4/24/2017,14.8972469,90086774.66
4/25/2017,15.1843787,100971464.7
4/26/2017,15.10287664,111241583.1
4/27/2017,14.87690871,105424844.7
4/28/2017,14.54975906,57446824.61
4/29/2017,16.42333989,77723415.15
4/30/2017,16.28221929,72082092.1
5/1/2017,15.89543085,102376366.2
5/2/2017,16.02352679,52716011.29
5/3/2017,21.17268762,327566691.4
5/4/2017,23.36520697,325927765.4
5/5/2017,26.19939625,461935867.6
5/6/2017,28.17579896,200116012.7
5/7/2017,30.19987801,282471621.3
5/8/2017,28.65602988,166397074.3
5/9/2017,30.06259064,306100677.1
5/10/2017,32.15007481,531328949
5/11/2017,30.35577464,269704026.4
5/12/2017,29.04581717,138141608.5
5/13/2017,28.04984351,151613720
5/14/2017,28.63876998,100704783.8
5/15/2017,25.43481705,195847492.9
5/16/2017,23.45749169,203766718.4
5/17/2017,25.56966936,240368702
5/18/2017,28.12199963,199492028
5/19/2017,27.35771614,161560947.3
5/20/2017,27.46551568,99490939.11
5/21/2017,26.13360095,142692393.8
5/22/2017,24.39283054,190563471.7
5/23/2017,31.66182981,281122724.7
5/24/2017,34.86116225,380323595
5/25/2017,28.712406,370841521
5/26/2017,24.0331527,255010637.1
5/27/2017,23.47597559,285584572.9
5/28/2017,23.97925576,182584536.4
5/29/2017,25.8742023,110035121.5
5/30/2017,23.99421439,98010273.64
5/31/2017,24.99562507,141367951.5
6/1/2017,27.94343084,251162485.3
6/2/2017,28.61918393,146876062.9
6/3/2017,27.48563662,131000593.5
6/4/2017,27.69338744,72189448.06
6/5/2017,30.51857791,180391807.7
6/6/2017,30.64884723,163545515.8
6/7/2017,28.48473627,113713226.2
6/8/2017,30.22377481,113469548.7
6/9/2017,29.56985003,88077803.08
6/10/2017,30.04467211,105062686.6
6/11/2017,33.39553174,210143569.4
6/12/2017,29.02408272,186577480.1
6/13/2017,30.13446706,78761514.07
6/14/2017,30.16963301,166539447.8
6/15/2017,29.99161907,166236425.3
6/16/2017,35.25251283,269273692.6
6/17/2017,47.75425397,1041548839
6/18/2017,46.26067119,596183362
6/19/2017,49.97706304,743454234.1
6/20/2017,48.04147429,348790350
6/21/2017,47.64519341,350032521.9
6/22/2017,47.87609892,231445114.5
6/23/2017,47.95754866,130483527.7
6/24/2017,44.67763185,139890897.1
6/25/2017,44.72055623,159180931.2
6/26/2017,40.96865144,272327969.3
6/27/2017,40.14372044,247973065.6
6/28/2017,42.64025766,196726467.4
6/29/2017,41.69043154,120516245.9
6/30/2017,41.12207781,80255667.65
7/1/2017,39.66735061,80312696.16
7/2/2017,41.74012533,126399632.6
7/3/2017,46.46190525,349496232.4
7/4/2017,54.94055714,533812123.8
7/5/2017,53.18472546,367820239.4
7/6/2017,51.34961527,159698130.6
7/7/2017,46.91019659,254504449.7
7/8/2017,52.22538089,307404069.5
7/9/2017,49.13912041,184603569.6
7/10/2017,46.12232233,183020952.8
7/11/2017,45.17531656,202185644.4
7/12/2017,48.11205348,191140947.3
7/13/2017,46.32610553,125125818.7
7/14/2017,42.47270435,165084741.2
7/15/2017,39.35991647,160383040.8
7/16/2017,40.97772265,194934382.6
7/17/2017,42.23544371,174770974.5
7/18/2017,43.96968266,204857736.2
7/19/2017,40.80831185,125881990.8
7/20/2017,44.55947781,186082595.2
7/21/2017,45.68116176,171759823.2
7/22/2017,46.53643287,84250578.76
7/23/2017,44.35164193,102841058.6
7/24/2017,44.68535423,74085761.9
7/25/2017,42.27705394,103883871
7/26/2017,41.79791534,75157427.1
7/27/2017,42.01199566,51682007.14
7/28/2017,40.61344391,91184315.3
7/29/2017,41.08911835,67955805.03
7/30/2017,40.33551669,45401186.37
7/31/2017,43.25623142,116716645.7
8/1/2017,43.08605842,114291304.1
8/2/2017,41.97360874,61890277.21
8/3/2017,42.74834016,57849172.89
8/4/2017,43.40667948,62401608.45
8/5/2017,46.80635713,137955383.8
8/6/2017,45.04970041,87806515.82
8/7/2017,45.61671649,68335972.06
8/8/2017,48.68083406,121911252.6
8/9/2017,48.11294347,147273811.9
8/10/2017,46.44733435,77396219.56
8/11/2017,46.51484864,83055441.03
8/12/2017,46.05202451,94112549.04
8/13/2017,45.49699129,152507955.4
8/14/2017,45.17536672,78683792.28
8/15/2017,43.18263755,132155267.2
8/16/2017,43.86004205,87220765.18
8/17/2017,43.82756023,87186150.88
8/18/2017,46.02803741,166520023.9
8/19/2017,45.92085891,136148932.6
8/20/2017,46.30764109,75846080.05
8/21/2017,47.63030339,115216386.9
8/22/2017,46.2697021,100296455.4
8/23/2017,53.34111202,303881498.7
8/24/2017,49.37388731,223964302.4
8/25/2017,50.59337009,97396636.05
8/26/2017,51.0552495,85720136.33
8/27/2017,60.5734344,522262557.9
8/28/2017,61.78499022,336960257.1
8/29/2017,62.58837804,171372832.6
8/30/2017,64.70913445,126135698.7
8/31/2017,72.07096119,401750472.3
9/1/2017,85.74900643,1004841970
9/2/2017,78.59617272,788251049.4
9/3/2017,78.61096175,421115487.5
9/4/2017,67.71412285,540443272.2
9/5/2017,73.17978579,575256828.8
9/6/2017,80.32849215,458836837.3
9/7/2017,79.07488176,275890229.2
9/8/2017,72.45067652,411561540.6
9/9/2017,69.88536259,205808273.2
9/10/2017,65.72967307,263083942.2
9/11/2017,67.48372303,216855351.7
9/12/2017,64.73901109,353552678.4
9/13/2017,61.90524501,412442097
9/14/2017,41.97670147,580293129.7
9/15/2017,48.40544194,1285348362
9/16/2017,48.64087023,447653727.6
9/17/2017,48.72887672,206604311.4
9/18/2017,53.67176571,332753265.9
9/19/2017,51.94908938,239846520.5
9/20/2017,50.27791059,125455371.8
9/21/2017,46.3084211,200857838.3
9/22/2017,47.66782053,188910214.3
9/23/2017,48.62027892,118569111.7
9/24/2017,47.00506997,65877415.91
9/25/2017,50.76190277,174668224.8
9/26/2017,51.21643126,149559785.7
9/27/2017,55.25331774,186778754
9/28/2017,53.22902373,169677846.9
9/29/2017,51.79012111,154896418.8
9/30/2017,54.38356599,105840949.4
10/1/2017,53.99049575,80305648.33
10/2/2017,53.15837673,76504280.02
10/3/2017,52.07234798,67468069.39
10/4/2017,51.39603139,61524791.32
10/5/2017,51.40244889,54277539.95
10/6/2017,51.91891052,44817534.72
10/7/2017,52.21251891,38758320.36
10/8/2017,52.94602111,81816121.4
10/9/2017,49.72308039,123267165.6
10/10/2017,50.57011903,72947152.68
10/11/2017,50.708732,45029158.26
10/12/2017,59.33263137,282760399.9
10/13/2017,59.20621028,304901933.6
10/14/2017,63.91116374,259103876.8
10/15/2017,65.29738471,387907101.7
10/16/2017,64.4988055,163880018.3
10/17/2017,59.83183002,164178399.5
10/18/2017,60.79644893,239507219.3
10/19/2017,59.80946071,134010762.7
10/20/2017,59.97333457,117595484.4
10/21/2017,58.08103649,109463825.6
10/22/2017,56.54888451,71828451.99
10/23/2017,54.87817133,142841886.1
10/24/2017,55.84174923,161693505.7
10/25/2017,56.25756698,87463926.72
10/26/2017,55.73368265,62105188.07
10/27/2017,55.26493544,55749742.96
10/28/2017,54.43146186,50084903.38
10/29/2017,56.85374883,105808356.4
10/30/2017,56.14246067,101003450.4
10/31/2017,54.94787261,71091239.66
11/1/2017,53.18318697,65809140.22
11/2/2017,54.84768764,189479345.4
11/3/2017,56.20849969,121058847.6
11/4/2017,55.03892515,63590993.27
11/5/2017,54.95874528,63826454.67
11/6/2017,55.47516883,108248831.9
11/7/2017,61.47069102,350226331.6
11/8/2017,62.51797398,296911144.5
11/9/2017,64.53757665,234544854.6
11/10/2017,59.37131834,236641632.2
11/11/2017,62.61217035,225678506.9
11/12/2017,58.91611215,252693647.9
11/13/2017,61.16304184,154318143.1
11/14/2017,63.33799073,71548628.7
11/15/2017,63.88631542,154600784.1
11/16/2017,71.42738558,341671323.6
11/17/2017,67.90577248,300545245.8
11/18/2017,69.80076052,131948320.2
11/19/2017,71.45132808,191868243.3
11/20/2017,72.26766674,147064439.2
11/21/2017,70.02211801,185395856.4
11/22/2017,71.97782484,113140280.1
11/23/2017,73.96571644,242707934.1
11/24/2017,77.81584401,203760399.3
11/25/2017,89.49232212,379755243
11/26/2017,86.68395636,322438922.5
11/27/2017,91.99766819,324943746.7
11/28/2017,97.46898886,270399633.5
11/29/2017,85.84395412,589885845.3
11/30/2017,90.51631207,349874931.3
12/1/2017,99.62115771,408707984.1
12/2/2017,101.3360772,287291116.2
12/3/2017,101.0434993,263006241.4
12/4/2017,103.4586735,194036372.7
12/5/2017,105.5040826,178291114.4
12/6/2017,97.66539131,68408100
12/7/2017,102.9308086,384547067.3
12/8/2017,126.3870055,1149765118
12/9/2017,156.1024453,1998936820
12/10/2017,151.3237753,830076638.8
12/11/2017,218.5143091,2414991571
12/12/2017,320.9074113,5741323285
12/13/2017,305.2770423,2322306674
12/14/2017,277.6599948,1179356486
12/15/2017,303.1061081,2190411249
12/16/2017,300.8120156,997015712
12/17/2017,322.5187839,1332507148
12/18/2017,360.6617617,1489089627
12/19/2017,355.4989451,1730705298
12/20/2017,310.1493566,1489073065
12/21/2017,315.1519773,1031645217
12/22/2017,261.5298603,2083304925
12/23/2017,288.0831029,803239672.7
12/24/2017,278.4641352,655481444.2
12/25/2017,270.8673658,467761703.8
12/26/2017,294.9908353,620019112.6
12/27/2017,271.5379785,530760201.1
12/28/2017,254.0390847,635697629.3
12/29/2017,248.0700881,543626255.6
12/30/2017,223.4003252,569490495.3
12/31/2017,237.5714162,411316764.3
1/1/2018,230.4621203,365432350.4
1/2/2018,255.048185,812530211.3
1/3/2018,248.0421936,618490220
1/4/2018,244.8343724,845373432.7
1/5/2018,254.1385251,833526015.9
1/6/2018,289.9300334,1487931537
1/7/2018,278.9759817,667642738.6
1/8/2018,263.7463834,1025197262
1/9/2018,258.7199646,790812334.8
1/10/2018,253.7921714,809540658
1/11/2018,233.3433472,870129604.1
1/12/2018,246.1918865,584082051.3
1/13/2018,268.3681153,722028981.2
1/14/2018,247.801155,752643598.8
1/15/2018,241.1518061,473284999.5
1/16/2018,189.4731284,1234195162
1/17/2018,188.9409013,1301544299
1/18/2018,194.7553386,816826523.6
1/19/2018,194.5835014,441196407.8
1/20/2018,214.4069155,406540749.8
1/21/2018,191.5864762,367248175.6
1/22/2018,179.9210584,409587562.8
1/23/2018,178.0421117,372431600.8
1/24/2018,178.9696125,290174800.9
1/25/2018,179.0631438,289446568.9
1/26/2018,175.061498,301481465.1
1/27/2018,179.6483041,232570961
1/28/2018,191.9302771,291371460
1/29/2018,179.2810953,238266079.8
1/30/2018,177.688529,236686604.4
1/31/2018,163.5329348,365404487.5
2/1/2018,161.4074061,307281486.3
2/2/2018,141.661682,470475466
2/3/2018,131.3843786,742356788.2
2/4/2018,154.2583658,593393035
2/5/2018,150.9313657,917168690.3
2/6/2018,122.6449059,743924256.2
2/7/2018,142.4393322,1087347746
2/8/2018,137.9204765,751707208.7
2/9/2018,148.4194856,762505832.2
2/10/2018,161.6947813,649191651
2/11/2018,154.9247191,506103793.6
2/12/2018,151.2637897,439879729.5
2/13/2018,161.9428096,478445229.8
2/14/2018,157.8928778,425871546.1
2/15/2018,213.3614873,2094692583
2/16/2018,222.3725841,1732096624
2/17/2018,230.5204784,1199024836
2/18/2018,228.9466501,751814865.9
2/19/2018,215.0420021,876383865.5
2/20/2018,221.2380112,673874709.6
2/21/2018,238.1022946,1427563049
2/22/2018,195.0100438,859550172
2/23/2018,196.2373307,869176090.1
2/24/2018,210.5902174,954837690.8
2/25/2018,205.4427655,795082908.4
2/26/2018,220.4504679,929725026.1
2/27/2018,222.0904368,1147324136
2/28/2018,216.560322,771009460.9
3/1/2018,202.5579972,657073900.1
3/2/2018,208.0688677,596165241.6
3/3/2018,207.333839,542420704.3
3/4/2018,208.9013593,642329499.4
3/5/2018,208.6267162,504225851.6
3/6/2018,209.1315433,524739500.8
3/7/2018,196.1597757,603610170.2
3/8/2018,186.4745951,707449032.2
3/9/2018,177.3479452,567339095.4
3/10/2018,187.8738317,882705421.5
3/11/2018,179.3687384,594219025.8
3/12/2018,187.460394,615610003.7
3/13/2018,179.0125452,523942120.7
3/14/2018,175.5249283,425938525.1
3/15/2018,161.9014115,453994813.4
3/16/2018,165.9046496,554579271.3
3/17/2018,168.0063128,411342667.3
3/18/2018,155.7490756,386571756.5
3/19/2018,153.7747262,570010753.7
3/20/2018,161.2085004,398325941
3/21/2018,168.1703198,449055450.4
3/22/2018,169.0262744,424569643.9
3/23/2018,163.2309543,366710942.9
3/24/2018,167.6601431,311016441
3/25/2018,158.2038629,251505035.8
3/26/2018,158.8584881,205391367.7
3/27/2018,148.2252227,376518205.1
3/28/2018,135.5940434,347179875
3/29/2018,130.524123,299388607.9
3/30/2018,114.3168799,442707367.9
3/31/2018,118.7299444,431547682.8
4/1/2018,116.1955805,253392043
4/2/2018,114.6906497,240466838.4
4/3/2018,118.6505415,232389358.2
4/4/2018,134.0139122,336170990.9
4/5/2018,118.2547907,326157332.1
4/6/2018,119.2012228,252288631.3
4/7/2018,112.2156714,193337156.8
4/8/2018,114.8276744,175208936.3
4/9/2018,115.9969023,150448729.1
4/10/2018,114.3129561,220540317.4
4/11/2018,113.2201059,167959076.6
4/12/2018,117.5123301,186222506.1
4/13/2018,128.1331775,553885730.5
4/14/2018,124.297875,415880099.1
4/15/2018,124.1746814,217218620.6
4/16/2018,130.4588138,235961898.2
4/17/2018,127.4667727,249451253.2
4/18/2018,132.326249,486694561.2
4/19/2018,138.6960307,328245114.3
4/20/2018,145.8723165,352069636.3
4/21/2018,151.2684186,391726143.9
4/22/2018,147.4024772,416604173.7
4/23/2018,145.5135876,273478985.5
4/24/2018,150.781388,312556895
4/25/2018,165.0834287,572297202.3
4/26/2018,143.880451,561313357.6
4/27/2018,152.4691556,346996125.5
4/28/2018,144.5976895,327077083.4
4/29/2018,149.8508629,281833947
4/30/2018,151.6368915,320293997.7
5/1/2018,146.731182,277034735.6
5/2/2018,146.5240081,276851629.2
5/3/2018,149.1472492,272309366.6
5/4/2018,161.3575476,199267069
5/5/2018,167.6107458,562438169.8
5/6/2018,176.7058861,659826539.8
5/7/2018,170.7962173,544633230.3
5/8/2018,163.3291529,482391283.3
5/9/2018,157.8551236,390895725.1
5/10/2018,155.1768238,363268745.9
5/11/2018,146.7086631,338898788
5/12/2018,135.8842378,451541584.4
5/13/2018,141.3358086,342070034
5/14/2018,143.3887324,312265201.8
5/15/2018,147.3868068,505693371.7
5/16/2018,138.829411,330038472.5
5/17/2018,138.2208216,278313680
5/18/2018,131.6109567,251070488.6
5/19/2018,134.6957057,284554814.8
5/20/2018,133.2591367,229791054.7
5/21/2018,137.413847,233703909.5
5/22/2018,132.815662,220296944
5/23/2018,127.3255302,219953599.3
5/24/2018,118.6162366,298791768.6
5/25/2018,121.8010941,275002853.3
5/26/2018,118.4613093,222634539
5/27/2018,117.3035063,191162664.2
5/28/2018,116.5723471,184744423.6
5/29/2018,110.3772907,221581776.8
5/30/2018,118.5419855,267741761.7
5/31/2018,116.585349,228955807
6/1/2018,117.2794169,224865252.2
6/2/2018,118.9068853,220949587.9
6/3/2018,121.5699373,233895519.4
6/4/2018,123.2721967,244728144.5
6/5/2018,118.4834031,223987957.3
6/6/2018,120.4121434,232879852.6
6/7/2018,120.007362,258414776.2
6/8/2018,119.7596443,291920238.6
6/9/2018,118.2886115,218197855.1
6/10/2018,115.1493445,175213158.5
6/11/2018,106.1865235,325319689.2
6/12/2018,106.5883668,251438237.6
6/13/2018,100.0307135,273137786.8
6/14/2018,93.60424908,309351015.4
6/15/2018,100.374727,309502550.3
6/16/2018,95.24368841,237811475.5
6/17/2018,95.86381386,211393666.6
6/18/2018,94.26164443,191565718.4
6/19/2018,97.69066868,231674344.2
6/20/2018,97.97865317,229189856.9
6/21/2018,96.75047827,213094271.3
6/22/2018,95.89075976,227415302
6/23/2018,85.15034934,418027732
6/24/2018,82.82752474,417694950
6/25/2018,80.75750689,413068252
6/26/2018,81.48473683,404539048
6/27/2018,75.59326967,277286377.9
6/28/2018,79.96550295,251239398.1
6/29/2018,74.6487282,253738876.1
6/30/2018,78.42011362,276122722.5
7/1/2018,80.7189737,280821808.9
7/2/2018,79.18262514,316407181.9
7/3/2018,84.74967232,337538659.4
7/4/2018,84.53041751,352267958.2
7/5/2018,84.88173147,399939764.3
7/6/2018,82.93891309,323449445.5
7/7/2018,82.88463462,273382900.7
7/8/2018,84.50029739,274273728.2
7/9/2018,81.94227892,267263564
7/10/2018,80.1458845,270487813
7/11/2018,75.62677421,328122065.3
7/12/2018,77.80533081,377707561.1
7/13/2018,76.16454184,251655979.9
7/14/2018,76.36657935,286073325.8
7/15/2018,75.92037921,238517229.9
7/16/2018,77.77948804,255679609.1
7/17/2018,83.58247696,384656309.3
7/18/2018,88.61836332,387257702.9
7/19/2018,85.91424187,399568535
7/20/2018,85.64467237,319810490.9
7/21/2018,81.61309395,268694971.8
7/22/2018,83.06407881,229120827.4
7/23/2018,82.0161568,305404745.8
7/24/2018,81.62616683,383828193
7/25/2018,89.01009937,515632726.8
7/26/2018,86.23869664,377626587.9
7/27/2018,83.36509886,271894611.1
7/28/2018,84.03873524,284200561.4
7/29/2018,83.52861053,798335941.4
7/30/2018,83.78014669,937857167.3
7/31/2018,82.71207013,301759049.5
8/1/2018,78.74951518,363592538
8/2/2018,77.76038403,673575113.9
8/3/2018,76.09387856,293494547.3
8/4/2018,77.48498328,372486395.2
8/5/2018,73.07578142,361309626.7
8/6/2018,74.47702553,322055699.5
8/7/2018,73.55085898,333248961
8/8/2018,67.95803448,152326342.1
8/9/2018,62.03249795,379207630.3
8/10/2018,63.38488958,352389825.9
8/11/2018,59.04290154,266976030.2
8/12/2018,57.7805908,287183205
8/13/2018,59.35194676,253877912
8/14/2018,56.78013383,274425935.2
8/15/2018,54.17861746,394734433
8/16/2018,54.28578741,415681790
8/17/2018,55.20215353,353373818.7
8/18/2018,61.47176516,398191595.6
8/19/2018,57.03184793,355326561
8/20/2018,57.80860252,282783585
8/21/2018,53.75570265,353141207
8/22/2018,56.46311848,312302734.9
8/23/2018,55.32681589,393012512.1
8/24/2018,57.31467691,309859021.3
8/25/2018,57.85015609,282690004
8/26/2018,57.89206557,259039455.2
8/27/2018,56.96336839,266165600.6
8/28/2018,60.6765071,305858621.9
8/29/2018,63.36461191,366077805
8/30/2018,61.68645769,425489008.3
8/31/2018,60.18044433,394265672.4
9/1/2018,62.05226226,326662792.5
9/2/2018,66.46681114,456529324.2
9/3/2018,66.20848047,335734303.3
9/4/2018,65.37599693,480483160.6
9/5/2018,67.6559373,551165657.9
9/6/2018,59.01983514,568766932.9
9/7/2018,57.41658645,455864162.2
9/8/2018,55.75700637,419430673.1
9/9/2018,53.02124421,446317628.4
9/10/2018,54.78760162,437805400.5
9/11/2018,54.30349828,431900981.6
9/12/2018,51.73932425,463092569.8
9/13/2018,51.78280104,483936824.4
9/14/2018,54.57076763,548966683.4
9/15/2018,56.62711648,495097526.5
9/16/2018,56.70904368,455006563.2
9/17/2018,56.82796365,431205701.6
9/18/2018,52.24179094,483309754.8
9/19/2018,54.21421559,482645992.9
9/20/2018,54.19474803,460461037
9/21/2018,56.53424638,541204625.4
9/22/2018,60.81121247,534295541.1
9/23/2018,60.83230424,437629621.7
9/24/2018,61.5747062,517589598.7
9/25/2018,57.9712557,517127127.8
9/26/2018,57.76468074,535049758.6
9/27/2018,57.33768532,404545784.4
9/28/2018,63.3099992,677225362
9/29/2018,61.98121172,565375463.4
9/30/2018,61.58886906,436432030.7
10/1/2018,61.1999726,516221192.2
10/2/2018,60.38502542,520776756.8
10/3/2018,59.61992823,489810107.2
10/4/2018,57.55550599,552562394.7
10/5/2018,58.31776189,446373730.3
10/6/2018,58.86675542,455632863.3
10/7/2018,57.94556306,452266028.6
10/8/2018,58.29006388,520505167.9
10/9/2018,59.58971583,461139351.4
10/10/2018,58.84129805,420076506.8
10/11/2018,58.02620459,445664918.6
10/12/2018,51.30214861,541788697
10/13/2018,53.73520929,414080832
10/14/2018,53.93122558,367390074.1
10/15/2018,52.48165902,383861468.4
10/16/2018,55.67753951,791981791
10/17/2018,54.94816673,437782992.1
10/18/2018,54.76610986,499764812.2
10/19/2018,52.83990687,615535180.1
10/20/2018,53.41453402,530493040.8
10/21/2018,53.92745423,542218818.5
10/22/2018,53.24742288,550958694.8
10/23/2018,52.70468586,500471051.3
10/24/2018,52.71373342,530751962.7
10/25/2018,52.5313681,487208380
10/26/2018,52.28584395,571307173.6
10/27/2018,52.21902611,594834991.8
10/28/2018,51.9181404,562394894.7
10/29/2018,51.92427253,502346940.1
10/30/2018,48.83848139,688230920.9
10/31/2018,49.16100683,523601286.4
11/1/2018,49.85599625,492670260.4
11/2/2018,50.39359645,601590416.8
11/3/2018,51.7350365,518696063.2
11/4/2018,51.03496098,527673584.4
11/5/2018,53.32737077,699865994.5
11/6/2018,53.40720748,711935200.8
11/7/2018,55.8287612,625827602.4
11/8/2018,54.24926811,650212823.8
11/9/2018,52.67812212,624625160
11/10/2018,52.18620849,690263232.7
11/11/2018,52.37586696,734606783.5
11/12/2018,51.62525328,524685649.2
11/13/2018,50.9523619,509584527.2
11/14/2018,50.05774062,503989638.9
11/15/2018,44.16088393,795302063.3
11/16/2018,44.357494,767632286.4
11/17/2018,42.56261053,494301831.7
11/18/2018,42.20476585,422802189.6
11/19/2018,42.37473601,426092578.5
11/20/2018,36.96719189,1057905126
11/21/2018,33.18095466,761410918.1
11/22/2018,34.84013072,604714271.2
11/23/2018,31.98518068,516602821.6
11/24/2018,32.46366568,551551362.4
11/25/2018,29.47329848,485813329.5
11/26/2018,31.30971063,715038515.4
11/27/2018,29.89870436,623467618.5
11/28/2018,31.36145284,581089531.8
11/29/2018,34.70173012,721420913.8
11/30/2018,33.836247,581645151.1
12/1/2018,32.01189402,487216769.2
12/2/2018,34.20941109,533294125
12/3/2018,33.55967966,513867292.7
12/4/2018,30.94579718,516325746.5
12/5/2018,31.04076138,461999612.9
