Date,Monero_price,Monero_volume
5/21/2014,2.47372,499432
5/22/2014,1.40562,242608
5/23/2014,3.14761,216518
5/25/2014,3.53134,305774
5/26/2014,2.770516375,215916.347
5/27/2014,2.056431173,104615.7536
5/28/2014,2.34336853,173422.1354
5/29/2014,1.921884,66382.94512
5/30/2014,1.739067896,114859.8343
5/31/2014,1.91272848,112626.8449
6/1/2014,1.542789697,140732.8715
6/2/2014,1.727336351,48335.7215
6/3/2014,1.982103872,91906.0102
6/4/2014,1.763254075,51748.48861
6/5/2014,1.842686581,0
6/6/2014,1.816170486,0
6/7/2014,1.309933683,45637.21795
6/8/2014,1.257650695,32279.37781
6/9/2014,1.543736481,51114.01592
6/10/2014,1.64805881,172940.8068
6/11/2014,1.606587285,86466.22096
6/12/2014,1.685088269,97671.22517
6/13/2014,1.843542017,84810.21227
6/14/2014,2.33700213,271449.9161
6/15/2014,2.48007591,139903.3397
6/16/2014,3.12435796,376118.645
6/17/2014,2.987230979,261551.0201
6/18/2014,2.77930421,190219.4843
6/19/2014,3.024640274,268268.9389
6/20/2014,4.363278467,592125.8871
6/21/2014,5.007225272,764332.8482
6/22/2014,4.200782575,495630.6645
6/23/2014,3.84147319,432965.6368
6/24/2014,3.240931929,423778.1838
6/25/2014,3.249689161,248355.8864
6/26/2014,2.907025222,114659.2449
6/27/2014,2.184047037,224994.6607
6/28/2014,2.546134915,189069.2684
6/29/2014,2.528477292,138289.4454
6/30/2014,2.461680174,117781.0296
7/1/2014,2.36677816,97727.93603
7/2/2014,2.295130199,98121.86444
7/3/2014,2.624550359,171580.9793
7/4/2014,2.630907239,146101.1226
7/5/2014,2.453088614,68590.02034
7/6/2014,2.380889475,77371.36523
7/7/2014,1.959195821,103255.9592
7/8/2014,2.278167212,98714.72286
7/9/2014,1.993598607,67186.84209
7/10/2014,1.885925884,86166.40498
7/11/2014,1.789565669,115935.1237
7/12/2014,1.720446529,60543.19269
7/13/2014,1.763727187,114597.9626
7/14/2014,1.965316148,96127.41667
7/15/2014,2.101901515,127487.8537
7/16/2014,2.751842157,358842.76
7/17/2014,3.053012846,728093.0596
7/18/2014,2.595511729,310199.0621
7/19/2014,2.871306495,156428.4369
7/20/2014,2.616289864,111655.4733
7/21/2014,3.087791903,256387.743
7/22/2014,3.187961157,263701.9689
7/23/2014,2.948799382,271655.3939
7/24/2014,2.373928349,272453.5157
7/25/2014,2.476452752,261348.2014
7/26/2014,2.613561178,122755.1036
7/27/2014,2.549298259,111765.6765
7/28/2014,2.683307248,147195.1616
7/29/2014,2.602916672,260906.4799
7/30/2014,2.507840447,78804.15377
7/31/2014,2.55681918,107632.8562
8/1/2014,2.63975534,146416.3349
8/2/2014,2.495971999,96449.51459
8/3/2014,2.358410816,140912.4098
8/4/2014,1.998827235,214525.8942
8/5/2014,2.152275221,94283.14655
8/6/2014,2.185339067,74925.78163
8/7/2014,2.135450182,85823.60946
8/8/2014,2.172537178,86460.11193
8/9/2014,2.097593545,71363.40045
8/10/2014,2.034368455,79031.89218
8/11/2014,2.0694984,134071.6872
8/12/2014,1.989879219,110864.9975
8/13/2014,1.888288748,89003.7784
8/14/2014,1.74270068,99105.12933
8/15/2014,1.597821555,178681.904
8/16/2014,1.586734251,81561.85891
8/17/2014,1.465077937,68871.23705
8/18/2014,1.440732959,105454.6705
8/19/2014,1.653704515,101165.8478
8/20/2014,1.840476371,278696.1972
8/21/2014,1.803557891,138300.3788
8/22/2014,1.787759469,115336.5632
8/23/2014,1.808553288,80621.23759
8/24/2014,1.955915441,113330.7541
8/25/2014,2.034747265,181173.9313
8/26/2014,2.000837353,187331.8859
8/27/2014,1.998504059,123385.9024
8/28/2014,2.23680761,251480.0429
8/29/2014,2.204504667,215093.7582
8/30/2014,2.468147518,266692.6083
8/31/2014,2.217483872,302258.1465
9/1/2014,2.05678584,265185.9827
9/2/2014,1.941351502,216082.5179
9/3/2014,2.019060119,155494.1739
9/4/2014,2.044559534,187857.5718
9/5/2014,1.964077491,167714.0389
9/6/2014,1.933826799,118123.3846
9/7/2014,1.862818065,151200.8699
9/8/2014,1.873643871,159630.7581
9/9/2014,1.762171242,126874.6763
9/10/2014,1.956469401,276433.9781
9/11/2014,1.929921772,167558.1239
9/12/2014,1.862221256,163805.9907
9/13/2014,1.82107019,155892.0225
9/14/2014,1.807990078,121265.5216
9/15/2014,1.892573358,132466.1077
9/16/2014,1.827644773,146587.1275
9/17/2014,1.742448655,287682.6646
9/18/2014,1.568138915,255054.1069
9/19/2014,1.45034406,172162.1203
9/20/2014,1.26810249,346511.2167
9/21/2014,1.28123264,244432.9682
9/22/2014,1.248909309,134332.8412
9/23/2014,1.455539854,206265.5833
9/24/2014,1.499367928,117841.6531
9/25/2014,1.38618723,123636.6978
9/26/2014,1.381108292,81550.92561
9/27/2014,1.301639296,95507.67387
9/28/2014,1.215581763,83532.61566
9/29/2014,1.141412319,82381.34278
9/30/2014,1.218564649,82516.52314
10/1/2014,1.191655534,64083.22967
10/2/2014,1.180498743,62372.13442
10/3/2014,1.090699447,113088.3688
10/4/2014,0.982204983,65435.90075
10/5/2014,0.893659004,86248.11072
10/6/2014,0.98004408,68284.52685
10/7/2014,0.991089804,67894.76811
10/8/2014,1.089599715,117194.9697
10/9/2014,1.08859434,64215.82379
10/10/2014,1.130550332,123138.9949
10/11/2014,1.074588958,81128.5871
10/12/2014,1.072619326,57869.50415
10/13/2014,1.095942949,91751.1686
10/14/2014,1.072488279,61640.02071
10/15/2014,0.982716905,102435.3335
10/16/2014,0.991164792,58645.30411
10/17/2014,0.964447289,62627.8313
10/18/2014,0.959551883,59662.82348
10/19/2014,0.98977503,47665.86718
10/20/2014,0.938997557,83309.149
10/21/2014,0.947665128,50187.47809
10/22/2014,0.937859886,62002.57819
10/23/2014,0.846666669,101339.3132
10/24/2014,0.753465662,51081.54703
10/25/2014,0.739252278,55679.22533
10/26/2014,0.680523241,36007.38811
10/27/2014,0.71328245,151915.6315
10/28/2014,0.677423841,83308.94311
10/29/2014,0.628530168,23809.48814
10/30/2014,0.611393277,46616.18817
10/31/2014,0.606707373,36309.47202
11/1/2014,0.581893826,32297.17348
11/2/2014,0.575255484,21929.1069
11/3/2014,0.569500859,39612.82252
11/4/2014,0.548017949,32458.27812
11/5/2014,0.568475655,24617.22932
11/6/2014,0.58546179,27346.04351
11/7/2014,0.613677219,29898.20385
11/8/2014,0.63715198,39947.45604
11/9/2014,0.719293648,43779.9735
11/10/2014,0.728303385,66647.31466
11/11/2014,0.711465369,28792.31
11/12/2014,0.722054474,70226.20231
11/13/2014,0.694433758,40167.52884
11/14/2014,0.684665594,65663.45623
11/15/2014,0.642415602,30451.22939
11/16/2014,0.651971391,26000.27896
11/17/2014,0.580727719,147551.7218
11/18/2014,0.598573919,49846.93038
11/19/2014,0.55292925,24829.00961
11/20/2014,0.520573882,22143.43446
11/21/2014,0.536756419,31334.37422
11/22/2014,0.532179569,27264.64695
11/23/2014,0.52515858,28643.04975
11/24/2014,0.536569865,35602.50862
11/25/2014,0.598425202,85003.72246
11/26/2014,0.558374514,28310.69869
11/27/2014,0.554135635,9862.899862
11/28/2014,0.564963809,16787.78982
11/29/2014,0.567565726,16620.48902
11/30/2014,0.562695739,14234.97993
12/1/2014,0.480976258,73892.48747
12/2/2014,0.527415049,20582.92957
12/3/2014,0.506679723,25166.71015
12/4/2014,0.454258769,16968.36366
12/5/2014,0.427878708,45934.51894
12/6/2014,0.442002502,18467.57489
12/7/2014,0.469525051,21703.10285
12/8/2014,0.447403307,34334.09471
12/9/2014,0.387558591,27312.44171
12/10/2014,0.395045249,17811.62084
12/11/2014,0.398518885,22398.77969
12/12/2014,0.374366857,15559.65214
12/13/2014,0.376165932,17352.68496
12/14/2014,0.386093753,13338.13026
12/15/2014,0.381515993,23202.10983
12/16/2014,0.338951177,39009.95785
12/17/2014,0.339474738,34642.39128
12/18/2014,0.31438665,16910.04396
12/19/2014,0.322619645,15659.63162
12/20/2014,0.334830851,12221.23969
12/21/2014,0.344311944,23859.72681
12/22/2014,0.342774188,18727.95348
12/23/2014,0.380727195,25501.62847
12/24/2014,0.419050979,65740.47338
12/25/2014,0.45431903,56084.31218
12/26/2014,0.433395877,34235.65472
12/27/2014,0.525551277,108452.4591
12/28/2014,0.567757574,117899.1938
12/29/2014,0.488242772,61791.08479
12/30/2014,0.48872274,68368.50688
12/31/2014,0.426334288,35115.18567
1/1/2015,0.466181517,25897.14178
1/2/2015,0.468604546,39572.72086
1/3/2015,0.479987968,44998.23849
1/4/2015,0.405710263,30417.29167
1/5/2015,0.419620608,34894.90654
1/6/2015,0.460105122,34234.66933
1/7/2015,0.465958249,22259.12895
1/8/2015,0.435425318,18123.03982
1/9/2015,0.42112522,17696.08543
1/10/2015,0.416878951,23182.67466
1/11/2015,0.382401624,12997.30376
1/12/2015,0.363511015,11892.86227
1/13/2015,0.302582319,12233.58334
1/14/2015,0.216176653,21322.01321
1/15/2015,0.262722285,14340.27967
1/16/2015,0.278097188,14572.457
1/17/2015,0.242146723,12659.23244
1/18/2015,0.257059474,12166.53044
1/19/2015,0.256153391,17473.27562
1/20/2015,0.239657824,8200.592386
1/21/2015,0.254827255,9703.789167
1/22/2015,0.271806331,15578.67774
1/23/2015,0.280765606,12379.19938
1/24/2015,0.306921095,16271.93062
1/25/2015,0.324097392,25355.9984
1/26/2015,0.314548546,28820.78135
1/27/2015,0.300473642,22251.28377
1/29/2015,0.318543458,28963.93634
1/30/2015,0.296891877,22303.41157
1/31/2015,0.286744854,10159.94273
2/1/2015,0.303784426,17831.80694
2/2/2015,0.299521413,16109.75452
2/3/2015,0.285462442,11371.19543
2/4/2015,0.280402905,19205.69452
2/5/2015,0.272544721,13563.09897
2/6/2015,0.269157996,13672.16031
2/7/2015,0.274864332,12521.85346
2/8/2015,0.263257472,11404.03501
2/9/2015,0.252716765,12757.85016
2/10/2015,0.244303418,14362.56073
2/11/2015,0.232195192,22324.26095
2/12/2015,0.248052289,26317.86451
2/13/2015,0.256009246,12743.59378
2/14/2015,0.281294468,19620.64346
2/15/2015,0.252894532,13440.86315
2/16/2015,0.252957504,8798.875259
2/17/2015,0.252197683,16573.72468
2/18/2015,0.239958513,32781.95533
2/19/2015,0.282298753,35653.76195
2/20/2015,0.302861428,24093.8371
2/21/2015,0.302271351,14759.89216
2/22/2015,0.312443765,30475.45547
2/23/2015,0.333022494,83941.05552
2/24/2015,0.349848224,73329.64087
2/25/2015,0.365986484,36454.88789
2/26/2015,0.357104269,31111.00566
2/27/2015,0.385921421,35440.76741
2/28/2015,0.416520461,67895.57286
3/1/2015,0.419848075,23600.00502
3/2/2015,0.42057786,67354.46221
3/3/2015,0.41306303,22599.72725
3/4/2015,0.413111738,22090.88759
3/5/2015,0.471412304,47650.38286
3/6/2015,0.485652101,76615.93696
3/7/2015,0.464289387,24403.65166
3/8/2015,0.489297765,40440.93833
3/9/2015,0.666208647,118683.1233
3/10/2015,0.792102505,200926.0664
3/11/2015,0.714563299,94309.08981
3/12/2015,0.679270804,66492.48252
3/13/2015,0.645775859,59277.87422
3/14/2015,0.663494959,86732.43502
3/15/2015,0.686349075,67660.43677
3/16/2015,0.794329188,115175.5708
3/17/2015,0.7479342,60562.51542
3/18/2015,0.634239891,50930.08445
3/19/2015,0.676779089,53712.39112
3/20/2015,0.641033397,28389.34167
3/21/2015,0.744612863,62423.54299
3/22/2015,0.776969253,111852.6517
3/23/2015,0.761120345,45526.97185
3/24/2015,0.702173751,52742.22267
3/25/2015,0.768191467,105716.605
3/26/2015,0.738822616,46006.05451
3/27/2015,0.795894175,45551.7374
3/28/2015,0.803712311,76280.86872
3/29/2015,0.717891723,58352.11953
3/30/2015,0.890605552,115545.5862
3/31/2015,0.904278971,208886.7033
4/1/2015,1.002170658,120823.2697
4/2/2015,0.968384183,88018.53926
4/3/2015,0.970653422,147796.5003
4/4/2015,0.86036545,146977.3812
4/5/2015,0.883301835,156771.7475
4/6/2015,0.791069649,38107.11868
4/7/2015,0.784632484,95401.72921
4/8/2015,0.752567795,33039.48628
4/9/2015,0.760823857,25571.50707
4/10/2015,0.800188061,74453.71304
4/11/2015,0.829331963,51053.4514
4/12/2015,0.801633027,26269.22855
4/13/2015,0.690270305,68519.02797
4/14/2015,0.654787831,41425.63459
4/15/2015,0.675239994,24873.75928
4/16/2015,0.68157506,43594.1274
4/17/2015,0.656511622,27396.85011
4/18/2015,0.690381409,39242.17019
4/19/2015,0.66270676,15209.57354
4/20/2015,0.677331604,24849.29409
4/21/2015,0.635745316,103435.4451
4/22/2015,0.57634208,29156.82573
4/23/2015,0.600013212,45643.8834
4/24/2015,0.572527352,19053.03182
4/25/2015,0.559903087,79557.72597
4/26/2015,0.551250492,19864.15444
4/27/2015,0.569345538,26213.6925
4/28/2015,0.476783174,94472.85545
4/29/2015,0.496724032,31314.33105
4/30/2015,0.501741009,29601.55257
5/1/2015,0.497115059,13472.75745
5/2/2015,0.497890009,12415.03668
5/3/2015,0.497929361,13510.4081
5/4/2015,0.4708487,18859.84005
5/5/2015,0.463376744,22008.07101
5/6/2015,0.461614833,29933.2728
5/7/2015,0.473183662,29056.65172
5/8/2015,0.486699263,13650.6951
5/9/2015,0.517834178,34371.85984
5/10/2015,0.564687072,26470.43833
5/11/2015,0.512346523,39746.21135
5/12/2015,0.480873068,26994.30683
5/13/2015,0.464733439,25991.72803
5/14/2015,0.504123603,24357.85242
5/15/2015,0.535276708,36575.77712
5/16/2015,0.603212996,48605.02075
5/17/2015,0.561918943,39684.59513
5/18/2015,0.535568625,64427.09458
5/19/2015,0.515197039,63966.05125
5/20/2015,0.5197685,53401.19029
5/21/2015,0.460134063,113099.0612
5/22/2015,0.467298338,53853.63318
5/23/2015,0.470791268,39942.25364
5/24/2015,0.481039444,12869.96242
5/25/2015,0.466942782,27370.44162
5/26/2015,0.44733945,32505.19744
5/27/2015,0.424931382,42874.01948
5/28/2015,0.441656032,30667.68617
5/29/2015,0.440836893,28759.91857
5/30/2015,0.445111361,16438.83691
5/31/2015,0.454199078,42798.11425
6/1/2015,0.457653791,21919.88774
6/2/2015,0.456172893,41959.96891
6/3/2015,0.454317896,20173.29898
6/4/2015,0.476676327,27241.30625
6/5/2015,0.494611536,32750.39407
6/6/2015,0.525689731,62602.41795
6/7/2015,0.517669557,61134.61296
6/8/2015,0.54113031,61093.3883
6/9/2015,0.497960313,85049.86061
6/10/2015,0.480035129,18041.31686
6/11/2015,0.460926363,38420.18627
6/12/2015,0.475808199,37061.11384
6/13/2015,0.490255902,37931.814
6/14/2015,0.495671939,24550.21061
6/15/2015,0.509733571,26980.05082
6/16/2015,0.498841501,45102.15543
6/17/2015,0.498557895,33362.46489
6/18/2015,0.50155017,18278.51329
6/19/2015,0.51088636,35820.14882
6/20/2015,0.538437965,46919.53904
6/21/2015,0.523173161,19720.93075
6/22/2015,0.538652667,22332.50939
6/23/2015,0.5244009,31618.26504
6/24/2015,0.509916348,27829.63516
6/25/2015,0.503592469,20898.96263
6/26/2015,0.482641361,25022.1263
6/27/2015,0.49177335,24334.58586
6/28/2015,0.468843655,35641.24774
6/29/2015,0.492338572,37555.4222
6/30/2015,0.49477286,19523.96621
7/1/2015,0.497239654,18228.377
7/2/2015,0.491520749,23108.92927
7/3/2015,0.489776449,18331.28883
7/4/2015,0.50589552,9527.349579
7/5/2015,0.518151199,14434.93545
7/6/2015,0.504227639,38544.71568
7/7/2015,0.510652769,15889.04739
7/8/2015,0.513156052,19187.6849
7/9/2015,0.495052442,31086.19792
7/10/2015,0.521978268,30620.41298
7/11/2015,0.533103081,17973.79272
7/12/2015,0.626355529,67480.82866
7/13/2015,0.566346608,16719.32011
7/14/2015,0.567860583,13278.97248
7/15/2015,0.5374622,19411.64554
7/16/2015,0.536564739,13229.6819
7/17/2015,0.531327897,10229.10292
7/18/2015,0.526970839,15969.24058
7/19/2015,0.540991913,14418.86017
7/20/2015,0.544288708,22923.54106
7/21/2015,0.582455198,43458.26999
7/22/2015,0.568182939,29126.38482
7/23/2015,0.573680076,36007.5674
7/24/2015,0.577034697,17499.30373
7/25/2015,0.565430279,27352.97082
7/26/2015,0.577826367,18897.51657
7/27/2015,0.59471337,18286.4812
7/28/2015,0.610727768,31567.44007
7/29/2015,0.587663849,23211.08334
7/30/2015,0.581620148,17699.53716
7/31/2015,0.572853484,18590.257
8/1/2015,0.582660382,38952.23285
8/2/2015,0.614931218,58671.20311
8/3/2015,0.595876209,43025.71807
8/4/2015,0.617942862,23886.25006
8/5/2015,0.618718214,29847.20145
8/6/2015,0.73290621,190042.6417
8/7/2015,0.73176026,130526.4533
8/8/2015,0.6744387,59629.72989
8/9/2015,0.673252738,102901.3378
8/10/2015,0.654966253,32376.5771
8/11/2015,0.604953264,61485.66263
8/12/2015,0.626087284,57827.07364
8/13/2015,0.57903012,46370.03736
8/14/2015,0.6102823,56666.14466
8/15/2015,0.609706962,48083.91865
8/16/2015,0.617511192,61764.55375
8/17/2015,0.607830689,46262.9629
8/18/2015,0.594176438,50445.00252
8/19/2015,0.532516522,38104.9379
8/20/2015,0.596708182,69880.00996
8/21/2015,0.567176391,39007.13532
8/22/2015,0.546778313,22393.21736
8/23/2015,0.540270177,31452.75529
8/24/2015,0.433680666,73291.11498
8/25/2015,0.484770001,32793.78652
8/26/2015,0.498916776,25969.87578
8/27/2015,0.459308157,21783.79891
8/28/2015,0.474293829,23643.16132
8/29/2015,0.474553155,31123.90379
8/30/2015,0.458405055,19877.41032
8/31/2015,0.467310489,20184.87239
9/1/2015,0.455249797,13485.39003
9/2/2015,0.468894776,17792.20787
9/3/2015,0.4559487,25905.2387
9/4/2015,0.467296815,18170.10279
9/5/2015,0.480979025,25868.78026
9/6/2015,0.50178537,20454.92621
9/7/2015,0.49845879,14840.09568
9/8/2015,0.516383724,23499.92056
9/9/2015,0.506588567,46114.86174
9/10/2015,0.496987396,18293.76619
9/11/2015,0.497257298,24755.91239
9/12/2015,0.466715074,21703.81046
9/13/2015,0.461938132,18251.09452
9/14/2015,0.482874756,60137.63913
9/15/2015,0.503004162,39648.19188
9/16/2015,0.508936984,43071.87157
9/17/2015,0.501445638,61637.85341
9/18/2015,0.497565286,12515.8562
9/19/2015,0.494299058,12861.83246
9/20/2015,0.484838429,22970.176
9/21/2015,0.480034818,11178.18644
9/22/2015,0.473379703,19529.92509
9/23/2015,0.463845693,27258.11383
9/24/2015,0.466229103,15783.90283
9/25/2015,0.449105344,71360.72038
9/26/2015,0.452287056,38938.27791
9/27/2015,0.44051715,16451.69678
9/28/2015,0.448946438,23009.07574
9/29/2015,0.436940171,19020.99349
9/30/2015,0.395950493,92515.31095
10/1/2015,0.404896852,27144.71427
10/2/2015,0.410759859,24728.82039
10/3/2015,0.410373942,15570.36437
10/4/2015,0.401050558,7421.465734
10/5/2015,0.422663642,17966.60499
10/6/2015,0.409430863,11460.0638
10/7/2015,0.393595684,19476.68609
10/8/2015,0.391113776,27043.72028
10/9/2015,0.395791982,20539.75673
10/10/2015,0.389239075,13011.65834
10/11/2015,0.381276966,32136.00513
10/12/2015,0.397744171,16704.04946
10/13/2015,0.38827587,20981.90677
10/14/2015,0.385618067,16578.4725
10/15/2015,0.389697879,28378.60016
10/16/2015,0.409185978,37519.52864
10/17/2015,0.421565279,24317.6733
10/18/2015,0.410747635,10963.12105
10/19/2015,0.388111406,28212.57367
10/20/2015,0.401397523,38164.51235
10/21/2015,0.394267408,20800.88196
10/22/2015,0.402472913,15440.27296
10/23/2015,0.393226954,22744.9672
10/24/2015,0.398389349,20410.96885
10/25/2015,0.396917198,19158.02604
10/26/2015,0.381391788,19235.65582
10/27/2015,0.411187131,22281.35469
10/28/2015,0.445534881,39693.02836
10/29/2015,0.446369471,49946.76475
10/30/2015,0.461195042,65996.66888
10/31/2015,0.396015004,19653.37537
11/1/2015,0.419327518,25992.37779
11/2/2015,0.423659182,33627.92642
11/3/2015,0.432564203,62740.20087
11/4/2015,0.48261313,82466.12441
11/5/2015,0.42953674,18519.34722
11/6/2015,0.438094037,16775.42489
11/7/2015,0.452030367,15016.00857
11/8/2015,0.497038237,49049.22267
11/9/2015,0.471766503,33126.18681
11/10/2015,0.458849843,29368.27621
11/11/2015,0.436919062,38722.38216
11/12/2015,0.442171976,45044.30758
11/13/2015,0.461796496,25080.80435
11/14/2015,0.426321274,19728.57143
11/15/2015,0.423245076,20334.00908
11/16/2015,0.436680644,16895.76334
11/17/2015,0.429461768,11633.49642
11/18/2015,0.417633418,18875.36124
11/19/2015,0.417477705,25365.73905
11/20/2015,0.388521982,9349.5858
11/21/2015,0.390972165,29770.51749
11/22/2015,0.391816164,8601.952782
11/23/2015,0.390699862,7844.093334
11/24/2015,0.385639438,13084.62252
11/25/2015,0.388301258,18847.65652
11/26/2015,0.405449997,28956.73001
11/27/2015,0.385218732,30110.76029
11/28/2015,0.390248916,15695.3102
11/29/2015,0.398576565,13688.59129
11/30/2015,0.395899841,29864.46052
12/1/2015,0.377598454,19351.64595
12/2/2015,0.370571604,15531.32086
12/3/2015,0.366657574,18630.35529
12/4/2015,0.370337992,21673.34986
12/5/2015,0.440231751,57868.73268
12/6/2015,0.437959428,43285.96792
12/7/2015,0.422763052,28509.13413
12/8/2015,0.437341848,40160.14964
12/9/2015,0.450507792,36748.26688
12/10/2015,0.437601379,22960.57953
12/11/2015,0.460374806,18776.4864
12/12/2015,0.454687938,16967.94419
12/13/2015,0.459987755,23997.52803
12/14/2015,0.540619448,103495.8171
12/15/2015,0.556263373,39051.07148
12/16/2015,0.517950539,26580.84918
12/17/2015,0.502291197,19599.43815
12/18/2015,0.50012307,17439.74127
12/19/2015,0.489556911,16348.32919
12/20/2015,0.506563456,43653.12668
12/21/2015,0.486872199,54472.11017
12/22/2015,0.481054424,25492.05101
12/23/2015,0.480335023,34625.83979
12/24/2015,0.487194435,22923.67552
12/25/2015,0.48976303,10368.22976
12/26/2015,0.448395016,16505.75198
12/27/2015,0.450081019,16203.25648
12/28/2015,0.445308518,13901.77242
12/29/2015,0.456866031,14818.79077
12/30/2015,0.442691991,33366.07476
12/31/2015,0.465356331,28746.18498
1/1/2016,0.512459528,89745.79278
1/2/2016,0.531256217,63617.54073
1/3/2016,0.498160697,41953.38653
1/4/2016,0.512957257,28260.10782
1/5/2016,0.514279756,28913.56114
1/6/2016,0.518208152,20518.37048
1/7/2016,0.489255866,46109.79309
1/8/2016,0.503014123,19962.48947
1/9/2016,0.492341466,29117.00138
1/10/2016,0.495455555,30828.2011
1/11/2016,0.494005181,22649.32618
1/12/2016,0.497997363,51786.15931
1/13/2016,0.480329631,41904.47178
1/14/2016,0.490619679,34552.7256
1/15/2016,0.428714314,43435.01923
1/16/2016,0.493802143,38706.36831
1/17/2016,0.438518401,55068.629
1/18/2016,0.496145892,72397.58992
1/19/2016,0.538059163,91042.57613
1/20/2016,0.530384744,111937.7358
1/21/2016,0.546970232,66169.98675
1/22/2016,0.52914828,67446.59646
1/23/2016,0.535779414,65986.68008
1/24/2016,0.623499252,144016.4461
1/25/2016,0.584185147,73656.1526
1/26/2016,0.594357071,81858.87239
1/27/2016,0.605335889,122784.6282
1/28/2016,0.559206089,46938.65855
1/29/2016,0.512603881,79321.47264
1/30/2016,0.506024821,39185.9508
1/31/2016,0.477798028,42088.49535
2/1/2016,0.492161191,37356.14216
2/2/2016,0.4936695,20174.5395
2/3/2016,0.489730599,23939.12643
2/4/2016,0.506430583,29083.84527
2/5/2016,0.492836191,48604.48648
2/6/2016,0.480844497,35181.73051
2/7/2016,0.476671601,51264.96715
2/8/2016,0.478671213,29072.67945
2/9/2016,0.465998256,36697.44904
2/10/2016,0.478177185,53278.71399
2/11/2016,0.532063607,210126.1732
2/12/2016,0.600671873,179976.5504
2/13/2016,0.79987332,1056449.666
2/14/2016,0.846256625,591671.0405
2/15/2016,0.790230694,450585.3687
2/16/2016,0.951412865,863923.6854
2/17/2016,0.730191054,568146.2313
2/18/2016,0.773547487,219878.529
2/19/2016,0.832180579,205514.0853
2/20/2016,0.852313403,371604.9318
2/21/2016,0.796632189,181367.8041
2/22/2016,0.783314957,127512.6342
2/23/2016,0.751582204,80531.92295
2/24/2016,0.795967478,118077.0504
2/25/2016,0.801192148,228439.5628
2/26/2016,0.814814835,72876.16827
2/27/2016,0.830680547,98286.82121
2/28/2016,0.868711211,141497.3311
2/29/2016,0.867302273,132474.2453
3/1/2016,0.836026827,168483.8731
3/2/2016,0.829139201,130947.5216
3/3/2016,1.076827401,815621.6168
3/4/2016,1.169658495,800331.1358
3/5/2016,1.190796135,1146010.204
3/6/2016,1.230995366,970787.3291
3/7/2016,1.035738128,481290.5784
3/8/2016,1.166640879,377997.7699
3/9/2016,1.22848976,861461.8789
3/10/2016,1.089390492,396951.8917
3/11/2016,1.101244589,134291.1644
3/12/2016,1.161679074,339118.1358
3/13/2016,1.240040145,263586.0765
3/14/2016,1.112007334,202724.7922
3/15/2016,1.142916144,211895.9983
3/16/2016,1.147341085,154193.2592
3/17/2016,1.284648536,518675.0749
3/18/2016,1.143938882,400172.5347
3/19/2016,1.211771515,268648.2194
3/20/2016,1.476868616,1023253.58
3/21/2016,1.453015397,808414.6085
3/22/2016,1.363075517,561456.7965
3/23/2016,1.457812267,469646.3079
3/24/2016,1.696210373,1290114.584
3/25/2016,1.590281636,732883.784
3/26/2016,1.688081582,505309.961
3/27/2016,1.510285931,928177.3254
3/28/2016,1.484360572,587488.0798
3/29/2016,1.482644648,317960.1985
3/30/2016,1.437873115,313978.1129
3/31/2016,1.402239544,193039.8391
4/1/2016,1.450113445,334445.8343
4/2/2016,1.562620995,467691.5318
4/3/2016,1.494077593,376639.7428
4/4/2016,1.58814481,297984.9228
4/5/2016,1.508836165,395091.7605
4/6/2016,1.503187958,246145.5467
4/7/2016,1.521460242,251168.5022
4/8/2016,1.213140906,447241.8141
4/9/2016,1.327692041,728484.0541
4/10/2016,1.088801411,1337871.558
4/11/2016,1.009314603,286524.1341
4/12/2016,0.932993183,602612.456
4/13/2016,1.027508521,418959.9041
4/14/2016,1.008341397,193841.1675
4/15/2016,0.988584806,361880.4598
4/16/2016,0.979202079,112190.7955
4/17/2016,1.031342192,287274.9718
4/18/2016,1.095953877,280081.2851
4/19/2016,1.131999559,267232.281
4/20/2016,1.05475795,307044.3783
4/21/2016,0.972097786,199740.1689
4/22/2016,0.982437492,140695.9903
4/23/2016,1.041900974,107761.0414
4/24/2016,1.029211407,112557.5407
4/25/2016,1.040256367,79267.50179
4/26/2016,0.891562386,333468.7008
4/27/2016,0.947731005,306791.5216
4/28/2016,0.905439966,93478.37121
4/29/2016,0.886691161,97694.42459
4/30/2016,0.919754947,121973.3191
5/1/2016,0.914653181,61432.63889
5/2/2016,0.970108432,210439.454
5/3/2016,0.916832243,98668.36171
5/4/2016,0.917634277,100573.717
5/5/2016,0.904814671,79350.59396
5/6/2016,0.88735206,71985.22277
5/7/2016,0.882523394,108241.014
5/8/2016,0.847288611,73030.37665
5/9/2016,0.83567229,88781.17868
5/10/2016,0.826082857,128445.0185
5/11/2016,0.855267661,50610.08855
5/12/2016,0.875704738,85442.2317
5/13/2016,0.848216734,64712.82033
5/14/2016,0.841358276,25709.30442
5/15/2016,0.824005266,53045.66872
5/16/2016,0.81930266,100858.5022
5/17/2016,0.815206551,116554.7878
5/18/2016,0.84433187,200785.4278
5/19/2016,0.857358952,139828.8759
5/20/2016,0.946470104,311925.8816
5/21/2016,0.975988171,113629.7342
5/22/2016,0.924304236,182068.5122
5/23/2016,0.907636803,116813.7673
5/24/2016,0.926665722,165042.4537
5/25/2016,0.868656797,102896.6942
5/26/2016,0.859362193,88926.25342
5/27/2016,0.859155721,154749.8552
5/28/2016,0.905034491,160063.3603
5/29/2016,0.880468952,185415.3735
5/30/2016,0.895439195,64481.3522
5/31/2016,0.926474591,149736.2033
6/1/2016,0.920755732,101423.7804
6/2/2016,0.932316127,37545.97372
6/3/2016,0.942275388,69398.28133
6/4/2016,0.974693861,88374.07412
6/5/2016,1.001730828,82892.36498
6/6/2016,0.99998558,83703.50483
6/7/2016,1.011271641,82240.08604
6/8/2016,1.004060745,72217.25113
6/9/2016,1.108922251,470481.6917
6/10/2016,1.147462082,266713.8243
6/11/2016,1.136303519,109852.2467
6/12/2016,1.260058014,285880.6161
6/13/2016,1.2823585,266480.0939
6/14/2016,1.387543712,272681.6931
6/15/2016,1.464021777,330760.5419
6/16/2016,1.581945389,342918.3062
6/17/2016,1.78729701,676778.0475
6/18/2016,1.983819051,2462104.779
6/19/2016,1.871675505,626743.4643
6/20/2016,1.778017211,544250.7081
6/21/2016,1.613720798,507217.8447
6/22/2016,1.512932093,364222.2267
6/23/2016,1.558214577,186710.9047
6/24/2016,1.577766094,199637.2254
6/25/2016,1.543784062,152824.4361
6/26/2016,1.480286173,71532.40041
6/27/2016,1.481743254,173185.3184
6/28/2016,1.477881205,158996.172
6/29/2016,1.538770974,288373.7276
6/30/2016,1.621267323,303833.9748
7/1/2016,1.677998277,147138.4212
7/2/2016,1.688691608,133900.7424
7/3/2016,1.721802214,302534.7505
7/4/2016,1.698701965,144217.1841
7/5/2016,1.730036332,152096.5864
7/6/2016,1.934264025,505355.5553
7/7/2016,1.898453401,1497252.012
7/8/2016,1.960786614,421242.2448
7/9/2016,1.964790451,312538.8343
7/10/2016,1.911037879,222932.739
7/11/2016,1.977753779,207256.2934
7/12/2016,2.007017995,333736.3808
7/13/2016,1.941237521,285637.5427
7/14/2016,1.951811094,296109.8551
7/15/2016,1.969899071,298853.9877
7/16/2016,1.993096803,67558.35
7/17/2016,1.999987818,166960.7465
7/18/2016,1.958408217,106649.3049
7/19/2016,1.906766631,200276.2651
7/20/2016,1.866531673,176044.4153
7/21/2016,1.737452679,135696.5631
7/22/2016,1.812100789,154272.0384
7/23/2016,1.824157556,155298.4836
7/24/2016,1.88060028,158759.5918
7/25/2016,1.855535683,87988.42712
7/26/2016,1.815380312,258803.3363
7/27/2016,1.94410771,277715.2292
7/28/2016,1.843385629,186429.0876
7/29/2016,1.893029103,106818.8201
7/30/2016,1.911389515,70350.01287
7/31/2016,1.812805318,139879.8099
8/1/2016,1.692947965,162961.1583
8/2/2016,1.411722108,266466.4492
8/3/2016,1.57093539,171145.1959
8/4/2016,1.859114746,504614.1332
8/5/2016,1.795034692,132506.0347
8/6/2016,1.87828381,249643.2014
8/7/2016,1.896414768,255511.841
8/8/2016,1.916616551,192405.4016
8/9/2016,2.038667643,245224.3948
8/10/2016,2.017131658,206157.8438
8/11/2016,1.991366243,165074.6764
8/12/2016,1.987704643,164771.1474
8/13/2016,1.980713056,115506.6181
8/14/2016,1.975692331,316831.5828
8/15/2016,2.195888067,787069.4255
8/16/2016,2.195330298,749706.804
8/17/2016,2.222957044,445234.6668
8/18/2016,2.162853248,365422.5288
8/19/2016,2.294364805,314738.0855
8/20/2016,2.444682759,1833927.623
8/21/2016,2.532633371,788629.4417
8/22/2016,4.294502393,18601185.85
8/23/2016,4.600108355,21178780.52
8/24/2016,4.425438648,6420591.44
8/25/2016,4.164194165,7492393.754
8/26/2016,4.177906718,5682586.672
8/27/2016,4.971299525,6722947.496
8/28/2016,9.284836841,62363601.85
8/29/2016,8.585898037,43395298.14
8/30/2016,8.426700514,15633522.25
8/31/2016,8.349169948,20095051.85
9/1/2016,8.081834316,11805783.05
9/2/2016,10.04056671,28922369.45
9/3/2016,10.82444096,54142340.59
9/4/2016,13.39193205,34465235.82
9/5/2016,13.86016485,25079676.09
9/6/2016,12.31884959,23579051.07
9/7/2016,11.83788036,23585399.9
9/8/2016,12.75803539,17959454.35
9/9/2016,12.2647598,13728221.34
9/10/2016,12.23458864,8122896.175
9/11/2016,10.74082355,15130130.75
9/12/2016,10.143031,11938129.07
9/13/2016,10.55646356,13937173.03
9/14/2016,10.46073359,5370531.696
9/15/2016,9.387329014,7123571.932
9/16/2016,8.918593754,6810575.629
9/17/2016,9.61685084,4890689.459
9/18/2016,9.444793369,2683878.316
9/19/2016,10.61996443,8459270.634
9/20/2016,11.02200678,11689724.86
9/21/2016,9.790494143,6069235.426
9/22/2016,10.13962716,3966125.177
9/23/2016,10.70340839,3332673.083
9/24/2016,10.71606516,1673439.96
9/25/2016,10.24675775,2096431.877
9/26/2016,9.264031212,7015328.923
9/27/2016,9.281556281,2310717.056
9/28/2016,9.367623065,1866128.746
9/29/2016,8.474942325,4915429.486
9/30/2016,8.387261675,5245622.81
10/1/2016,7.362078982,7929762.667
10/2/2016,8.401317611,4896369.863
10/3/2016,7.879024746,3212825.919
10/4/2016,7.615309895,2314313.141
10/5/2016,6.649179756,9007579.113
10/6/2016,7.167406804,5190488.562
10/7/2016,6.777530993,4243259.35
10/8/2016,6.868087672,1812441.068
10/9/2016,7.608399908,2826335.219
10/10/2016,6.877172857,3365671.504
10/11/2016,7.315890221,5966680.901
10/12/2016,7.306206907,2006667.003
10/13/2016,6.902943633,2009608.676
10/14/2016,6.926140639,1658786.453
10/15/2016,6.54929673,1655122.338
10/16/2016,6.388134913,2502457.745
10/17/2016,6.268303186,3763451.339
10/18/2016,6.655139409,2397936.285
10/19/2016,6.627880172,2239274.941
10/20/2016,6.5366144,2329085.188
10/21/2016,6.775217672,1993375.981
10/22/2016,6.461040495,2211632.478
10/23/2016,6.454750654,536882.6156
10/24/2016,6.373855114,601427.6748
10/25/2016,5.92151598,2647340.303
10/26/2016,6.062686706,1812847.571
10/27/2016,6.251826104,2033159.309
10/28/2016,6.290437534,2044919.844
10/29/2016,5.042012458,10767510.52
10/30/2016,5.578522122,6108351.735
10/31/2016,4.851229323,3202596.361
11/1/2016,4.703020075,3635245.096
11/2/2016,4.505286464,1856744.942
11/3/2016,4.92841282,4972476.798
11/4/2016,4.822529713,2522780.47
11/5/2016,4.99459931,582436.2228
11/6/2016,5.007941439,647561.4447
11/7/2016,5.737870617,3755670.905
11/8/2016,6.308477453,8233487.372
11/9/2016,6.146599243,8208444.729
11/10/2016,6.087986181,3376951.951
11/11/2016,7.055988449,4062336.22
11/12/2016,7.427513209,7638901.384
11/13/2016,7.189609661,7266255.886
11/14/2016,7.655779776,5941645.901
11/15/2016,7.334218924,3590607.717
11/16/2016,6.731561467,9027732.24
11/17/2016,6.74940621,5046126.881
11/18/2016,6.728828441,3756016.583
11/19/2016,6.555522978,2599922.639
11/20/2016,6.658089571,3433764.698
11/21/2016,6.769916413,1621286.693
11/22/2016,7.656400317,9997558.316
11/23/2016,7.891799258,4215568.198
11/24/2016,7.75211745,5496756.706
11/25/2016,7.447769427,2489681.048
11/26/2016,7.560535206,1545568.003
11/27/2016,8.02246587,2323013.22
11/28/2016,7.849195229,1968418.915
11/29/2016,7.574703605,2459623.798
11/30/2016,8.835939349,10348216.04
12/1/2016,8.605057353,5653296.219
12/2/2016,8.020237404,5828982.216
12/3/2016,8.181950334,2054734.349
12/4/2016,7.799003733,2144110.451
12/5/2016,7.814506433,2838566.959
12/6/2016,7.521478551,3465915.76
12/7/2016,7.712972663,1617634.695
12/8/2016,7.768866663,1498387.215
12/9/2016,7.949858795,1220096.833
12/10/2016,7.741635829,920730.2597
12/11/2016,7.912182688,1463882.466
12/12/2016,7.946038495,945206.2254
12/13/2016,8.035662291,902475.9844
12/14/2016,8.378278684,3216210.811
12/15/2016,8.482201682,1151221.861
12/16/2016,8.456029718,924713.2319
12/17/2016,8.32945456,991466.9791
12/18/2016,8.591929232,1996012.997
12/19/2016,8.586458348,1926485.485
12/20/2016,8.410557338,2006890.518
12/21/2016,8.420278618,2682941.111
12/22/2016,8.864425723,4190083.938
12/23/2016,9.466088493,3823671.411
12/24/2016,9.595362855,1508133.825
12/25/2016,9.713969582,2136208.322
12/26/2016,10.21197139,2129630.147
12/27/2016,12.45971245,10924673.52
12/28/2016,14.12652082,13502874.37
12/29/2016,13.00602689,7676085.002
12/30/2016,12.85032768,3378979.844
12/31/2016,13.84585813,4483506.761
1/1/2017,13.6178664,3153325.342
1/2/2017,16.00160508,12259973.34
1/3/2017,15.73838849,14454988.32
1/4/2017,18.18680721,8942980.539
1/5/2017,15.86992803,6724535.47
1/6/2017,14.02260982,8033753.646
1/7/2017,12.9038318,8519597.011
1/8/2017,13.43225435,3210616.534
1/9/2017,13.54596798,3923199.617
1/10/2017,13.3014789,4002672.63
1/11/2017,11.60612047,3414941.191
1/12/2017,11.80154066,2336818.957
1/13/2017,11.19796082,4824993.492
1/14/2017,11.10801673,2999362.358
1/15/2017,10.72487724,6733195.128
1/16/2017,10.60255099,2966899.691
1/17/2017,12.36798496,3598577.651
1/18/2017,11.92297983,3556067.481
1/19/2017,12.18481173,3199811.149
1/20/2017,11.68048653,3256418.321
1/21/2017,12.03051902,2548430.719
1/22/2017,11.99785486,2208773.006
1/23/2017,12.21030183,2181587.47
1/24/2017,11.66931625,3399317.557
1/25/2017,11.76722996,3427840.205
1/26/2017,11.93759504,1796388.28
1/27/2017,12.20494371,4053305.715
1/28/2017,12.90526886,6169763.678
1/29/2017,12.576887,2792038.468
1/30/2017,12.70623427,1923998.667
1/31/2017,13.10521427,8630856.023
2/1/2017,13.28873798,2642330.951
2/2/2017,13.11184933,2536305.501
2/3/2017,12.68166261,4845544.776
2/4/2017,12.50157328,2835366.194
2/5/2017,12.67858252,1801621.452
2/6/2017,12.71475802,1883888.422
2/7/2017,12.90477598,1971465.71
2/8/2017,12.73320871,1766261.008
2/9/2017,11.99669658,3518404.177
2/10/2017,11.98549401,2228734.073
2/11/2017,12.32401282,1974786.832
2/12/2017,12.52714949,1953957.744
2/13/2017,12.26375627,1381562.477
2/14/2017,13.088477,3522164.871
2/15/2017,13.67784296,4172222.948
2/16/2017,13.14482816,2824858.671
2/17/2017,13.37036978,1472393.2
2/18/2017,13.4150803,1659593.904
2/19/2017,13.0559819,1397665.265
2/20/2017,12.30015223,6432205.826
2/21/2017,12.42943648,4584079.881
2/22/2017,12.8176549,2092999.15
2/23/2017,12.8663107,2445327.34
2/24/2017,11.9455112,7064968.356
2/25/2017,11.95611066,2572173.795
2/26/2017,12.10343312,1636870.056
2/27/2017,12.10373616,1073132.263
2/28/2017,12.25781234,3440068.444
3/1/2017,12.41665117,5160437.006
3/2/2017,13.12964326,5606604.32
3/3/2017,13.96150575,6377557.37
3/4/2017,13.81875389,1734109.468
3/5/2017,15.24192038,4443998.247
3/6/2017,15.52219243,5668538.671
3/7/2017,13.79973613,4011833.278
3/8/2017,12.52239081,3235732.988
3/9/2017,13.10900807,2736010.858
3/10/2017,13.04184596,8636046.672
3/11/2017,14.63191023,5620813.971
3/12/2017,16.80864157,14478141.15
3/13/2017,18.40310582,15537522.19
3/14/2017,17.96594427,8414852.465
3/15/2017,19.01117985,10309403.4
3/16/2017,22.0156057,24695253.79
3/17/2017,21.196305,29349931.41
3/18/2017,19.98164208,13517870.54
3/19/2017,23.04494445,18399517.73
3/20/2017,22.2671509,7987703.354
3/21/2017,21.29529274,14536401.01
3/22/2017,21.10021069,7791316.978
3/23/2017,21.68713868,5824121.417
3/24/2017,21.17527233,11093821.26
3/25/2017,20.54578824,8721271.411
3/26/2017,19.38578034,6246002.902
3/27/2017,18.71817513,8418783.198
3/28/2017,19.61003397,8798893.467
3/29/2017,21.00715893,5016607.465
3/30/2017,21.07632059,4547847.862
3/31/2017,20.58859157,5323085.538
4/1/2017,21.14525581,5792597.183
4/2/2017,20.18990408,5843973.157
4/3/2017,20.0823171,5359223.073
4/4/2017,20.27352806,4414210.269
4/5/2017,19.74664685,8010143.88
4/6/2017,19.25483761,9470286.082
4/7/2017,19.57118397,4735349.965
4/8/2017,20.95265553,4919420.001
4/9/2017,21.00606211,4897966.358
4/10/2017,22.18416846,5908301.248
4/11/2017,21.66307613,4857335.249
4/12/2017,22.04512862,5847016.505
4/13/2017,21.56118319,5383974.144
4/14/2017,20.81665634,8423273.523
4/15/2017,20.81205059,3948054.021
4/16/2017,20.44947155,3812422.56
4/17/2017,20.67782691,5487749.635
4/18/2017,21.07096793,3936960.04
4/19/2017,20.57806461,5426387.823
4/20/2017,20.83061139,5501327.883
4/21/2017,20.7224091,6692117.066
4/22/2017,20.37891379,4679630.563
4/23/2017,20.3050548,3585836.646
4/24/2017,19.69425175,4452545.213
4/25/2017,19.67248828,4688324.813
4/26/2017,19.54708002,5577720.543
4/27/2017,21.64718014,13333452.31
4/28/2017,22.60389192,11039760.26
4/29/2017,22.96251476,10261275.5
4/30/2017,23.83172529,10820846.56
5/1/2017,22.26076214,13287337.23
5/2/2017,23.00942016,7494936.821
5/3/2017,25.3125542,12935960.31
5/4/2017,25.45821165,13607064.51
5/5/2017,27.77958137,24328172.98
5/6/2017,28.59076651,13738067.74
5/7/2017,31.99657537,28524581.2
5/8/2017,29.22760586,24161233.47
5/9/2017,28.1742708,19891653.76
5/10/2017,29.52672905,12657399.11
5/11/2017,29.35368297,9165817.227
5/12/2017,28.84308147,7524695.671
5/13/2017,28.26892184,6992881.167
5/14/2017,28.20086506,6975827.812
5/15/2017,27.29522505,7580306.864
5/16/2017,25.96170868,9047446.58
5/17/2017,26.77916083,9908702.797
5/18/2017,30.32220279,15211109.09
5/19/2017,31.82896938,11087460.85
5/20/2017,35.19448903,22339398.66
5/21/2017,34.81173698,9962403.429
5/22/2017,36.43454502,26854013.63
5/23/2017,57.59854661,73150500.36
5/24/2017,46.1401726,83388084.79
5/25/2017,41.35074381,49685194.83
5/26/2017,39.1026234,23092261.03
5/27/2017,34.25616899,19481905.16
5/28/2017,37.71071282,18080009.07
5/29/2017,41.41065338,28985400.33
5/30/2017,39.66362936,20461419.34
5/31/2017,42.52014605,14118162.45
6/1/2017,44.36738038,11689684.61
6/2/2017,44.68316059,8365078.214
6/3/2017,42.71471173,8954588.395
6/4/2017,43.57420465,9186755.879
6/5/2017,48.83887944,15968954.31
6/6/2017,56.29142508,34158831.05
6/7/2017,53.41949986,46699722.46
6/8/2017,56.46274152,12996442.37
6/9/2017,55.77061058,10550718.61
6/10/2017,52.88906557,13127143.57
6/11/2017,58.85364628,13844351.4
6/12/2017,50.77144062,23207104.25
6/13/2017,52.31042456,11918505.47
6/14/2017,46.94863622,10929204.67
6/15/2017,46.35996604,12590445.7
6/16/2017,48.40776496,7639625.752
6/17/2017,53.23323488,14691209.18
6/18/2017,50.87435628,8904559.293
6/19/2017,51.22422715,11589931.72
6/20/2017,52.66272975,14793721.5
6/21/2017,49.88032424,10677274.26
6/22/2017,50.89015439,6675411.605
6/23/2017,51.97470023,7824707.538
6/24/2017,49.17602753,6432959.474
6/25/2017,46.78780219,6680541.636
6/26/2017,44.3371821,12028540.57
6/27/2017,43.5953367,10006854.2
6/28/2017,47.49692326,9130117.708
6/29/2017,45.55083319,10129991.97
6/30/2017,44.08947275,9419636.501
7/1/2017,41.4370885,7512583.676
7/2/2017,43.07663869,9583634.062
7/3/2017,43.84383765,10860397.73
7/4/2017,45.65110847,6866981.472
7/5/2017,46.06432329,8753580.253
7/6/2017,50.30071238,13461785.89
7/7/2017,44.32832249,11649831.31
7/8/2017,46.49409108,7614294.138
7/9/2017,45.32650967,6054885.141
7/10/2017,40.13748282,7114605.092
7/11/2017,37.65910809,12783586.11
7/12/2017,40.30679288,8912976.843
7/13/2017,38.47981615,5347127.187
7/14/2017,35.53523565,3601615.934
7/15/2017,32.54731998,4409132.189
7/16/2017,29.44382752,6324125.444
7/17/2017,34.35681307,6610690.05
7/18/2017,36.55165916,6001266.3
7/19/2017,35.50720488,4805680.877
7/20/2017,39.65802891,9401891.414
7/21/2017,40.172454,4970147.009
7/22/2017,44.26648491,6060046.687
7/23/2017,42.43312764,4315027.593
7/24/2017,45.49635582,7022953.629
7/25/2017,40.90742381,6873990.375
7/26/2017,46.0336309,14954349.97
7/27/2017,45.15350186,14562231.11
7/28/2017,43.86135378,17474237.18
7/29/2017,43.88644435,6538909.276
7/30/2017,39.72286392,10684285.23
7/31/2017,40.13761002,12446658.27
8/1/2017,44.35954105,16430725.1
8/2/2017,43.61891023,7245795.326
8/3/2017,43.44581566,7975971.614
8/4/2017,45.17977124,7342110.214
8/5/2017,48.3871341,10570713.8
8/6/2017,47.4520913,7586537.191
8/7/2017,49.6016189,12431487.84
8/8/2017,51.82884707,11136541.23
8/9/2017,50.83201844,10211471.24
8/10/2017,48.94694912,8191184.104
8/11/2017,49.94510036,7520313.203
8/12/2017,48.71129034,15248027.5
8/13/2017,47.4425726,17986677.69
8/14/2017,48.42358433,12539253.12
8/15/2017,48.57370874,12585007.66
8/16/2017,47.55222486,11586592.12
8/17/2017,47.93314946,11540588.6
8/18/2017,46.64875183,13450375.07
8/19/2017,55.02915976,22901119.76
8/20/2017,54.17522079,15305991.8
8/21/2017,76.39032472,207975495.6
8/22/2017,89.31005753,147303312.2
8/23/2017,89.13238645,75180446.81
8/24/2017,83.74562723,61033897.58
8/25/2017,104.7647484,89667356.95
8/26/2017,131.4136687,280272195.8
8/27/2017,125.4782759,82840313.57
8/28/2017,141.1208207,194059082.6
8/29/2017,128.5314438,91841602.36
8/30/2017,134.3158129,60361610.09
8/31/2017,140.6993313,64430168.36
9/1/2017,141.7147221,71317158.26
9/2/2017,123.1546323,60418952.12
9/3/2017,127.2436124,52503491.67
9/4/2017,107.9821003,53608519.73
9/5/2017,120.3232231,51424664.57
9/6/2017,123.3340599,33252311.25
9/7/2017,121.5626893,28094591.62
9/8/2017,117.2703683,53257721.39
9/9/2017,114.6213156,20524098.8
9/10/2017,110.9867781,24718858.47
9/11/2017,111.6508173,15143431.93
9/12/2017,111.2551458,23684986.54
9/13/2017,110.8417307,47052006.88
9/14/2017,84.38970889,58874203.8
9/15/2017,97.67535757,70843284.13
9/16/2017,94.754009,28940293.86
9/17/2017,92.44052337,27345245.96
9/18/2017,100.8255419,37741921.99
9/19/2017,98.10866623,45967434.78
9/20/2017,94.89187883,32891624.25
9/21/2017,86.30676519,31960961.07
9/22/2017,88.3631183,27124996.16
9/23/2017,91.53831891,25552983.27
9/24/2017,89.45542408,21583011.09
9/25/2017,92.68492928,26900434.77
9/26/2017,92.7039501,31500220.32
9/27/2017,100.5250305,47917968.56
9/28/2017,96.33189037,39132593.31
9/29/2017,93.96151863,36205071.29
9/30/2017,95.05514858,27203238.84
10/1/2017,92.986698,24724850.77
10/2/2017,91.33376791,26596376.07
10/3/2017,93.17102227,43659929.56
10/4/2017,90.54464189,28910000.9
10/5/2017,91.26706116,26913188.42
10/6/2017,90.63280385,23595372.54
10/7/2017,91.20549993,21585274.02
10/8/2017,89.36598758,27766619.42
10/9/2017,85.39153459,35345279.95
10/10/2017,86.8905651,31190974.78
10/11/2017,87.29496397,20705939.05
10/12/2017,86.14572962,30053069.95
10/13/2017,94.65491206,61462999.05
10/14/2017,99.78919411,36722943.44
10/15/2017,94.70747874,31974708.27
10/16/2017,95.17208277,30444775.08
10/17/2017,91.72870518,42005257.14
10/18/2017,89.67528243,34800372.3
10/19/2017,88.79590861,33058857.43
10/20/2017,89.69886597,36444395.5
10/21/2017,88.13795549,24490959.89
10/22/2017,86.68027069,26159364.44
10/23/2017,85.92339647,25387209.93
10/24/2017,88.800649,40850340.15
10/25/2017,87.89577672,55604746.31
10/26/2017,87.88688549,27717652.8
10/27/2017,86.98352174,27108211.23
10/28/2017,86.06437784,24913914.94
10/29/2017,88.20394365,36932458.74
10/30/2017,88.41241954,27337599.35
10/31/2017,86.93068222,27114442.41
11/1/2017,85.52871443,34980704.29
11/2/2017,83.53530552,45365858.58
11/3/2017,88.17471677,36351731.17
11/4/2017,87.18095271,22082599.96
11/5/2017,86.76233863,27038437.22
11/6/2017,103.7737741,102491173.1
11/7/2017,100.9183414,79721856.95
11/8/2017,113.6777981,78584604.41
11/9/2017,121.1407964,83388287.24
11/10/2017,106.1704764,76413161.83
11/11/2017,119.3166543,76348234.43
11/12/2017,119.1990034,124747197.9
11/13/2017,123.1920929,86271438.68
11/14/2017,122.3575192,42472092.72
11/15/2017,121.8236315,45704181.41
11/16/2017,119.9928023,67883055.24
11/17/2017,126.3754093,42614194.11
11/18/2017,131.2350053,56891734.9
11/19/2017,129.1072219,37828832.48
11/20/2017,135.9770152,54827730.42
11/21/2017,141.9349707,68013446.79
11/22/2017,166.6339129,181133260.6
11/23/2017,160.9756458,103742285.4
11/24/2017,160.9614518,65265990.23
11/25/2017,169.1349635,61629031.69
11/26/2017,164.1911181,57926504.7
11/27/2017,173.4544266,76199676.52
11/28/2017,199.9845286,131607296.9
11/29/2017,168.0281762,160024704.4
11/30/2017,182.0167224,92753723.84
12/1/2017,189.8110201,52350184.8
12/2/2017,200.8285442,61715954.65
12/3/2017,196.708619,79549586.2
12/4/2017,207.4742326,44301997.38
12/5/2017,274.4804652,325567357.5
12/6/2017,275.089429,299614816.7
12/7/2017,295.8665521,227201505.1
12/8/2017,280.5330284,200744853.7
12/9/2017,268.9311959,131218825.1
12/10/2017,252.1216998,136154508.2
12/11/2017,281.4887928,148729114.6
12/12/2017,307.540261,189392738.5
12/13/2017,309.4166607,195120756.4
12/14/2017,332.0290826,264154605.2
12/15/2017,316.7688168,163427940.8
12/16/2017,329.5592171,150756720.5
12/17/2017,348.2801844,168269246
12/18/2017,378.4707876,169055998.2
12/19/2017,381.9749263,320617158.7
12/20/2017,483.3495331,557499252.9
12/21/2017,434.5195187,277360596.9
12/22/2017,348.1824892,312249020.6
12/23/2017,378.4854342,124246907.1
12/24/2017,350.4512612,105052786.9
12/25/2017,347.9403298,98106096.54
12/26/2017,378.0491557,112747290.3
12/27/2017,393.1495091,136329617.6
12/28/2017,369.3879778,93490596.09
12/29/2017,367.5269878,130861990.5
12/30/2017,329.5620743,96129965.62
12/31/2017,353.5221705,81168943.77
1/1/2018,357.1796376,92648925.64
1/2/2018,376.53496,187770146
1/3/2018,395.2627745,137780042.6
1/4/2018,415.0329974,166783956
1/5/2018,402.510638,184858011.5
1/6/2018,407.5868604,160475791.9
1/7/2018,465.7044641,268606424.2
1/8/2018,420.8859924,157777873.2
1/9/2018,542.3254861,528433534.7
1/10/2018,455.1325354,264188346.9
1/11/2018,367.9724033,124483743.9
1/12/2018,411.1707825,103617763.8
1/13/2018,480.4501329,255698494.2
1/14/2018,416.5262979,140551211
1/15/2018,432.4156172,183953706.4
1/16/2018,325.2960855,220429681.8
1/17/2018,325.0722459,161818033.1
1/18/2018,330.949469,144670057.7
1/19/2018,387.1347897,203291418.1
1/20/2018,419.3047098,230195641
1/21/2018,362.9014406,121088986
1/22/2018,318.0298748,95634330.92
1/23/2018,309.33241,97938001.45
1/24/2018,323.6864982,48563954.63
1/25/2018,317.1474632,65253452.17
1/26/2018,324.6185345,87555403.44
1/27/2018,326.8994472,75024814.24
1/28/2018,329.9519637,63865156.8
1/29/2018,315.8185563,50659854.26
1/30/2018,314.376949,51377697.77
1/31/2018,273.6127503,86006721.52
2/1/2018,270.2417051,57529021.38
2/2/2018,241.3040663,67951423.73
2/3/2018,235.4739814,116027388.7
2/4/2018,246.8624111,51301377.42
2/5/2018,223.6265217,46758592.64
2/6/2018,179.2770853,73027099.39
2/7/2018,211.0397759,99891731.41
2/8/2018,208.3999537,62323553.53
2/9/2018,246.4974934,74089122.63
2/10/2018,256.4064162,66764683.18
2/11/2018,251.989788,71689670.64
2/12/2018,232.7369267,47474615.04
2/13/2018,248.0184515,44938899.17
2/14/2018,233.7635101,44290520.49
2/15/2018,271.9489491,102357988
2/16/2018,303.9756868,80991118.69
2/17/2018,292.9088267,63464526.88
2/18/2018,324.6411867,122955404.3
2/19/2018,301.6875931,65272476.29
2/20/2018,315.7527492,64603234.95
2/21/2018,309.2776452,63830908.45
2/22/2018,283.3815065,98374718.2
2/23/2018,286.8002668,104581451.7
2/24/2018,286.9672385,84903672.64
2/25/2018,269.5028924,48414102.57
2/26/2018,279.7170462,22844209.66
2/27/2018,295.7079305,41484420.16
2/28/2018,303.5079884,53954018.35
3/1/2018,284.5623736,42295477.62
3/2/2018,310.9334673,52132614.63
3/3/2018,344.8688071,167526059.4
3/4/2018,354.14877,186665398.9
3/5/2018,364.4556126,116952823.2
3/6/2018,374.3831157,125294096.1
3/7/2018,345.6080103,89264820.27
3/8/2018,340.5332423,157244025.7
3/9/2018,278.820846,118426952.9
3/10/2018,279.1770606,143526358.2
3/11/2018,257.3708238,78863171.19
3/12/2018,280.9024906,72372201.17
3/13/2018,261.3050829,68042712.27
3/14/2018,251.2490553,70506878.79
3/15/2018,215.4124268,76622519.27
3/16/2018,215.8711795,80353703.07
3/17/2018,220.4972563,65059099.83
3/18/2018,200.9340548,51026770.77
3/19/2018,209.5780647,81083427.13
3/20/2018,217.0441831,71322082.08
3/21/2018,224.0279148,61823927.67
3/22/2018,219.7608989,56930039.02
3/23/2018,213.4671028,41568969.58
3/24/2018,214.4064896,39963315.83
3/25/2018,208.3410211,24524184.63
3/26/2018,212.2746553,24683018.77
3/27/2018,197.2532494,37428672.69
3/28/2018,189.0514218,55017900.67
3/29/2018,198.8852734,46599359.08
3/30/2018,177.1511905,54087342.29
3/31/2018,173.2138754,43159779.94
4/1/2018,180.1851999,22046843.51
4/2/2018,175.8856057,30803233.6
4/3/2018,177.9822066,27751008.11
4/4/2018,190.1578865,37157750.23
4/5/2018,170.7854668,38556165.38
4/6/2018,174.0563554,40632399.88
4/7/2018,162.0347157,40237805.38
4/8/2018,169.6410524,30514767.63
4/9/2018,173.3026183,23243885.85
4/10/2018,167.1305828,22533037.2
4/11/2018,165.7971513,30071441.09
4/12/2018,168.2658907,39589115.01
4/13/2018,190.3696233,60771143.65
4/14/2018,188.3570422,54096470.82
4/15/2018,188.5998767,39916931.79
4/16/2018,199.0566681,47939108.89
4/17/2018,193.8437533,38300354.81
4/18/2018,195.1463866,37424622.3
4/19/2018,227.6720341,178265159.3
4/20/2018,238.7962895,87298466.25
4/21/2018,253.7521584,100664043.1
4/22/2018,256.9930332,86564854.23
4/23/2018,271.2286301,137768251.8
4/24/2018,282.6766427,106622989.6
4/25/2018,295.7264803,135710862.8
4/26/2018,257.1849612,154854759.2
4/27/2018,267.7099902,146958752.8
4/28/2018,251.3449802,88444085.37
4/29/2018,259.1344987,81025276.22
4/30/2018,255.3266444,88390126.82
5/1/2018,240.8807258,99733096.46
5/2/2018,238.6807558,70234408.82
5/3/2018,247.7841622,80219052.54
5/4/2018,242.4826357,64764259.11
5/5/2018,240.8248808,76674282.15
5/6/2018,239.85685,69743975.11
5/7/2018,234.9953828,47848156.76
5/8/2018,232.617923,43293088.23
5/9/2018,222.3316695,31297961.52
5/10/2018,226.346651,39383369.94
5/11/2018,216.3551056,33925320.75
5/12/2018,198.0123328,48304169.35
5/13/2018,202.2360326,34016527.29
5/14/2018,208.2119082,29282189.56
5/15/2018,214.2820952,54458207.87
5/16/2018,203.7143986,53513864.63
5/17/2018,199.4685919,45981538.23
5/18/2018,191.5868187,41525128.8
5/19/2018,204.1135184,59762144.46
5/20/2018,196.5637983,30396074.4
5/21/2018,202.203276,33289269.75
5/22/2018,197.7030219,34488253.09
5/23/2018,176.3859641,49298056.88
5/24/2018,171.4787507,49774184.52
5/25/2018,171.5212301,44431610.36
5/26/2018,164.9245788,25453499.31
5/27/2018,164.1302544,16874983.91
5/28/2018,165.6789823,31939573.6
5/29/2018,149.4766802,36786262.89
5/30/2018,157.5737689,51062007.46
5/31/2018,154.5727654,34454516.58
6/1/2018,155.3748572,34696632.18
6/2/2018,157.1051025,28945879.78
6/3/2018,161.4368322,39606780.97
6/4/2018,168.0685368,43497919.32
6/5/2018,159.7197068,38503433.5
6/6/2018,166.4099205,40223793.54
6/7/2018,163.8427882,41371184.08
6/8/2018,162.864367,39335417.12
6/9/2018,157.464173,36815271.36
6/10/2018,153.3577287,29349440.7
6/11/2018,139.2393993,48035856.91
6/12/2018,137.9751401,32328843.13
6/13/2018,125.9404962,37398393.95
6/14/2018,121.3616912,46420614.06
6/15/2018,132.8262399,45623923.82
6/16/2018,122.4656451,36077970.12
6/17/2018,126.3252691,31611506.67
6/18/2018,122.9883233,29425131.69
6/19/2018,126.6209678,32481416.27
6/20/2018,125.6627881,33706191.33
6/21/2018,122.1074356,33247690.76
6/22/2018,123.0131869,29741205.04
6/23/2018,111.0671968,40772896.35
6/24/2018,115.6186701,33973517.5
6/25/2018,121.2625635,47243642.93
6/26/2018,126.7221787,38333639.38
6/27/2018,120.5258465,35252334.39
6/28/2018,128.4373174,39866559.17
6/29/2018,115.8013961,46753214.9
6/30/2018,126.5939526,37080048.72
7/1/2018,130.8970263,33368878.36
7/2/2018,128.5471859,32896824.48
7/3/2018,139.8804853,43217421.48
7/4/2018,138.3015465,34517597.85
7/5/2018,138.5624576,34179722.78
7/6/2018,138.4140182,34843102.81
7/7/2018,133.9854566,35570864.38
7/8/2018,134.3147773,36871590.38
7/9/2018,137.8527797,26123024.33
7/10/2018,135.331829,33101788.77
7/11/2018,121.2192064,30866799.15
7/12/2018,124.7232727,35638239.96
7/13/2018,120.157437,27917372.29
7/14/2018,122.1482945,24186575.12
7/15/2018,122.8161751,20438315.68
7/16/2018,123.6572401,22685671.9
7/17/2018,134.6748248,33815995.24
7/18/2018,143.649979,40380139.51
7/19/2018,138.9412706,30704021.03
7/20/2018,139.7128326,29254250.03
7/21/2018,129.964483,37308415.31
7/22/2018,131.8079304,22722745.8
7/23/2018,128.7027617,34661381.21
7/24/2018,133.4921941,64451495.83
7/25/2018,146.6480239,52707503.79
7/26/2018,142.3842693,34514547.75
7/27/2018,136.5216372,32512566.04
7/28/2018,140.2839756,27221720.88
7/29/2018,139.5108996,23626947.82
7/30/2018,135.1952683,28917081.6
7/31/2018,131.9125004,28937785.39
8/1/2018,122.2851132,31560292.92
8/2/2018,128.3700249,33934649.02
8/3/2018,122.5441845,24299636.97
8/4/2018,120.1434212,22905616.44
8/5/2018,113.8530872,19541704.79
8/6/2018,117.2802629,20617518.44
8/7/2018,113.5853823,21289387.49
8/8/2018,107.696788,22990698.69
8/9/2018,94.26508303,29775385.1
8/10/2018,100.1967656,22508540.42
8/11/2018,91.39091034,20805651.7
8/12/2018,92.9777307,29361499.58
8/13/2018,93.314785,18915965.36
8/14/2018,88.02285223,22849041.49
8/15/2018,84.13740598,30916862.48
8/16/2018,89.21117297,22940264.25
8/17/2018,90.93707558,20508025.49
8/18/2018,98.93145269,26074345.78
8/19/2018,97.9959762,28668568.63
8/20/2018,98.34279592,16580656.48
8/21/2018,93.95245642,21319178.35
8/22/2018,94.72109031,21152307.07
8/23/2018,89.82394883,21066026.42
8/24/2018,89.9284846,19019652.14
8/25/2018,93.63971533,29648514.7
8/26/2018,92.44004863,17292068.11
8/27/2018,95.08303038,46023365.95
8/28/2018,105.0781556,28862703.51
8/29/2018,107.7277779,22621938.22
8/30/2018,103.5066985,19279860.09
8/31/2018,102.6740011,35177026.08
9/1/2018,116.35718,61024244.02
9/2/2018,121.8169205,55048442.08
9/3/2018,122.4278714,36375514.62
9/4/2018,135.5648823,57366184.55
9/5/2018,137.9251966,55160019.08
9/6/2018,115.4202066,54754173.41
9/7/2018,117.5285903,49823968.61
9/8/2018,111.4701913,31121667.83
9/9/2018,103.7312377,26350412.73
9/10/2018,105.4991423,32851063.07
9/11/2018,105.3979201,33415517.98
9/12/2018,105.420999,31890533.48
9/13/2018,104.5326064,37698662.02
9/14/2018,112.1114482,43440289.19
9/15/2018,116.8119152,44360444.88
9/16/2018,119.3703404,38742536.45
9/17/2018,117.1599125,33647748.53
9/18/2018,107.2102627,42758498.15
9/19/2018,112.4485282,38536233.22
9/20/2018,109.5761968,35046537.79
9/21/2018,116.107032,37063206.25
9/22/2018,123.7422827,46713511.37
9/23/2018,122.7109768,28431294.13
9/24/2018,122.7631971,52478408.56
9/25/2018,115.1790094,32223209.57
9/26/2018,116.4945483,30022167.94
9/27/2018,115.423535,29035299.68
9/28/2018,119.517429,40555186.65
9/29/2018,116.9612256,37479780.83
9/30/2018,114.8299994,39217694.2
10/1/2018,116.2119951,30353471.77
10/2/2018,114.622158,23507188.63
10/3/2018,116.7472393,36275904.67
10/4/2018,114.8442609,28715375.51
10/5/2018,114.7893216,27724179.82
10/6/2018,115.1072708,23177771.43
10/7/2018,115.2038355,25798743.74
10/8/2018,113.5813883,27319265.91
10/9/2018,114.3478367,110604466.7
10/10/2018,113.7172961,38922888.33
10/11/2018,113.712133,168305106
10/12/2018,102.3239321,392783968.8
10/13/2018,102.8001975,296068722.4
10/14/2018,104.7136402,525248245
10/15/2018,101.4586848,380622370
10/16/2018,106.4117092,292537683.6
10/17/2018,107.813265,341151844.3
10/18/2018,108.3947505,19771437.73
10/19/2018,103.5540903,255607814.8
10/20/2018,105.0897619,332927570.2
10/21/2018,104.2794749,371426648.3
10/22/2018,104.6729001,183628977.6
10/23/2018,106.0295032,278257268.4
10/24/2018,107.425297,174295955.7
10/25/2018,105.8387525,213014781.8
10/26/2018,105.6327351,268549110
10/27/2018,103.6827246,189952529
10/28/2018,102.8396265,202971899.7
10/29/2018,103.0735109,233014745.9
10/30/2018,99.4943322,270194027.5
10/31/2018,102.2639308,255116949.6
11/1/2018,103.1593261,263071866.3
11/2/2018,103.7794988,262544478.7
11/3/2018,106.6136493,367380485.3
11/4/2018,107.1537862,433084432.3
11/5/2018,112.8612722,723253372.8
11/6/2018,110.4400435,636317155.8
11/7/2018,112.9690883,692007621.3
11/8/2018,111.8361813,674037229.8
11/9/2018,109.690941,699355681.8
11/10/2018,107.5144077,936381118.8
11/11/2018,105.9327296,768949419
11/12/2018,106.5108422,779181878.6
11/13/2018,105.8681858,1207954453
11/14/2018,105.9804243,553204015.3
11/15/2018,93.92294666,285954466.4
11/16/2018,91.25146648,264683974.2
11/17/2018,89.49063683,256390271.9
11/18/2018,90.2954487,222258637.5
11/19/2018,89.65523666,25695260.77
11/20/2018,74.4643343,90353137.21
11/21/2018,67.58858715,129136341.2
11/22/2018,69.65702394,134117978.1
11/23/2018,66.04740845,127949223.3
11/24/2018,67.75544829,119941585.9
11/25/2018,59.83335923,95042985.19
11/26/2018,58.96986898,80243893.51
11/27/2018,54.47286685,124390309.7
11/28/2018,57.6115096,122787447.1
11/29/2018,63.64143413,390767004.4
11/30/2018,62.05094093,376737449.7
12/1/2018,58.80688148,465216213.4
12/2/2018,59.85235406,288222511.7
12/3/2018,59.86943921,118010589.1
12/4/2018,55.74006641,96796452.37
12/5/2018,57.74015568,110765779.3
