Date,RE_ETF,Volume
4/29/2013,58.683884,4371600
4/30/2013,59.256599,7901100
5/1/2013,58.853271,19735200
5/2/2013,59.07914,4746700
5/3/2013,59.127533,6804300
5/6/2013,59.361481,4539300
5/7/2013,59.708321,7326500
5/8/2013,59.853519,5550500
5/9/2013,59.546997,12540900
5/10/2013,59.563133,4807500
5/13/2013,59.651863,5141500
5/14/2013,59.966446,6114500
5/15/2013,60.498856,12938900
5/16/2013,60.30526,11084100
5/17/2013,60.684383,11377800
5/20/2013,60.652103,6560000
5/21/2013,60.934444,5619400
5/22/2013,59.426006,26250400
5/23/2013,58.595139,17882300
5/24/2013,58.369286,11804000
5/28/2013,57.788494,15416700
5/29/2013,56.634987,23698500
5/30/2013,56.094536,13778600
5/31/2013,55.408867,20832400
6/3/2013,55.546017,25223500
6/4/2013,54.900688,17821400
6/5/2013,54.311821,19959500
6/6/2013,55.328194,21649800
6/7/2013,55.295944,16045900
6/10/2013,54.811951,17666100
6/11/2013,53.973034,17765800
6/12/2013,53.182526,16537000
6/13/2013,54.80389,21085000
6/14/2013,54.941029,13991400
6/17/2013,55.013618,10786100
6/18/2013,55.102348,14319100
6/19/2013,53.448719,34471300
6/20/2013,51.359489,31601500
6/21/2013,51.964474,24105500
6/24/2013,51.633743,30133200
6/25/2013,52.585594,18040500
6/26/2013,53.372131,16898500
6/27/2013,54.324776,13893800
6/28/2013,54.088638,12025100
7/1/2013,53.803673,14941100
7/2/2013,54.430611,12520400
7/3/2013,54.194496,8076200
7/5/2013,53.624546,16119500
7/8/2013,53.836254,6958000
7/9/2013,54.520187,9422400
7/10/2013,54.520187,10060200
7/11/2013,56.026493,16742100
7/12/2013,55.660088,10555600
7/15/2013,55.86364,6986300
7/16/2013,55.77409,6891000
7/17/2013,56.067211,14463800
7/18/2013,56.417316,7176600
7/19/2013,56.360332,7701100
7/22/2013,56.523159,4684700
7/23/2013,56.498741,4930000
7/24/2013,55.399555,13685200
7/25/2013,55.3344,10019400
7/26/2013,55.480968,5577000
7/29/2013,55.041283,6999900
7/30/2013,54.976143,6200400
7/31/2013,54.218914,17578300
8/1/2013,53.917664,12801700
8/2/2013,53.681538,16858500
8/5/2013,53.648972,5471400
8/6/2013,53.461697,5899900
8/7/2013,53.241859,6218300
8/8/2013,53.290707,6905300
8/9/2013,53.795525,6247000
8/12/2013,53.355843,8185500
8/13/2013,52.623047,10889000
8/14/2013,52.50906,13474200
8/15/2013,51.515709,17106100
8/16/2013,50.32695,22158900
8/19/2013,49.643009,15340000
8/20/2013,50.807346,20078000
8/21/2013,50.701492,19768900
8/22/2013,50.986473,15039600
8/23/2013,51.580841,9662400
8/26/2013,51.385426,5527400
8/27/2013,51.230724,7907000
8/28/2013,50.986473,5761700
8/29/2013,51.06789,4663600
8/30/2013,50.677059,6533700
9/3/2013,50.25367,12854500
9/4/2013,50.611931,11140200
9/5/2013,50.180397,7406700
9/6/2013,51.10046,12815100
9/9/2013,52.110085,11123300
9/10/2013,52.044952,8889000
9/11/2013,52.403202,9867700
9/12/2013,52.069374,9121300
9/13/2013,52.183365,8046000
9/16/2013,52.696335,13644600
9/17/2013,52.655621,8761600
9/18/2013,54.495762,37540300
9/19/2013,54.284054,20322800
9/20/2013,53.347702,17910100
9/23/2013,53.00573,12152500
9/24/2013,52.655777,13075000
9/25/2013,52.836582,9013600
9/26/2013,53.157108,4380700
9/27/2013,52.959854,5971100
9/30/2013,52.425655,9374800
10/1/2013,53.222851,16465300
10/2/2013,53.255726,11800100
10/3/2013,52.433876,23591100
10/4/2013,52.244846,13296400
10/7/2013,52.474964,7675500
10/8/2013,51.875019,9526700
10/9/2013,51.858578,9436400
10/10/2013,53.099575,23726100
10/11/2013,53.609112,11282500
10/14/2013,53.592674,15004400
10/15/2013,53.42009,8338500
10/16/2013,54.38987,16177500
10/17/2013,55.228161,19146900
10/18/2013,55.121315,11933200
10/21/2013,54.833679,9373400
10/22/2013,55.417175,10465300
10/23/2013,55.532238,13218500
10/24/2013,55.49115,6881800
10/25/2013,56.033562,7983500
10/28/2013,55.647297,8219400
10/29/2013,55.178852,8522000
10/30/2013,54.776142,7474200
10/31/2013,54.381653,9070700
11/1/2013,54.726826,16618700
11/4/2013,54.800797,4092900
11/5/2013,53.970734,9774500
11/6/2013,53.962517,4892000
11/7/2013,53.305031,9769500
11/8/2013,52.590031,17449800
11/11/2013,52.548935,6158600
11/12/2013,52.368126,10349700
11/13/2013,52.737953,6905000
11/14/2013,53.157108,7918300
11/15/2013,53.288593,11699600
11/18/2013,52.91877,6279000
11/19/2013,52.51606,8551800
11/20/2013,52.055828,10075700
11/21/2013,52.335255,7412500
11/22/2013,52.179096,5750500
11/25/2013,51.957203,5823800
11/26/2013,51.80928,6277300
11/27/2013,52.343475,5205300
11/29/2013,51.858578,4961700
12/2/2013,51.587379,9128400
12/3/2013,51.529846,7106800
12/4/2013,51.644897,15225500
12/5/2013,51.702435,11587100
12/6/2013,52.105137,9929900
12/9/2013,52.442097,9697700
12/10/2013,52.442097,6791800
12/11/2013,51.307938,13703100
12/12/2013,50.962769,8008900
12/13/2013,51.168232,5952900
12/16/2013,51.225761,6769100
12/17/2013,51.49696,7415100
12/18/2013,52.401001,20907600
12/19/2013,51.759972,12584500
12/20/2013,52.162663,14497800
12/23/2013,52.236397,8197500
12/24/2013,52.327641,3641500
12/26/2013,52.385712,4603100
12/27/2013,52.452065,11549200
12/30/2013,52.493549,3941800
12/31/2013,52.327641,6767300
1/2/2014,52.244698,10310500
1/3/2014,52.55162,6368400
1/6/2014,52.767307,7108000
1/7/2014,52.94981,9676100
1/8/2014,52.866852,9098800
1/9/2014,52.841965,8012900
1/10/2014,53.472416,13050800
1/13/2014,53.124016,8248200
1/14/2014,53.455822,5319500
1/15/2014,53.704689,7612600
1/16/2014,53.829121,11237800
1/17/2014,53.654922,8539200
1/21/2014,54.02821,10145000
1/22/2014,54.169243,8165500
1/23/2014,54.144341,10437200
1/24/2014,53.347988,13019600
1/27/2014,53.024464,11158300
1/28/2014,53.563667,7727800
1/29/2014,53.314804,9226100
1/30/2014,53.961857,9384200
1/31/2014,54.127758,12207500
2/3/2014,53.339699,16058300
2/4/2014,53.895485,16129900
2/5/2014,53.878895,12270400
2/6/2014,54.277081,10567500
2/7/2014,54.642082,10915400
2/10/2014,55.139797,12611400
2/11/2014,55.330589,13250700
2/12/2014,55.363773,6358300
2/13/2014,55.579456,10486100
2/14/2014,55.803429,6953700
2/18/2014,56.135246,12370800
2/19/2014,56.11866,13736700
2/20/2014,56.019108,7509200
2/21/2014,56.110367,8399400
2/24/2014,56.201614,11196700
2/25/2014,56.226509,6091200
2/26/2014,56.384121,10265300
2/27/2014,56.32605,5632900
2/28/2014,56.699341,14613500
3/3/2014,56.740826,11517800
3/4/2014,57.437634,15107900
3/5/2014,57.362976,12690500
3/6/2014,57.08923,8717000
3/7/2014,56.442188,14545300
3/10/2014,56.234798,11747500
3/11/2014,56.541729,10502200
3/12/2014,56.666157,6888400
3/13/2014,56.483665,9383600
3/14/2014,56.500244,8557400
3/17/2014,56.591499,9020200
3/18/2014,56.84037,10663100
3/19/2014,55.836617,16403800
3/20/2014,55.911282,15716900
3/21/2014,56.367527,18908000
3/24/2014,56.035702,10919300
3/25/2014,56.446423,10306800
3/26/2014,55.817101,10498200
3/27/2014,56.085606,8288600
3/28/2014,56.454826,8326600
3/31/2014,56.782066,8762400
4/1/2014,57.142891,15963700
4/2/2014,57.151276,10488700
4/3/2014,56.949883,10216600
4/4/2014,57.176456,12050300
4/7/2014,57.235188,15098800
4/8/2014,57.554039,8741500
4/9/2014,57.512089,7283500
4/10/2014,57.000233,8403900
4/11/2014,56.656212,9716100
4/14/2014,56.865974,10463400
4/15/2014,57.470135,10085800
4/16/2014,57.814178,9370800
4/17/2014,57.654743,16927900
4/21/2014,57.898075,8530200
4/22/2014,58.091072,6935500
4/23/2014,57.914856,4599600
4/24/2014,58.107849,6275800
4/25/2014,57.906467,5370400
4/28/2014,58.208561,10062200
4/29/2014,58.242111,4539100
4/30/2014,58.502232,6472600
5/1/2014,58.955341,16973700
5/2/2014,58.930183,9439500
5/5/2014,59.13995,12375000
5/6/2014,58.92178,7561800
5/7/2014,59.609848,16037200
5/8/2014,59.643425,8538700
5/9/2014,59.635017,5697000
5/12/2014,59.760883,5852900
5/13/2014,59.408466,9089000
5/14/2014,59.559502,8881100
5/15/2014,59.458813,19027700
5/16/2014,59.895134,12725700
5/19/2014,59.676979,7203000
5/20/2014,59.492378,4401400
5/21/2014,59.257431,6551900
5/22/2014,59.207077,6768400
5/23/2014,59.651802,5231400
5/27/2014,60.012611,7870600
5/28/2014,59.769279,7279400
5/29/2014,59.844799,4650500
5/30/2014,60.138481,11869100
6/2/2014,60.24757,8329500
6/3/2014,60.172039,4321300
6/4/2014,60.230782,14897800
6/5/2014,61.170574,19628800
6/6/2014,61.044724,7067900
6/9/2014,60.390217,8543900
6/10/2014,60.079742,14633400
6/11/2014,59.836407,11071200
6/12/2014,59.660194,11311100
6/13/2014,59.811226,5871800
6/16/2014,59.509151,11354100
6/17/2014,59.576286,5946000
6/18/2014,59.945496,12276900
6/19/2014,60.406982,8030000
6/20/2014,60.616772,9347500
6/23/2014,60.474136,7420400
6/24/2014,60.501839,6881800
6/25/2014,60.501839,7041800
6/26/2014,60.434135,5258500
6/27/2014,60.797966,6817900
6/30/2014,60.747211,8877300
7/1/2014,60.899529,7629500
7/2/2014,60.831833,8719400
7/3/2014,60.54414,5647500
7/7/2014,60.603371,9888700
7/8/2014,60.789528,9211300
7/9/2014,60.924911,6034300
7/10/2014,61.119537,9408700
7/11/2014,61.161842,4181600
7/14/2014,61.441074,11197000
7/15/2014,61.424168,5842900
7/16/2014,61.652622,14368800
7/17/2014,61.288776,7140300
7/18/2014,61.830311,9755300
7/21/2014,61.652622,4800800
7/22/2014,61.91494,7678700
7/23/2014,62.050335,5012100
7/24/2014,61.889561,7350400
7/25/2014,61.542629,7043100
7/28/2014,61.91494,7385900
7/29/2014,61.627239,5042400
7/30/2014,61.568012,10712100
7/31/2014,60.679523,15782800
8/1/2014,60.561047,14631500
8/4/2014,60.924911,8981900
8/5/2014,60.383358,15723600
8/6/2014,60.493362,9586500
8/7/2014,60.586437,6944400
8/8/2014,61.043373,6750200
8/11/2014,61.38184,9721300
8/12/2014,61.204166,3882900
8/13/2014,61.965721,5739400
8/14/2014,61.948792,6522600
8/15/2014,62.00803,9707600
8/18/2014,62.583412,15038000
8/19/2014,62.634182,7827000
8/20/2014,62.938812,15038100
8/21/2014,62.879574,4645100
8/22/2014,62.456486,8299600
8/25/2014,62.431099,7306100
8/26/2014,62.431099,3133800
8/27/2014,62.532642,2845500
8/28/2014,62.473427,4091100
8/29/2014,62.786499,6178900
9/2/2014,62.820351,5386100
9/3/2014,62.837284,8656900
9/4/2014,62.718819,10887000
9/5/2014,63.311131,13249500
9/8/2014,63.201122,8470200
9/9/2014,62.862667,7008100
9/10/2014,61.991089,14574000
9/11/2014,62.067257,6952900
9/12/2014,60.281807,26158100
9/15/2014,60.036419,10270100
9/16/2014,60.484901,12545200
9/17/2014,60.442596,18717900
9/18/2014,60.00259,14133700
9/19/2014,60.036419,12906500
9/22/2014,59.503319,16170500
9/23/2014,59.16486,8117200
9/24/2014,59.105083,14179000
9/25/2014,58.814766,13587200
9/26/2014,59.463711,11235300
9/29/2014,59.446636,10652300
9/30/2014,59.087997,13406000
10/1/2014,59.122147,15034400
10/2/2014,59.028233,11962700
10/3/2014,59.429543,6240600
10/6/2014,59.506397,11312400
10/7/2014,59.156311,9329100
10/8/2014,60.283421,13191700
10/9/2014,60.206573,18339100
10/10/2014,60.121178,11216900
10/13/2014,60.018726,10469700
10/14/2014,60.923832,15145100
10/15/2014,60.496887,16837100
10/16/2014,60.659119,19074200
10/17/2014,60.966526,10453600
10/20/2014,61.837479,12469500
10/21/2014,62.42664,8566600
10/22/2014,62.401028,20312600
10/23/2014,62.870667,7534300
10/24/2014,62.896271,6597300
10/27/2014,63.271976,9239800
10/28/2014,63.476913,5138800
10/29/2014,63.007267,17115000
10/30/2014,63.545219,9229400
10/31/2014,64.023399,11739400
11/3/2014,64.518646,12949400
11/4/2014,64.595482,9954600
11/5/2014,64.595482,15315300
11/6/2014,64.32225,9263600
11/7/2014,64.271027,11903100
11/10/2014,64.561333,5578800
11/11/2014,64.399117,4006400
11/12/2014,64.066086,6982900
11/13/2014,64.32225,4929900
11/14/2014,63.929474,10126800
11/17/2014,64.168556,5108100
11/18/2014,64.475922,8649400
11/19/2014,64.074623,6087700
11/20/2014,64.253937,5225700
11/21/2014,64.723564,11641500
11/24/2014,64.91143,6410800
11/25/2014,65.090744,5977200
11/26/2014,65.577431,24093400
11/28/2014,65.765297,6364800
12/1/2014,65.526215,6441100
12/2/2014,65.756752,8905700
12/3/2014,65.696991,6650400
12/4/2014,65.799454,11707200
12/5/2014,65.457909,18115200
12/8/2014,65.748215,13087400
12/9/2014,65.970222,8587200
12/10/2014,65.816536,8776700
12/11/2014,65.876305,11043400
12/12/2014,65.27858,12861800
12/15/2014,64.510094,10420800
12/16/2014,64.211243,14201200
12/17/2014,65.645737,18752800
12/18/2014,66.234932,14002900
12/19/2014,66.371544,9311400
12/22/2014,67.4645,15917300
12/23/2014,67.122948,9392600
12/24/2014,66.84726,4057500
12/26/2014,67.106102,2903000
12/29/2014,67.399437,3913300
12/30/2014,67.330414,7674500
12/31/2014,66.295074,9269300
1/2/2015,67.114716,12872400
1/5/2015,67.339043,17764500
1/6/2015,67.830833,12123800
1/7/2015,68.710854,10974600
1/8/2015,69.099075,10111700
1/9/2015,69.124977,7300400
1/12/2015,69.504578,7149400
1/13/2015,69.323395,12015700
1/14/2015,69.780663,10170100
1/15/2015,69.875572,12157200
1/16/2015,70.470879,12006100
1/20/2015,69.918716,13477600
1/21/2015,69.815186,6809800
1/22/2015,71.178345,10639600
1/23/2015,71.031685,5032700
1/26/2015,71.73053,8672500
1/27/2015,71.635628,4193200
1/28/2015,71.126595,12341600
1/29/2015,71.247391,6878100
1/30/2015,70.082626,10085200
2/2/2015,69.858315,24404900
2/3/2015,70.505409,9980300
2/4/2015,70.298332,7781900
2/5/2015,71.031685,10348300
2/6/2015,69.159477,16524700
2/9/2015,68.831627,8727900
2/10/2015,69.073181,9174000
2/11/2015,68.926529,7335800
2/12/2015,69.66851,9485200
2/13/2015,69.288887,8445900
2/17/2015,69.090462,12515000
2/18/2015,69.677147,14071100
2/19/2015,68.34848,12481500
2/20/2015,68.978294,11002900
2/23/2015,69.521851,13375200
2/24/2015,68.210426,20616400
2/25/2015,68.357109,10763300
2/26/2015,67.779045,9507800
2/27/2015,68.262199,8342300
3/2/2015,68.529655,14633600
3/3/2015,68.34848,9993100
3/4/2015,67.779045,8213300
3/5/2015,68.003365,10927900
3/6/2015,65.932732,20520000
3/9/2015,66.519386,9657400
3/10/2015,66.191551,12368700
3/11/2015,66.286469,8404700
3/12/2015,67.382164,8212300
3/13/2015,67.131973,6949400
3/16/2015,67.865334,7447800
3/17/2015,67.804932,9367700
3/18/2015,69.14222,18567000
3/19/2015,69.038681,11850700
3/20/2015,70.712456,17722200
3/23/2015,70.608932,7315900
3/24/2015,70.039505,12777500
3/25/2015,68.882607,15304100
3/26/2015,68.491188,10719700
3/27/2015,68.726036,7472600
3/30/2015,69.500183,11187600
3/31/2015,68.995674,7088100
4/1/2015,68.986977,11380500
4/2/2015,69.44799,9027900
4/6/2015,70.143867,10547300
4/7/2015,69.004395,9165700
4/8/2015,69.195755,5823400
4/9/2015,67.977974,10568000
4/10/2015,67.934464,8592400
4/13/2015,67.743118,7430900
4/14/2015,67.882286,5267000
4/15/2015,67.482178,9424600
4/16/2015,67.760498,7173900
4/17/2015,67.40387,10724100
4/20/2015,67.490852,10799300
4/21/2015,67.543045,8797900
4/22/2015,67.743118,5737300
4/23/2015,67.864891,5199300
4/24/2015,67.977974,4576400
4/27/2015,67.795311,9280800
4/28/2015,67.777908,5714900
4/29/2015,66.447044,11454400
4/30/2015,65.67289,17918700
5/1/2015,66.020821,21746800
5/4/2015,66.194794,14824500
5/5/2015,64.742172,11862900
5/6/2015,64.568207,12904800
5/7/2015,65.420647,16791000
5/8/2015,66.420959,13075500
5/11/2015,65.455437,13330800
5/12/2015,65.646797,11913400
5/13/2015,65.098801,12145200
5/14/2015,66.281784,7909700
5/15/2015,66.829788,13163300
5/18/2015,66.629707,7058500
5/19/2015,66.542725,8381900
5/20/2015,66.403542,8277000
5/21/2015,66.099113,5536800
5/22/2015,66.116508,4251100
5/26/2015,65.716377,6393800
5/27/2015,66.212189,5962000
5/28/2015,66.168701,7022300
5/29/2015,65.455437,15260900
6/1/2015,66.090431,8459900
6/2/2015,65.551132,9112700
6/3/2015,64.759552,11586200
6/4/2015,64.698677,8710300
6/5/2015,63.915829,17844800
6/8/2015,63.785336,7127300
6/9/2015,63.324333,7886200
6/10/2015,63.776653,12669800
6/11/2015,64.281143,8347600
6/12/2015,64.159355,4892600
6/15/2015,63.828831,5062000
6/16/2015,64.342041,5015000
6/17/2015,64.768257,15038300
6/18/2015,65.664192,13450000
6/19/2015,65.237976,11366700
6/22/2015,64.594276,9208800
6/23/2015,64.281143,10518500
6/24/2015,63.893055,7574800
6/25/2015,63.313805,10651800
6/26/2015,63.620987,9671100
6/29/2015,62.602913,7226300
6/30/2015,62.638016,13702600
7/1/2015,63.53323,10856300
7/2/2015,63.735077,7691800
7/6/2015,63.989597,11054900
7/7/2015,64.946251,12555400
7/8/2015,64.603935,7358500
7/9/2015,64.288002,8497100
7/10/2015,64.744385,12232300
7/13/2015,64.858475,9096300
7/14/2015,65.007683,5039200
7/15/2015,65.104218,5691900
7/16/2015,65.543045,6128500
7/17/2015,65.288528,11760900
7/20/2015,65.411415,4780500
7/21/2015,65.200768,5816200
7/22/2015,65.376297,6674800
7/23/2015,64.884804,8558000
7/24/2015,64.92868,5632000
7/27/2015,65.042778,6326100
7/28/2015,65.165657,6276000
7/29/2015,65.499153,7111000
7/30/2015,65.25341,6573800
7/31/2015,65.665924,10817000
8/3/2015,65.990639,6576200
8/4/2015,65.657135,11675200
8/5/2015,65.376297,19488200
8/6/2015,65.376297,12177900
8/7/2015,65.604492,8922300
8/10/2015,65.604492,6650700
8/11/2015,66.043312,15081600
8/12/2015,66.148643,9449200
8/13/2015,66.262703,6766300
8/14/2015,66.648888,6092100
8/17/2015,67.157913,13312500
8/18/2015,67.210571,7646100
8/19/2015,66.833199,12455500
8/20/2015,66.306595,10035600
8/21/2015,64.972565,15775300
8/24/2015,61.997322,30430400
8/25/2015,60.408783,19250300
8/26/2015,61.935902,15152900
8/27/2015,63.182152,12395800
8/28/2015,63.103168,8456700
8/31/2015,61.883228,10495600
9/1/2015,60.680847,12235700
9/2/2015,61.330311,8836800
9/3/2015,61.46196,8479800
9/4/2015,60.285908,11283100
9/8/2015,61.198669,11894600
9/9/2015,60.452667,9362400
9/10/2015,60.522884,8826100
9/11/2015,61.523388,8895200
9/14/2015,61.479519,6123800
9/15/2015,62.023663,7405000
9/16/2015,62.804764,6440100
9/17/2015,63.410351,23255500
9/18/2015,63.190937,15571600
9/21/2015,63.752628,12965300
9/22/2015,62.90131,7487300
9/23/2015,63.199699,6846100
9/24/2015,62.655548,9862500
9/25/2015,62.926643,8098100
9/28/2015,61.801533,11976500
9/29/2015,62.23563,10142100
9/30/2015,62.846912,9874900
10/1/2015,63.148125,8296500
10/2/2015,63.697395,12667900
10/5/2015,64.840225,6663000
10/6/2015,64.680748,4900900
10/7/2015,65.309761,6780200
10/8/2015,65.850174,8343400
10/9/2015,65.779297,5761900
10/12/2015,66.133659,5143600
10/13/2015,65.646423,8391100
10/14/2015,65.221169,8572800
10/15/2015,65.965355,5692000
10/16/2015,66.496895,5913700
10/19/2015,67.285347,7806700
10/20/2015,67.365097,10961400
10/21/2015,67.1259,5887900
10/22/2015,67.861183,8893900
10/23/2015,67.232201,8063000
10/26/2015,67.179047,6239000
10/27/2015,67.081589,9751800
10/28/2015,67.320793,16084400
10/29/2015,67.276497,7657800
10/30/2015,66.762672,9418500
11/2/2015,68.242157,20538100
11/3/2015,67.604286,7607300
11/4/2015,67.276497,7162600
11/5/2015,67.471405,8065900
11/6/2015,65.5401,23851000
11/9/2015,64.654182,13643800
11/10/2015,65.247749,9734500
11/11/2015,65.327469,4765400
11/12/2015,64.857941,6101900
11/13/2015,64.175766,11693000
11/16/2015,64.928818,7639900
11/17/2015,64.964249,9096300
11/18/2015,65.655266,8297800
11/19/2015,65.841324,6543000
11/20/2015,66.51461,7804800
11/23/2015,66.629768,5148700
11/24/2015,66.301979,9755400
11/25/2015,66.523453,4324400
11/27/2015,67.055008,3255300
11/30/2015,66.629768,12528300
12/1/2015,67.453674,9098100
12/2/2015,66.17794,8035600
12/3/2015,65.203445,14229900
12/4/2015,66.293137,9648400
12/7/2015,66.115952,9785600
12/8/2015,65.956482,9961000
12/9/2015,65.548943,13820000
12/10/2015,65.17688,6709400
12/11/2015,64.875656,10311100
12/14/2015,65.079422,13496100
12/15/2015,65.79702,10914100
12/16/2015,67.090454,15076200
12/17/2015,66.762672,9570800
12/18/2015,65.912178,14399200
12/21/2015,66.248825,9353700
12/22/2015,66.523453,8286600
12/23/2015,67.276497,7034200
12/24/2015,67.29454,3726600
12/28/2015,67.491951,6272800
12/29/2015,68.182838,5219300
12/30/2015,67.877777,4516300
12/31/2015,67.366333,7588400
1/4/2016,66.711334,14761900
1/5/2016,67.805984,11206900
1/6/2016,67.58168,11334600
1/7/2016,66.074287,11830900
1/8/2016,65.293663,10708700
1/11/2016,65.553871,9507700
1/12/2016,65.096275,10253000
1/13/2016,64.109268,11502400
1/14/2016,64.019554,10981100
1/15/2016,63.292763,14280200
1/19/2016,63.48119,15626800
1/20/2016,61.794353,21693100
1/21/2016,62.207096,13935300
1/22/2016,63.929813,12986400
1/25/2016,63.301758,10029600
1/26/2016,64.656609,9251600
1/27/2016,63.651676,11347200
1/28/2016,63.229969,13330300
1/29/2016,64.602776,16413000
2/1/2016,64.611725,17044700
2/2/2016,63.929813,10321700
2/3/2016,64.243874,9725600
2/4/2016,64.315651,6837700
2/5/2016,62.871067,11681100
2/8/2016,61.022705,14662000
2/9/2016,60.035717,13255500
2/10/2016,60.349754,9704500
2/11/2016,59.461468,12573300
2/12/2016,60.233116,9710500
2/16/2016,61.390579,7284800
2/17/2016,61.946884,8160800
2/18/2016,62.539066,7608200
2/19/2016,62.67366,7120900
2/22/2016,63.40044,9057300
2/23/2016,63.247906,4253300
2/24/2016,63.274815,5452000
2/25/2016,64.423332,6692900
2/26/2016,64.225922,6575400
2/29/2016,64.118256,8193700
3/1/2016,65.787155,15292900
3/2/2016,66.289612,6681000
3/3/2016,66.621605,6391700
3/4/2016,66.801064,5268100
3/7/2016,66.926674,8084200
3/8/2016,66.235771,7102900
3/9/2016,66.504974,3474800
3/10/2016,66.334496,8688600
3/11/2016,67.904686,9317600
3/14/2016,67.814957,5224000
3/15/2016,67.797012,7123500
3/16/2016,68.658386,8958600
3/17/2016,69.618454,9731000
3/18/2016,69.349274,7792700
3/21/2016,68.900642,7313800
3/22/2016,68.918594,9185800
3/23/2016,68.432793,5198900
3/24/2016,68.487274,5752000
3/28/2016,69.013878,6314800
3/29/2016,70.384895,9590200
3/30/2016,70.27594,5648100
3/31/2016,70.693596,5861100
4/1/2016,70.738998,11121200
4/4/2016,70.63913,6863400
4/5/2016,70.239609,10308600
4/6/2016,70.41214,5587500
4/7/2016,70.030785,7933200
4/8/2016,70.43029,6670700
4/11/2016,70.339485,7993500
4/12/2016,70.820717,8504100
4/13/2016,70.657288,7197600
4/14/2016,70.203308,5547600
4/15/2016,70.666367,6525900
4/18/2016,70.965981,6576100
4/19/2016,71.038612,5342000
4/20/2016,70.039871,11451500
4/21/2016,68.850449,12773600
4/22/2016,69.585884,6374100
4/25/2016,70.021721,5130500
4/26/2016,70.27594,6329600
4/27/2016,70.257767,7181800
4/28/2016,70.094345,6160000
4/29/2016,69.513252,11074600
5/2/2016,70.439377,10588200
5/3/2016,70.285019,5919500
5/4/2016,71.229286,10523700
5/5/2016,71.501678,6963000
5/6/2016,72.200806,9213600
5/9/2016,72.781906,8998700
5/10/2016,72.918091,7212600
5/11/2016,71.61972,11123200
5/12/2016,71.973816,6421300
5/13/2016,71.392715,7285200
5/16/2016,71.955658,6116200
5/17/2016,70.866112,12037900
5/18/2016,69.876427,13868300
5/19/2016,69.122833,9722400
5/20/2016,69.676674,8651100
5/23/2016,69.740242,7112200
5/24/2016,70.575554,8501300
5/25/2016,70.684517,6782800
5/26/2016,70.729919,7101200
5/27/2016,71.038612,5950900
5/31/2016,71.047699,9922800
6/1/2016,71.093102,13566800
6/2/2016,71.474434,6904200
6/3/2016,71.692352,10328700
6/6/2016,71.247452,11093200
6/7/2016,71.683266,5535500
6/8/2016,72.064606,5825100
6/9/2016,72.173576,5074600
6/10/2016,71.819466,7315500
6/13/2016,71.764992,6863300
6/14/2016,71.374565,5850100
6/15/2016,72.028305,6816000
6/16/2016,72.391487,6448500
6/17/2016,72.282532,9294500
6/20/2016,72.418732,10090800
6/21/2016,72.71685,6669500
6/22/2016,72.680206,6439100
6/23/2016,73.165779,4847800
6/24/2016,72.277084,14430400
6/27/2016,72.139656,10629600
6/28/2016,73.706314,10328500
6/29/2016,74.649986,11383600
6/30/2016,75.483704,10251600
7/1/2016,75.428734,12802500
7/5/2016,76.00592,9271300
7/6/2016,75.731079,9176100
7/7/2016,75.062263,8414100
7/8/2016,76.17083,6783200
7/11/2016,76.720528,7621300
7/12/2016,76.812141,10153600
7/13/2016,77.132813,8052000
7/14/2016,76.564789,8967100
7/15/2016,76.628922,8375800
7/18/2016,76.821304,4564400
7/19/2016,77.169472,6164200
7/20/2016,77.151138,5427200
7/21/2016,77.261086,6274800
7/22/2016,77.902397,6486700
7/25/2016,77.829102,3462900
7/26/2016,77.471794,3788700
7/27/2016,76.922104,6644200
7/28/2016,77.49012,5188800
7/29/2016,78.241386,8250700
8/1/2016,78.516235,6392100
8/2/2016,77.325211,9270700
8/3/2016,76.995392,6842100
8/4/2016,76.812141,6181500
8/5/2016,76.912933,8833000
8/8/2016,76.986229,6819900
8/9/2016,77.270248,5204300
8/10/2016,77.169472,6626300
8/11/2016,76.436523,7552300
8/12/2016,76.64724,6637800
8/15/2016,76.59227,5101600
8/16/2016,75.694435,6807700
8/17/2016,75.914291,10686600
8/18/2016,75.694435,5918300
8/19/2016,75.144699,6538000
8/22/2016,75.529526,6701200
8/23/2016,75.694435,4882500
8/24/2016,75.327957,4554400
8/25/2016,75.602814,5365800
8/26/2016,74.897346,11479500
8/29/2016,75.602814,4248400
8/30/2016,75.474541,5068800
8/31/2016,75.621132,6967000
9/1/2016,75.492867,9000400
9/2/2016,76.097534,7591700
9/6/2016,76.638077,9714000
9/7/2016,77.077843,7966300
9/8/2016,76.198311,6647100
9/9/2016,73.165779,17349400
9/12/2016,74.054474,13320200
9/13/2016,72.249611,14340900
9/14/2016,72.469475,7384300
9/15/2016,72.799294,7345700
9/16/2016,72.726013,10133700
9/19/2016,73.413139,6186400
9/20/2016,73.294037,7847700
9/21/2016,74.136925,12499400
9/22/2016,75.575317,10324100
9/23/2016,75.767723,9020800
9/26/2016,75.855949,5762100
9/27/2016,75.264633,6379700
9/28/2016,75.680412,4672900
9/29/2016,74.867332,7136000
9/30/2016,74.506996,9896500
10/3/2016,73.158035,15512600
10/4/2016,72.104744,11730800
10/5/2016,70.709579,15890000
10/6/2016,70.829689,13203300
10/7/2016,70.72805,10976900
10/10/2016,71.143822,5210400
10/11/2016,70.432404,8292700
10/12/2016,71.384064,4880700
10/13/2016,71.781357,9980300
10/14/2016,71.54113,9223800
10/17/2016,71.633514,5460800
10/18/2016,72.123215,4899300
10/19/2016,72.428116,4842900
10/20/2016,72.150925,3795600
10/21/2016,72.05854,4456500
10/24/2016,72.252556,5336500
10/25/2016,72.113976,3609000
10/26/2016,71.273186,8385500
10/27/2016,69.63781,12575200
10/28/2016,69.776382,7028400
10/31/2016,70.811211,9920800
11/1/2016,69.249733,13173300
11/2/2016,68.362747,11959300
11/3/2016,67.965469,8040500
11/4/2016,68.325798,9855600
11/7/2016,69.443779,12150900
11/8/2016,69.868797,6831700
11/9/2016,68.575256,18535400
11/10/2016,67.327942,26429700
11/11/2016,67.688278,10174200
11/14/2016,68.833969,18962800
11/15/2016,68.584511,10743900
11/16/2016,68.436668,7473900
11/17/2016,67.87307,10301400
11/18/2016,68.076324,6874900
11/21/2016,68.085571,8475000
11/22/2016,69.249733,7707100
11/23/2016,68.870918,8504000
11/25/2016,69.222015,3487600
11/28/2016,69.46225,7222300
11/29/2016,70.035095,7662400
11/30/2016,69.157341,10068900
12/1/2016,68.067085,12051600
12/2/2016,68.787766,7779600
12/5/2016,69.332886,9684400
12/6/2016,69.776382,7492700
12/7/2016,71.13459,10029900
12/8/2016,71.494934,8365300
12/9/2016,71.439491,7254700
12/12/2016,71.882988,11162600
12/13/2016,71.882988,10695500
12/14/2016,70.552505,15504300
12/15/2016,70.025856,10382200
12/16/2016,70.959045,9780700
12/19/2016,71.7444,10510500
12/20/2016,71.873749,6843800
12/21/2016,70.989471,8885800
12/22/2016,70.858292,4245100
12/23/2016,71.045692,2930900
12/27/2016,71.129997,2740000
12/28/2016,70.708405,5386600
12/29/2016,71.411079,5634500
12/30/2016,72.085648,5978900
1/3/2017,72.376099,6305100
1/4/2017,73.369209,10804600
1/5/2017,73.622177,9419600
1/6/2017,73.462898,6768300
1/9/2017,72.975716,6584600
1/10/2017,72.291779,7720800
1/11/2017,71.98259,8190600
1/12/2017,72.310509,9531700
1/13/2017,72.235558,5200100
1/17/2017,72.722755,6798800
1/18/2017,72.844543,5592200
1/19/2017,72.085648,9277900
1/20/2017,72.544739,7716600
1/23/2017,73.097504,5135900
1/24/2017,73.266144,6270200
1/25/2017,72.872658,7830000
1/26/2017,72.797699,5819700
1/27/2017,72.11377,5415400
1/30/2017,71.617203,5317900
1/31/2017,72.179344,7263300
2/1/2017,71.326759,9419400
2/2/2017,72.123131,7063000
2/3/2017,72.610321,7572100
2/6/2017,72.36673,6787300
2/7/2017,72.263649,4041100
2/8/2017,72.788338,7792200
2/9/2017,73.013184,3932800
2/10/2017,73.575333,6092000
2/13/2017,73.818939,6678900
2/14/2017,73.4067,8255300
2/15/2017,73.341095,10263200
2/16/2017,73.687759,8259900
2/17/2017,73.809555,6812900
2/21/2017,74.737091,8555800
2/22/2017,74.549713,8049000
2/23/2017,74.868271,7428300
2/24/2017,75.243027,6302100
2/27/2017,75.636536,5330300
2/28/2017,75.336716,6795400
3/1/2017,75.102493,10800600
3/2/2017,74.793312,5007200
3/3/2017,74.615303,7677600
3/6/2017,74.268639,9243900
3/7/2017,73.950096,4543200
3/8/2017,72.816437,9504200
3/9/2017,71.888908,8785000
3/10/2017,71.710892,11824100
3/13/2017,71.823318,8000700
3/14/2017,71.757729,6565300
3/15/2017,73.078758,11876100
3/16/2017,72.956978,6476300
3/17/2017,73.266144,10065200
3/20/2017,73.238045,5866600
3/21/2017,73.003815,6592500
3/22/2017,73.041306,7913100
3/23/2017,73.584717,8322000
3/24/2017,73.532684,7584800
3/27/2017,73.031364,6831700
3/28/2017,73.352974,4988300
3/29/2017,73.674561,3844800
3/30/2017,73.892113,4305100
3/31/2017,74.242081,9809800
4/3/2017,74.308296,7249000
4/4/2017,74.242081,6348600
4/5/2017,74.261002,7306100
4/6/2017,74.771782,6964800
4/7/2017,74.856903,5327800
4/10/2017,75.377144,6903600
4/11/2017,75.793327,9852500
4/12/2017,75.623077,4267900
4/13/2017,75.471733,3295200
4/17/2017,76.41761,8190100
4/18/2017,76.597328,4977700
4/19/2017,76.474365,5894400
4/20/2017,76.52166,10398600
4/21/2017,76.218979,6489400
4/24/2017,75.556854,10788500
4/25/2017,75.774399,5210600
4/26/2017,75.273094,6893200
4/27/2017,75.358223,5482100
4/28/2017,74.658279,9837100
5/1/2017,75.112297,8783500
5/2/2017,74.923126,9063300
5/3/2017,74.024536,8193000
5/4/2017,73.702927,8797100
5/5/2017,74.412346,5709500
5/8/2017,73.986694,8098200
5/9/2017,73.589424,6412800
5/10/2017,73.986694,5800600
5/11/2017,73.589424,7453500
5/12/2017,73.390785,4250500
5/15/2017,73.655647,7994300
5/16/2017,73.239456,5961400
5/17/2017,73.627266,8283700
5/18/2017,73.825905,5276500
5/19/2017,74.261002,4662200
5/22/2017,74.478561,5983300
5/23/2017,74.648819,3021600
5/24/2017,75.150124,4737100
5/25/2017,75.310936,4379300
5/26/2017,74.84745,4014200
5/30/2017,74.55423,3242600
5/31/2017,74.573135,8699800
6/1/2017,74.875824,12433200
6/2/2017,75.613617,7188000
6/5/2017,75.377144,5909300
6/6/2017,74.998795,4544800
6/7/2017,75.310936,4284600
6/8/2017,75.187965,6991600
6/9/2017,75.670357,5393800
6/12/2017,76.171684,9685800
6/13/2017,76.332474,6308300
6/14/2017,76.578407,6634600
6/15/2017,76.843246,5414600
6/16/2017,76.795959,13816600
6/19/2017,76.928391,8272500
6/20/2017,76.673004,6433800
6/21/2017,76.370316,3503500
6/22/2017,76.52166,5736800
6/23/2017,76.824348,8753700
6/26/2017,77.316193,12060500
6/27/2017,76.859093,8252200
6/28/2017,76.964073,4818500
6/29/2017,76.124275,9719800
6/30/2017,76.124275,7245400
7/3/2017,76.93544,7238300
7/5/2017,76.067009,9013000
7/6/2017,74.74054,9553800
7/7/2017,75.103172,4878600
7/10/2017,74.54969,5061300
7/11/2017,74.463799,6884600
7/12/2017,75.399017,7192300
7/13/2017,75.427635,4048600
7/14/2017,76.191071,4688300
7/17/2017,76.49646,4195200
7/18/2017,76.305595,6258400
7/19/2017,76.916344,4149900
7/20/2017,76.610962,6707500
7/21/2017,76.773201,4459100
7/24/2017,76.572807,3506900
7/25/2017,76.668228,5185100
7/26/2017,77.078575,6179000
7/27/2017,77.14537,6891400
7/28/2017,76.983139,4834500
7/31/2017,76.973595,7783700
8/1/2017,77.317154,8396400
8/2/2017,76.83046,6072200
8/3/2017,76.563255,5425800
8/4/2017,76.820908,6411600
8/7/2017,76.878174,5017500
8/8/2017,76.458282,7241500
8/9/2017,76.324684,4726500
8/10/2017,75.742561,4871500
8/11/2017,75.379929,7364500
8/14/2017,76.534622,8063000
8/15/2017,76.315147,5192600
8/16/2017,76.649139,6831800
8/17/2017,76.124275,5811800
8/18/2017,75.561241,8746000
8/21/2017,76.238792,4791300
8/22/2017,76.171989,4997900
8/23/2017,76.801834,3743500
8/24/2017,76.725479,3041100
8/25/2017,77.088112,5378100
8/28/2017,76.696869,3669800
8/29/2017,76.582344,3815000
8/30/2017,76.992683,3266200
8/31/2017,77.488922,7960500
9/1/2017,77.498474,7941800
9/5/2017,77.336243,7662200
9/6/2017,77.488922,3944000
9/7/2017,77.994698,7309300
9/8/2017,77.946983,3636100
9/11/2017,78.605461,5891200
9/12/2017,77.813385,8297900
9/13/2017,77.527084,3795600
9/14/2017,78.00425,4584100
9/15/2017,78.328712,11301500
9/18/2017,77.908813,4952300
9/19/2017,77.307602,6087200
9/20/2017,77.116745,6771600
9/21/2017,76.868629,7964000
9/22/2017,76.410568,6471900
9/25/2017,76.820908,4983700
9/26/2017,76.842087,6180500
9/27/2017,76.226112,7488300
9/28/2017,76.793961,7166100
9/29/2017,76.880585,5569400
10/2/2017,76.726601,10777100
10/3/2017,76.78434,2816600
10/4/2017,77.275192,3594900
10/5/2017,77.5158,7336800
10/6/2017,77.236694,4752400
10/9/2017,77.390686,2042800
10/10/2017,77.496552,4599900
10/11/2017,77.823792,5553500
10/12/2017,78.333885,3952200
10/13/2017,78.507133,2814900
10/16/2017,78.112526,6232500
10/17/2017,78.179893,3077700
10/18/2017,78.093277,4559400
10/19/2017,78.03553,3359600
10/20/2017,77.785294,6599300
10/23/2017,77.419556,5818400
10/24/2017,77.034576,4442600
10/25/2017,76.736214,7746500
10/26/2017,76.264618,6420000
10/27/2017,76.611092,6527000
10/30/2017,76.774719,3909700
10/31/2017,76.91909,4418600
11/1/2017,76.97683,5343100
11/2/2017,77.458061,6501500
11/3/2017,77.409935,3662500
11/6/2017,78.305016,11051000
11/7/2017,78.863243,8746800
11/8/2017,79.392578,8219800
11/9/2017,79.363708,5785100
11/10/2017,79.411835,4002700
11/13/2017,79.700569,7762400
11/14/2017,79.575447,6076100
11/15/2017,78.89212,8903500
11/16/2017,79.421455,10909600
11/17/2017,79.055725,5042600
11/20/2017,78.89212,4312200
11/21/2017,79.459953,11636200
11/22/2017,79.238586,3216900
11/24/2017,79.402214,1742500
11/27/2017,79.074982,4947500
11/28/2017,78.901733,9764100
11/29/2017,78.805481,6179300
11/30/2017,78.89212,8833300
12/1/2017,79.036476,9899800
12/4/2017,78.43013,9085300
12/5/2017,77.968155,9503300
12/6/2017,77.939285,3812900
12/7/2017,78.256882,5994900
12/8/2017,78.516747,3941900
12/11/2017,78.603378,4000400
12/12/2017,78.92099,6639100
12/13/2017,79.084595,6450200
12/14/2017,79.036476,5853300
12/15/2017,79.363708,7882600
12/18/2017,79.806435,6699300
12/19/2017,78.269638,11906100
12/20/2017,77.452599,8030000
12/21/2017,77.17054,7529500
12/22/2017,77.65686,4957800
12/26/2017,78.036194,4963300
12/27/2017,78.318268,6613500
12/28/2017,78.775421,6764700
12/29/2017,78.794876,4272100
1/2/2018,78.39608,7091600
1/3/2018,78.269638,4625700
1/4/2018,77.044098,12178300
1/5/2018,77.121902,9630200
1/8/2018,77.559593,4756600
1/9/2018,76.664749,10440100
1/10/2018,75.731003,8933700
1/11/2018,75.468384,5031900
1/12/2018,74.855614,8923800
1/16/2018,75.059875,9984500
1/17/2018,75.594841,5153300
1/18/2018,74.855614,5191500
1/19/2018,75.341942,6809000
1/22/2018,75.95472,10181900
1/23/2018,77.00518,7584700
1/24/2018,76.732841,7675100
1/25/2018,76.586945,5540000
1/26/2018,76.616119,6799200
1/29/2018,75.633743,6094500
1/30/2018,75.22522,5870100
1/31/2018,76.411865,12266100
2/1/2018,75.137688,11450000
2/2/2018,74.369286,9794600
2/5/2018,71.976555,12593500
2/6/2018,72.229446,17411500
2/7/2018,71.94738,9642100
2/8/2018,69.826988,18137800
2/9/2018,71.276245,14993100
2/12/2018,71.490227,13618900
2/13/2018,72.034912,8520800
2/14/2018,71.684753,11068200
2/15/2018,72.394806,9784000
2/16/2018,73.007568,10139500
2/20/2018,72.102997,9230100
2/21/2018,70.906631,9805600
2/22/2018,71.568039,8770300
2/23/2018,72.783852,7871500
2/26/2018,73.036743,6058000
2/27/2018,71.499954,10466900
2/28/2018,71.324875,6702600
3/1/2018,71.101166,14216800
3/2/2018,70.974724,6744500
3/5/2018,71.772301,11811100
3/6/2018,72.229446,7440000
3/7/2018,72.599045,8993600
3/8/2018,72.968658,8446800
3/9/2018,73.425812,7660100
3/12/2018,73.795425,6980200
3/13/2018,73.91214,6437300
3/14/2018,73.970497,5750400
3/15/2018,73.95105,9157300
3/16/2018,74.388748,10879600
3/19/2018,73.698151,8155600
3/20/2018,73.639801,6567100
3/21/2018,73.075645,7839300
3/22/2018,72.651985,9099500
3/23/2018,71.494728,10044000
3/26/2018,72.396996,6054900
3/27/2018,72.593132,10805600
3/28/2018,73.995567,15032300
3/29/2018,74.01519,9078800
4/2/2018,72.995239,11055500
4/3/2018,73.475792,11062800
4/4/2018,74.299599,8767300
4/5/2018,74.368248,12880100
4/6/2018,73.701355,11896300
4/9/2018,73.573853,8584000
4/10/2018,73.289459,9125800
4/11/2018,73.456177,4463000
4/12/2018,72.759865,7667100
4/13/2018,73.014847,4644700
4/16/2018,73.367912,6894800
4/17/2018,74.319206,8517400
4/18/2018,74.191719,5600300
4/19/2018,73.132538,8191800
4/20/2018,72.504875,10076500
4/23/2018,72.553917,5820000
4/24/2018,72.730446,6190900
4/25/2018,72.573524,7894600
4/26/2018,73.456177,7028000
4/27/2018,74.407478,8633000
4/30/2018,74.181908,8889100
5/1/2018,74.701691,7872300
5/2/2018,74.446709,8745700
5/3/2018,74.476128,4850100
5/4/2018,75.260704,7379300
5/7/2018,75.672615,10398100
5/8/2018,75.299934,11142500
5/9/2018,75.76088,8030200
5/10/2018,76.457191,8522900
5/11/2018,76.143356,7923200
5/14/2018,75.584343,10030300
5/15/2018,74.466324,11364200
5/16/2018,74.250565,7299600
5/17/2018,73.868073,9778200
5/18/2018,74.034805,8443700
5/21/2018,74.829193,7944100
5/22/2018,74.927261,7426100
5/23/2018,75.564735,6827700
5/24/2018,75.378395,7142100
5/25/2018,75.633385,5475900
5/29/2018,75.858948,7454700
5/30/2018,76.820053,10052900
5/31/2018,76.682755,11575600
6/1/2018,76.947548,9740500
6/4/2018,77.624252,8022200
6/5/2018,77.526184,12342700
6/6/2018,77.614441,5980400
6/7/2018,77.663483,7244200
6/8/2018,77.889046,4491300
6/11/2018,77.908661,10024600
6/12/2018,78.300941,4860400
6/13/2018,76.721992,10046100
6/14/2018,77.486946,6749900
6/15/2018,77.565399,12840300
6/18/2018,77.49675,6088900
6/19/2018,77.486946,6031100
6/20/2018,78.242104,9409200
6/21/2018,78.644203,8941900
6/22/2018,79.144371,6692700
6/25/2018,78.869766,6948000
6/26/2018,79.181702,6122700
6/27/2018,78.755882,6978500
6/28/2018,79.59761,8832800
6/29/2018,79.79567,8417700
7/2/2018,79.320335,14329300
7/3/2018,79.914497,7059800
7/5/2018,80.954277,12157500
7/6/2018,81.290962,8450500
7/9/2018,80.568077,6359800
7/10/2018,80.815643,6553900
7/11/2018,80.568077,5535900
7/12/2018,80.805733,4568200
7/13/2018,80.528465,4581000
7/16/2018,80.162064,5306200
7/17/2018,79.736244,11247200
7/18/2018,79.359947,6169300
7/19/2018,80.162064,8434600
7/20/2018,79.488678,9477800
7/23/2018,79.290627,4977000
7/24/2018,78.904427,6786400
7/25/2018,79.548103,6448600
7/26/2018,79.765961,5477800
7/27/2018,78.993546,7163000
7/30/2018,79.102478,10811000
7/31/2018,80.459145,16050000
8/1/2018,80.726509,18394300
8/2/2018,80.459145,7756000
8/3/2018,81.409798,8897000
8/6/2018,81.360291,6988700
8/7/2018,81.073112,5188300
8/8/2018,80.587875,4143400
8/9/2018,80.686905,4569100
8/10/2018,79.964012,6231700
8/13/2018,79.9244,5135100
8/14/2018,80.360115,4485400
8/15/2018,80.96418,8520300
8/16/2018,81.617752,6528800
8/17/2018,82.350555,6872200
8/20/2018,82.479286,6258900
8/21/2018,81.924744,4894100
8/22/2018,81.469215,6582800
8/23/2018,81.290962,3381300
8/24/2018,81.706879,4421800
8/27/2018,81.558342,5850000
8/28/2018,82.429771,8055400
8/29/2018,82.350555,7278500
8/30/2018,82.063377,3659900
8/31/2018,82.370361,5541800
9/4/2018,81.498924,9942300
9/5/2018,81.875221,8536700
9/6/2018,82.192108,7589000
9/7/2018,81.19194,8786400
9/10/2018,81.706879,8121800
9/11/2018,81.538528,8158500
9/12/2018,81.607857,7789300
9/13/2018,82.093086,6732900
9/14/2018,81.429611,7777000
9/17/2018,81.716782,6007700
9/18/2018,81.429611,8338100
9/19/2018,80.350212,8423500
9/20/2018,81.152328,8962100
9/21/2018,81.112724,8127600
9/24/2018,79.686737,8941400
9/25/2018,79.557999,8988400
9/26/2018,78.830002,11455100
9/27/2018,79.040001,7391600
9/28/2018,80.019997,9308700
10/1/2018,79.360001,12583000
10/2/2018,79.25,7365300
10/3/2018,78.699997,13807100
10/4/2018,77.910004,12966500
10/5/2018,77.809998,11725300
10/8/2018,78.839996,8456400
10/9/2018,79.010002,7122500
10/10/2018,77.82,11699500
10/11/2018,75.699997,19049500
10/12/2018,75.550003,12504500
10/15/2018,75.959999,9889100
10/16/2018,77.610001,8111000
10/17/2018,77.230003,8601900
10/18/2018,77.139999,7128900
10/19/2018,77.730003,6943800
10/22/2018,76.709999,8100600
10/23/2018,77.199997,10027200
10/24/2018,77.760002,14149900
10/25/2018,78.720001,9473500
10/26/2018,76.870003,12416500
10/29/2018,77.760002,9833500
10/30/2018,78.93,12266600
10/31/2018,78.110001,11253000
11/1/2018,78.400002,13821500
11/2/2018,77.730003,9900600
11/5/2018,78.870003,14536600
11/6/2018,79.209999,5133400
11/7/2018,80.209999,7704800
11/8/2018,80.239998,5218800
11/9/2018,80.349998,6148400
11/12/2018,80.260002,5749800
11/13/2018,80.330002,5401800
11/14/2018,80.190002,6817300
11/15/2018,79.690002,9149300
11/16/2018,80.650002,11869700
11/19/2018,80.650002,5518700
11/20/2018,79.790001,12269600
11/21/2018,79.900002,6545800
11/23/2018,79.629997,2618000
11/26/2018,79.910004,4867500
11/27/2018,80.160004,7151500
11/28/2018,80.870003,9827700
11/29/2018,80.980003,6261900
11/30/2018,81.779999,8392100
