Date,Ripple_price,Ripple_volume
12/27/2013,0.0264432,133863
12/28/2013,0.0273354,139954
12/29/2013,0.0272621,51404
12/30/2013,0.0276683,69671
12/31/2013,0.0274381,63399
1/1/2014,0.0270432,55836
1/2/2014,0.028997,118745
1/3/2014,0.0276943,89287
1/4/2014,0.0280872,60288
1/5/2014,0.0249197,195215
1/6/2014,0.0255103,180323
1/7/2014,0.0237737,75928
1/8/2014,0.0231652,79840
1/9/2014,0.0226096,98533
1/10/2014,0.0225619,62956
1/11/2014,0.0239417,69314
1/12/2014,0.0221986,42787
1/13/2014,0.0216556,15322
1/14/2014,0.021214,41972
1/15/2014,0.0222549,25227
1/16/2014,0.0210663,57725
1/17/2014,0.0204377,72247
1/18/2014,0.0211652,23502
1/19/2014,0.0213437,17951
1/20/2014,0.0207658,69046
1/21/2014,0.0199247,65473
1/22/2014,0.0199726,80476
1/23/2014,0.0191161,81644
1/24/2014,0.0182854,111662
1/25/2014,0.0185526,108301
1/26/2014,0.0191786,84073
1/27/2014,0.0204128,66064
1/28/2014,0.0209537,132292
1/29/2014,0.0204254,82655
1/30/2014,0.0203404,29239
1/31/2014,0.0203371,82570
2/1/2014,0.0206331,110279
2/2/2014,0.0208784,121498
2/3/2014,0.0214641,92102
2/4/2014,0.0214894,82358
2/5/2014,0.0208163,51553
2/6/2014,0.020027,91009
2/7/2014,0.0183476,94078
2/8/2014,0.0184492,137345
2/9/2014,0.0173264,46602
2/10/2014,0.0177394,78993
2/11/2014,0.0182464,135739
2/12/2014,0.0172474,84918
2/13/2014,0.0167991,64686
2/14/2014,0.0157666,104394
2/15/2014,0.0159131,158770
2/16/2014,0.0161888,81918
2/17/2014,0.015269,84985
2/18/2014,0.0153238,115312
2/19/2014,0.0152173,191498
2/20/2014,0.0153568,223546
2/21/2014,0.0145808,188522
2/22/2014,0.0147336,93763
2/23/2014,0.0156294,88774
2/24/2014,0.0149639,63366
2/25/2014,0.0113426,122708
2/26/2014,0.0137323,175388
2/27/2014,0.0138436,151039
2/28/2014,0.0141288,29209
3/1/2014,0.0138003,164650
3/2/2014,0.0136833,79966
3/3/2014,0.0139152,85549
3/4/2014,0.015657,231513
3/5/2014,0.0158142,84658
3/6/2014,0.0160143,137670
3/7/2014,0.0152577,165546
3/8/2014,0.0147279,108130
3/9/2014,0.0145256,12954
3/10/2014,0.0144892,17615
3/11/2014,0.0147453,107847
3/12/2014,0.0143696,239703
3/13/2014,0.0143613,48143
3/14/2014,0.0142599,120309
3/15/2014,0.0143668,65615
3/16/2014,0.0143675,50259
3/17/2014,0.0140547,106374
3/18/2014,0.0136943,102741
3/19/2014,0.014008,109271
3/20/2014,0.0136985,72733
3/21/2014,0.0133853,219999
3/22/2014,0.0129715,100693
3/23/2014,0.0127485,179944
3/24/2014,0.0125302,113405
3/25/2014,0.0127123,95987
3/26/2014,0.0127315,158163
3/27/2014,0.0110146,229366
3/28/2014,0.010733,267406
3/29/2014,0.0105044,195563
3/30/2014,0.00997515,124124
3/31/2014,0.00905744,203590
4/1/2014,0.008703062,
4/2/2014,0.009721583,
4/3/2014,0.007761347,
4/4/2014,0.007743166,
4/5/2014,0.008315735,
4/6/2014,0.008034657,
4/7/2014,0.00822231,63143
4/8/2014,0.008324571,
4/9/2014,0.007809118,
4/10/2014,0.005791493,
4/11/2014,0.00604461,
4/12/2014,0.006057504,
4/13/2014,0.00624084,
4/14/2014,0.006553316,
4/15/2014,0.006933244,
4/16/2014,0.006699197,
4/17/2014,0.006283824,
4/18/2014,0.006460904,
4/19/2014,0.006806054,
4/20/2014,0.006271176,
4/21/2014,0.006232317,
4/22/2014,0.006060666,20938.57051
4/23/2014,0.006094063,16198.19491
4/24/2014,0.005975764,15274.13314
4/25/2014,0.005542385,5356.51389
4/26/2014,0.005277694,10920.94915
4/27/2014,0.004764587,23151.13911
4/28/2014,0.00508138,14663.89011
4/29/2014,0.005212855,19211.73211
4/30/2014,0.005437861,17808.35112
5/1/2014,0.005306365,2479.431987
5/2/2014,0.005037858,6532.18632
5/3/2014,0.005156316,3389.497799
5/4/2014,0.004955631,7276.663039
5/5/2014,0.005234728,21099.30462
5/6/2014,0.006670312,36686.88041
5/7/2014,0.006607072,36960.91461
5/8/2014,0.006687285,24845.91194
5/9/2014,0.00604116,19784.64903
5/10/2014,0.005964016,10804.236
5/11/2014,0.005894187,7294.355063
5/12/2014,0.005942241,8310.235136
5/13/2014,0.006406518,9619.683967
5/14/2014,0.007330071,23471.73186
5/15/2014,0.006956955,30870.67168
5/16/2014,0.00674425,9288.49028
5/17/2014,0.006192902,6904.766623
5/18/2014,0.005730352,23688.77162
5/19/2014,0.006120967,9404.269973
5/20/2014,0.006487452,15658.93639
5/21/2014,0.006696172,19520.11822
5/22/2014,0.002686207,66532.33807
5/23/2014,0.003340906,33235.81583
5/24/2014,0.003530981,17616.96368
5/25/2014,0.003558604,8741.925576
5/26/2014,0.004068944,11438.77207
5/27/2014,0.004521632,13600.45545
5/28/2014,0.004538133,12649.5593
5/29/2014,0.004516427,5912.845095
5/30/2014,0.00389459,17434.12629
5/31/2014,0.00414494,6895.486899
6/1/2014,0.00447473,9481.95386
6/2/2014,0.003866255,8253.421017
6/3/2014,0.004451347,10743.12758
6/4/2014,0.004135632,11078.48782
6/5/2014,0.004218421,10967.86754
6/6/2014,0.003982588,4645.675634
6/7/2014,0.003968904,4379.706388
6/8/2014,0.004003374,2140.785563
6/9/2014,0.004455823,10992.49604
6/10/2014,0.004783548,8074.694767
6/11/2014,0.004498462,11143.06266
6/12/2014,0.00395321,9613.676058
6/13/2014,0.003984378,5198.982057
6/14/2014,0.004058423,6878.956881
6/15/2014,0.0040547,9090.954786
6/16/2014,0.004230593,4289.108931
6/17/2014,0.004268323,7858.988835
6/18/2014,0.004265581,8681.984393
6/19/2014,0.004153718,9905.498214
6/20/2014,0.004189,144167
6/21/2014,0.004169,93206
6/22/2014,0.00417,189072
6/23/2014,0.004076,104818
6/24/2014,0.00407,190488
6/25/2014,0.00394,193409
6/26/2014,0.004052,19435
6/27/2014,0.003993,17794
6/28/2014,0.003926,8325
6/29/2014,0.004028,12608
6/30/2014,0.003779,20026
7/1/2014,0.00366,245846
7/2/2014,0.003484,157373
7/3/2014,0.003357,142355
7/4/2014,0.003243,224760
7/5/2014,0.003129,213094
7/6/2014,0.002807,150898
7/7/2014,0.003083,198315
7/8/2014,0.003398,230762
7/9/2014,0.003419,216814
7/10/2014,0.003419,216814
7/11/2014,0.003419,216814
7/12/2014,0.003419,216814
7/13/2014,0.003419,216814
7/14/2014,0.003419,216814
7/15/2014,0.003419,216814
7/16/2014,0.003419,216814
7/17/2014,0.003419,216814
7/18/2014,0.00636,613089
7/19/2014,0.005259,519611
7/20/2014,0.005376,190529
7/21/2014,0.005361,135920
7/22/2014,0.005623,271543
7/23/2014,0.006148,331286
7/24/2014,0.005926,270005
7/25/2014,0.006039,145360
7/26/2014,0.006039,143147
7/27/2014,0.006024,103331
7/28/2014,0.006159,160223
7/29/2014,0.00607,124429
7/30/2014,0.005094,468780
7/31/2014,0.005208,549848
8/1/2014,0.005341,406580
8/2/2014,0.005297,220806
8/3/2014,0.005219,71143
8/4/2014,0.004947,341431
8/5/2014,0.005104,256642
8/6/2014,0.005258,203671
8/7/2014,0.005343,222282
8/8/2014,0.005461,192128
8/9/2014,0.005243,320807
8/10/2014,0.004974,259716
8/11/2014,0.005219,263952
8/12/2014,0.005045,298592
8/13/2014,0.004969,289443
8/14/2014,0.005231,665609
8/15/2014,0.00542,302191
8/16/2014,0.00543,90692
8/17/2014,0.005166,114249
8/18/2014,0.004977,500362
8/19/2014,0.005041,176131
8/20/2014,0.005271,190844
8/21/2014,0.005125,152099
8/22/2014,0.005106,164398
8/23/2014,0.005013,104533
8/24/2014,0.005152,85275
8/25/2014,0.004952,288124
8/26/2014,0.004835,457135
8/27/2014,0.005008,165131
8/28/2014,0.005053,360393
8/29/2014,0.005015,175418
8/30/2014,0.004958,138278
8/31/2014,0.004896,111074
9/1/2014,0.005024,267053
9/2/2014,0.004643,232178
9/3/2014,0.004777,192231
9/4/2014,0.004813,125089
9/5/2014,0.004873,115886
9/6/2014,0.004798,73490
9/7/2014,0.00471,88092
9/8/2014,0.004706,107536
9/9/2014,0.004725,180729
9/10/2014,0.004747,160930
9/11/2014,0.004746,110880
9/12/2014,0.004696,190687
9/13/2014,0.004713,126120
9/14/2014,0.005166,565821
9/15/2014,0.005053,343050
9/16/2014,0.005109,585082
9/17/2014,0.005449,1291970
9/18/2014,0.005167,495261
9/19/2014,0.004943,409000
9/20/2014,0.004787,324116
9/21/2014,0.004564,307979
9/22/2014,0.004653,253585
9/23/2014,0.004595,325619
9/24/2014,0.004629,328371
9/25/2014,0.004699,756186
9/26/2014,0.004606,499112
9/27/2014,0.004716,224461
9/28/2014,0.005276,461428
9/29/2014,0.004702,130083
9/30/2014,0.004654,109635
10/1/2014,0.00477,63133
10/2/2014,0.004876,212276
10/3/2014,0.004986,252266
10/4/2014,0.004941,176390
10/5/2014,0.004798,181467
10/6/2014,0.004709,198119
10/7/2014,0.004772,145280
10/8/2014,0.004787,398199
10/9/2014,0.004821,213886
10/10/2014,0.004866,140376
10/11/2014,0.004758,260383
10/12/2014,0.004837,274086
10/13/2014,0.004806,459959
10/14/2014,0.004873,237256
10/15/2014,0.004825,235615
10/16/2014,0.004849,120959
10/17/2014,0.004903,245971
10/18/2014,0.004967,67759
10/19/2014,0.004946,56704
10/20/2014,0.005082,294752
10/21/2014,0.005214,143073
10/22/2014,0.005187,108690
10/23/2014,0.005148,379001
10/24/2014,0.005076,282232
10/25/2014,0.004717,257875
10/26/2014,0.004544,438454
10/27/2014,0.004897,295672
10/28/2014,0.004792,277509
10/29/2014,0.004782,348102
10/30/2014,0.004891,218834
10/31/2014,0.004866,153508
11/1/2014,0.004659,187547
11/2/2014,0.004669,122041
11/3/2014,0.004809,210558
11/4/2014,0.004805,267198
11/5/2014,0.004865,307053
11/6/2014,0.004878,414101
11/7/2014,0.004874,434943
11/8/2014,0.004907,148730
11/9/2014,0.004935,187184
11/10/2014,0.004899,577674
11/11/2014,0.004896,796924
11/12/2014,0.005082,427820
11/13/2014,0.005043,501328
11/14/2014,0.005187,318293
11/15/2014,0.005072,118028
11/16/2014,0.005182,75540
11/17/2014,0.00534,432274
11/18/2014,0.005433,457637
11/19/2014,0.005691,428109
11/20/2014,0.006075,932055
11/21/2014,0.006587,722162
11/22/2014,0.007656,1115380
11/23/2014,0.008583,1281590
11/24/2014,0.008616,849567
11/25/2014,0.009736,2617110
11/26/2014,0.010936,2329900
11/27/2014,0.013901,5109100
11/28/2014,0.015121,2925480
11/29/2014,0.014033,1865340
11/30/2014,0.011226,2849490
12/1/2014,0.012432,3370570
12/2/2014,0.013201,2254300
12/3/2014,0.013126,1078100
12/4/2014,0.013321,2375070
12/5/2014,0.013784,1355660
12/6/2014,0.01441,1388010
12/7/2014,0.014762,927939
12/8/2014,0.013416,2557320
12/9/2014,0.015038,1618900
12/10/2014,0.015915,1108200
12/11/2014,0.016374,1620910
12/12/2014,0.016374,1620910
12/13/2014,0.016939,1302090
12/14/2014,0.01718,445227
12/15/2014,0.018197,2622570
12/16/2014,0.021603,6289370
12/17/2014,0.025616,5801780
12/18/2014,0.027913,4089430
12/19/2014,0.023456,6299220
12/20/2014,0.022696,5339690
12/21/2014,0.022696,5339690
12/22/2014,0.025517,2087160
12/23/2014,0.024015,2744640
12/24/2014,0.023273,1549510
12/25/2014,0.024096,1205890
12/26/2014,0.02534,2017660
12/27/2014,0.024209,751102
12/28/2014,0.023713,1101280
12/29/2014,0.024253,1175130
12/30/2014,0.024235,801162
12/31/2014,0.024338,590681
1/1/2015,0.024376,433245
1/2/2015,0.024316,447891
1/3/2015,0.02227,2145220
1/4/2015,0.018855,3773380
1/5/2015,0.02023,3062830
1/6/2015,0.02068,1781430
1/7/2015,0.02083,767827
1/8/2015,0.020683,841536
1/9/2015,0.020576,1092300
1/10/2015,0.019306,1631870
1/11/2015,0.018835,560387
1/12/2015,0.018523,541172
1/13/2015,0.01563,3061580
1/14/2015,0.014167,1867540
1/15/2015,0.016491,2312720
1/16/2015,0.016426,1690220
1/17/2015,0.015384,761594
1/18/2015,0.015636,1156410
1/19/2015,0.015999,1083590
1/20/2015,0.016109,1037420
1/21/2015,0.016707,1112600
1/22/2015,0.016985,1157600
1/23/2015,0.016724,1070460
1/24/2015,0.016754,943232
1/25/2015,0.016536,896470
1/26/2015,0.015957,3059140
1/27/2015,0.015807,1331190
1/28/2015,0.014986,1301450
1/29/2015,0.014684,1082340
1/30/2015,0.014479,852954
1/31/2015,0.014409,519002
2/1/2015,0.014154,883401
2/2/2015,0.01374,1465150
2/3/2015,0.01303,1285370
2/4/2015,0.013472,642894
2/5/2015,0.014311,1106030
2/6/2015,0.015242,1867760
2/7/2015,0.014572,532315
2/8/2015,0.014452,472920
2/9/2015,0.014005,608469
2/10/2015,0.013651,808432
2/11/2015,0.013761,437299
2/12/2015,0.014057,585122
2/13/2015,0.014568,980751
2/14/2015,0.015,816914
2/15/2015,0.013711,1140340
2/16/2015,0.01379,403599
2/17/2015,0.013988,423184
2/18/2015,0.013767,402140
2/19/2015,0.01377,296507
2/20/2015,0.013504,1034010
2/21/2015,0.013278,333174
2/22/2015,0.013132,594182
2/23/2015,0.013333,432861
2/24/2015,0.013398,611327
2/25/2015,0.013413,483777
2/26/2015,0.013293,863495
2/27/2015,0.013434,980864
2/28/2015,0.013025,530068
3/1/2015,0.012271,1541400
3/2/2015,0.012145,1246390
3/3/2015,0.010593,3050010
3/4/2015,0.009903,3043820
3/5/2015,0.011531,3093860
3/6/2015,0.010873,986763
3/7/2015,0.010579,1136160
3/8/2015,0.010461,1370390
3/9/2015,0.010688,2114810
3/10/2015,0.010113,1657920
3/11/2015,0.010081,1233900
3/12/2015,0.010354,682560
3/13/2015,0.010539,696782
3/14/2015,0.011083,795320
3/15/2015,0.010828,409912
3/16/2015,0.010973,858078
3/17/2015,0.010917,791119
3/18/2015,0.010557,1627630
3/19/2015,0.010491,2781010
3/20/2015,0.010441,473002
3/21/2015,0.010182,395304
3/22/2015,0.010197,306337
3/23/2015,0.010298,652545
3/24/2015,0.009801,627596
3/25/2015,0.009135,1141160
3/26/2015,0.008749,614812
3/27/2015,0.008933,469718
3/28/2015,0.008869,410183
3/29/2015,0.008869,410183
3/30/2015,0.008869,410183
3/31/2015,0.008869,410183
4/1/2015,0.007641,725414
4/2/2015,0.007909,385165
4/3/2015,0.008722,1008220
4/4/2015,0.008848,303697
4/5/2015,0.008715695,195218.4706
4/6/2015,0.008788328,455711.4616
4/7/2015,0.009064408,975135.9998
4/8/2015,0.009189533,870230.0105
4/9/2015,0.008886663,705618.2752
4/10/2015,0.008442744,529357.2169
4/11/2015,0.008387972,291629.279
4/12/2015,0.008594057,199152.2149
4/13/2015,0.008228402,350339.02
4/14/2015,0.008136352,576876.9918
4/15/2015,0.007900817,364410.9241
4/16/2015,0.008050477,258195.4592
4/17/2015,0.008050149,277507.1038
4/18/2015,0.007861143,181624.3343
4/19/2015,0.007762747,227824.2963
4/20/2015,0.007933352,672612.4775
4/21/2015,0.007952694,637786.2103
4/22/2015,0.008031616,623316.072
4/23/2015,0.008020194,369870.036
4/24/2015,0.008080149,428945.4964
4/25/2015,0.008073029,287289.5922
4/26/2015,0.007717863,498330.3331
4/27/2015,0.007758476,787016.921
4/28/2015,0.007611468,581629.4463
4/29/2015,0.007852324,544565.5318
4/30/2015,0.00802729,583316.9815
5/1/2015,0.008026846,632072.1373
5/2/2015,0.008060212,100326.2938
5/3/2015,0.008037453,435646.4559
5/4/2015,0.008017439,262166.7225
5/5/2015,0.007912732,563851.8377
5/6/2015,0.007813383,505242.1262
5/7/2015,0.007523931,2159727.764
5/8/2015,0.007538041,437391.4553
5/9/2015,0.007561392,182288.7498
5/10/2015,0.007368375,554266.416
5/11/2015,0.007359909,441133.0915
5/12/2015,0.007213213,966734.4412
5/13/2015,0.006881933,931983.7144
5/14/2015,0.006603687,639446.702
5/15/2015,0.006658437,252413.8971
5/16/2015,0.006585009,67763.93815
5/17/2015,0.006322455,355658.8613
5/18/2015,0.005737675,1222401.357
5/19/2015,0.006534164,990976.8542
5/20/2015,0.00662716,467420.8808
5/21/2015,0.00655908,182847.5466
5/22/2015,0.00658984,235787.4823
5/23/2015,0.006767123,303130.7416
5/24/2015,0.0068018,145157.0509
5/25/2015,0.006909413,305313.4451
5/26/2015,0.006780547,472593.0972
5/27/2015,0.006896159,399468.5659
5/28/2015,0.007778883,1200481.565
5/29/2015,0.008963105,1457278.46
5/30/2015,0.008380196,479474.8978
5/31/2015,0.008246722,244931.6875
6/1/2015,0.00759258,674742.6732
6/2/2015,0.007862677,491307.5514
6/3/2015,0.007983912,392910.0969
6/4/2015,0.007864452,223350.1218
6/5/2015,0.007948022,190979.018
6/6/2015,0.007891933,108435.7371
6/7/2015,0.007870988,86381.19706
6/8/2015,0.008005162,221057.7273
6/9/2015,0.007996003,205195.0137
6/10/2015,0.007996681,252996.9554
6/11/2015,0.008042587,194272.2285
6/12/2015,0.008057612,134384.3294
6/13/2015,0.008094781,79009.075
6/14/2015,0.008140319,313424.3347
6/15/2015,0.008561769,640139.2901
6/16/2015,0.009298611,1506339.806
6/17/2015,0.009556657,1039075.196
6/18/2015,0.010200592,1095829.868
6/19/2015,0.011157673,1169680.848
6/20/2015,0.010986428,661354.5831
6/21/2015,0.010286663,547535.7043
6/22/2015,0.010463733,478476.1688
6/23/2015,0.010638045,483624.1641
6/24/2015,0.010873436,632116.8584
6/25/2015,0.011004297,324267.842
6/26/2015,0.011248688,317239.1559
6/27/2015,0.011509526,238725.8574
6/28/2015,0.011494165,236274.6174
6/29/2015,0.011954964,807664.6715
6/30/2015,0.011376403,871943.7894
7/1/2015,0.011219593,465278.4672
7/2/2015,0.011030568,393946.474
7/3/2015,0.011098897,230127.831
7/4/2015,0.01078849,118457.5239
7/5/2015,0.010015355,676856.6171
7/6/2015,0.009870148,803356.1205
7/7/2015,0.009565651,589050.5506
7/8/2015,0.009400586,794429.9023
7/9/2015,0.008864692,889491.4027
7/10/2015,0.008839254,1265392.362
7/11/2015,0.008497069,387291.1749
7/12/2015,0.008574929,332866.4367
7/13/2015,0.008518609,786414.0069
7/14/2015,0.008613248,699160.2101
7/15/2015,0.008478053,488721.9922
7/16/2015,0.008094657,753474.662
7/17/2015,0.00801398,294920.794
7/18/2015,0.008059296,66432.12919
7/19/2015,0.008082289,82839.01839
7/20/2015,0.007934081,275845.4419
7/21/2015,0.007698594,508798.3458
7/22/2015,0.007560407,346426.4109
7/23/2015,0.007476347,164563.0461
7/24/2015,0.007672516,273903.4794
7/25/2015,0.007876475,236290.7482
7/26/2015,0.008108821,229163.5184
7/27/2015,0.008544551,647154.0556
7/28/2015,0.00843525,138517.4475
7/29/2015,0.008497085,172808.7184
7/30/2015,0.008481734,306977.946
7/31/2015,0.008439202,400814.2775
8/1/2015,0.008232693,193329.7295
8/2/2015,0.008221594,212531.2981
8/3/2015,0.008279511,225601.4001
8/4/2015,0.008252001,179249.444
8/5/2015,0.008217578,218338.2478
8/6/2015,0.008012509,381038.5796
8/7/2015,0.008138153,361106.808
8/8/2015,0.00844904,618992.3025
8/9/2015,0.008808926,515287.9096
8/10/2015,0.008743894,467863.3478
8/11/2015,0.008637151,280076.1766
8/12/2015,0.008325919,276176.4744
8/13/2015,0.008168055,186776.8083
8/14/2015,0.008327993,398703.5799
8/15/2015,0.008445317,152896.2834
8/16/2015,0.008316917,285941.6199
8/17/2015,0.008296679,332949.9429
8/18/2015,0.008120357,185652.0394
8/19/2015,0.007745846,484796.7056
8/20/2015,0.007860106,202471.4024
8/21/2015,0.007870553,258817.5374
8/22/2015,0.007707228,175365.5931
8/23/2015,0.007557939,136890.9769
8/24/2015,0.00737444,526218.0181
8/25/2015,0.00711903,592564.2302
8/26/2015,0.00746876,186547.8829
8/27/2015,0.007542605,196102.9134
8/28/2015,0.007409918,411465.8087
8/29/2015,0.007732692,352318.7073
8/30/2015,0.00805132,400770.2524
8/31/2015,0.0078805,606628.4957
9/1/2015,0.00779858,396332.3457
9/2/2015,0.007674311,392641.4751
9/3/2015,0.007402259,319693.8552
9/4/2015,0.007331166,463667.6718
9/5/2015,0.00784837,847966.917
9/6/2015,0.007870307,283042.7437
9/7/2015,0.007909554,232682.3277
9/8/2015,0.007826767,193865.1471
9/9/2015,0.007681692,232947.7769
9/10/2015,0.007657432,233643.6381
9/11/2015,0.008419,77328
9/12/2015,0.008214,24849
9/13/2015,0.008538,63632
9/14/2015,0.007412,270150
9/15/2015,0.007716,680532
9/16/2015,0.007426,317219
9/17/2015,0.007367,541163
9/18/2015,0.007529,501034
9/19/2015,0.007482,441676
9/20/2015,0.007635,444690
9/21/2015,0.007247,245305
9/22/2015,0.007177,284055
9/23/2015,0.006675,973293
9/24/2015,0.006694,419912
9/25/2015,0.006649,408041
9/26/2015,0.006506,438200
9/27/2015,0.006536,270173
9/28/2015,0.006304,574865
9/29/2015,0.005592,970329
9/30/2015,0.005512,742544
10/1/2015,0.005446,568455
10/2/2015,0.005862,577241
10/3/2015,0.005539,405104
10/4/2015,0.00524,355458
10/5/2015,0.005019,628117
10/6/2015,0.005334,349986
10/7/2015,0.005451,308791
10/8/2015,0.005451,308791
10/9/2015,0.005451,308791
10/10/2015,0.005053,526102
10/11/2015,0.005053,526102
10/12/2015,0.005053,526102
10/13/2015,0.005053,526102
10/14/2015,0.005446,297064
10/15/2015,0.005394,440223
10/16/2015,0.005395,344095
10/17/2015,0.005189,391619
10/18/2015,0.004975,243534
10/19/2015,0.005044,302751
10/20/2015,0.004735,407004
10/21/2015,0.004694,256746
10/22/2015,0.004716,301573
10/23/2015,0.004673,296182
10/24/2015,0.004641,185315
10/25/2015,0.00459,287547
10/26/2015,0.00467,428659
10/27/2015,0.00464,360357
10/28/2015,0.004664,315213
10/29/2015,0.004637,556971
10/30/2015,0.004837,1014070
10/31/2015,0.004688,314981
11/1/2015,0.004918,485171
11/2/2015,0.005117,583592
11/3/2015,0.005362,1025490
11/4/2015,0.004919,1275000
11/5/2015,0.004522,1246000
11/6/2015,0.004561,794178
11/7/2015,0.004693,363671
11/8/2015,0.004649,315374
11/9/2015,0.004606,304132
11/10/2015,0.004399,406969
11/11/2015,0.004236,453354
11/12/2015,0.004503,488065
11/13/2015,0.004477,335490
11/14/2015,0.004318,137048
11/15/2015,0.004165,274004
11/16/2015,0.004176,221757
11/17/2015,0.004251,251917
11/18/2015,0.004264,250305
11/19/2015,0.004226,176114
11/20/2015,0.004221,290405
11/21/2015,0.004243,205374
11/22/2015,0.004268,173958
11/23/2015,0.004288,311516
11/24/2015,0.004237,178928
11/25/2015,0.004313,203575
11/26/2015,0.00427,387565
11/27/2015,0.004287,205816
11/28/2015,0.004237,198598
11/29/2015,0.004293,198012
11/30/2015,0.004206,272886
12/1/2015,0.004087,310073
12/2/2015,0.004177,330056
12/3/2015,0.00426,138497
12/4/2015,0.004773,900240
12/5/2015,0.005259,739699
12/6/2015,0.00536,998953
12/7/2015,0.005508,755692
12/8/2015,0.006677,2402450
12/9/2015,0.00849,5761720
12/10/2015,0.008549,3200960
12/11/2015,0.008445,3438320
12/12/2015,0.008466,1599100
12/13/2015,0.008787,1422940
12/14/2015,0.007778,2102930
12/15/2015,0.006684,4949920
12/16/2015,0.006754,1253530
12/17/2015,0.006692,557414
12/18/2015,0.006384,839006
12/19/2015,0.006284,469068
12/20/2015,0.00624,569171
12/21/2015,0.006271,519639
12/22/2015,0.006187,462921
12/23/2015,0.006028,363393
12/24/2015,0.005971,336219
12/25/2015,0.006488,792755
12/26/2015,0.006182,685867
12/27/2015,0.006355,472465
12/28/2015,0.006338,466009
12/29/2015,0.006248,315986
12/30/2015,0.00619,270827
12/31/2015,0.006043,375142
1/1/2016,0.00594,202906
1/2/2016,0.006072,278544
1/3/2016,0.006008,291194
1/4/2016,0.00596,309972
1/5/2016,0.006042,383534
1/6/2016,0.006008,320954
1/7/2016,0.006008,320954
1/8/2016,0.005941,289496
1/9/2016,0.005995,313463
1/10/2016,0.00595,192853
1/11/2016,0.005901,217804
1/12/2016,0.005883,297315
1/13/2016,0.005789,485992
1/14/2016,0.005527,849158
1/15/2016,0.005474,724813
1/16/2016,0.00511,329552
1/17/2016,0.00511,329552
1/18/2016,0.005331,524883
1/19/2016,0.005271,220146
1/20/2016,0.005369,725223
1/21/2016,0.005319,349802
1/22/2016,0.005104,355429
1/23/2016,0.005147,327528
1/24/2016,0.005222,342213
1/25/2016,0.005127,406317
1/26/2016,0.00536,764678
1/27/2016,0.00536,764678
1/28/2016,0.006234,2212140
1/29/2016,0.006887,2889670
1/30/2016,0.006632,1235620
1/31/2016,0.006405,957898
2/1/2016,0.006551,842502
2/2/2016,0.00677,823529
2/3/2016,0.006881,803020
2/4/2016,0.006977,1174280
2/5/2016,0.007265,1180190
2/6/2016,0.007893,1849760
2/7/2016,0.008349,2471040
2/8/2016,0.007991,1048800
2/9/2016,0.007778,771055
2/10/2016,0.00787,679746
2/11/2016,0.00781,549706
2/12/2016,0.007941,835967
2/13/2016,0.008274,673950
2/14/2016,0.008542,1135610
2/15/2016,0.008617,749244
2/16/2016,0.008452,998678
2/17/2016,0.008159,1536300
2/18/2016,0.007989,879841
2/19/2016,0.008247,717554
2/20/2016,0.008295,481937
2/21/2016,0.008098,495910
2/22/2016,0.008057,587656
2/23/2016,0.00797,829952
2/24/2016,0.008069,470760
2/25/2016,0.008027,827609
2/26/2016,0.008049,571449
2/27/2016,0.007974,417091
2/28/2016,0.007887,567906
2/29/2016,0.00793,699525
3/1/2016,0.007975,760809
3/2/2016,0.008028,428689
3/3/2016,0.008048,678272
3/4/2016,0.008136,528696
3/5/2016,0.007929,1158790
3/6/2016,0.007859,583805
3/7/2016,0.007922,579040
3/8/2016,0.007955,662396
3/9/2016,0.00805,396606
3/10/2016,0.008188,1342330
3/11/2016,0.008808,2796150
3/12/2016,0.008676,1574980
3/13/2016,0.008594,855385
3/14/2016,0.008488,848173
3/15/2016,0.008175,284630
3/16/2016,0.008207,217798
3/17/2016,0.008283,177764
3/18/2016,0.008106,229210
3/19/2016,0.008018,163982
3/20/2016,0.007964,114972
3/21/2016,0.008043,80477
3/22/2016,0.008109,607934
3/23/2016,0.00833,1025450
3/24/2016,0.008231,956683
3/25/2016,0.008192,759700
3/26/2016,0.008053,305743
3/27/2016,0.008029,419730
3/28/2016,0.007561,2100870
3/29/2016,0.007563,1119050
3/30/2016,0.00733,1211310
3/31/2016,0.007389,1045170
4/1/2016,0.007421,822108
4/2/2016,0.007498,394148
4/3/2016,0.007506,266345
4/4/2016,0.007494,308755
4/5/2016,0.007474,469603
4/6/2016,0.007302,795051
4/7/2016,0.006877,1446380
4/8/2016,0.006671,867534
4/9/2016,0.006292,1036040
4/10/2016,0.005927,740126
4/11/2016,0.006068,1807670
4/12/2016,0.005877,1191660
4/13/2016,0.005707,1385790
4/14/2016,0.006315,192288
4/15/2016,0.006373,155910
4/16/2016,0.006489,69562
4/17/2016,0.0065,56584
4/18/2016,0.006984,1061730
4/19/2016,0.00713,403883
4/20/2016,0.007245,1313140
4/21/2016,0.007475,956562
4/22/2016,0.00728,1004390
4/23/2016,0.007347,316474
4/24/2016,0.007254,499271
4/25/2016,0.007277,590718
4/26/2016,0.007117,821664
4/27/2016,0.006743,865930
4/28/2016,0.006689,745304
4/29/2016,0.006758,535007
4/30/2016,0.006813,410256
5/1/2016,0.006796,237705
5/2/2016,0.006713,583376
5/3/2016,0.006559,331479
5/4/2016,0.006314,564031
5/5/2016,0.006193,509393
5/6/2016,0.0064,677241
5/7/2016,0.006486,385986
5/8/2016,0.006403,376595
5/9/2016,0.006396,337240
5/10/2016,0.006271,409766
5/11/2016,0.006192,470956
5/12/2016,0.006166,371250
5/13/2016,0.00611,475996
5/14/2016,0.006067,271866
5/15/2016,0.006058,311439
5/16/2016,0.006023,393185
5/17/2016,0.006025,320297
5/18/2016,0.006028,696941
5/19/2016,0.00604,793191
5/20/2016,0.006082,552519
5/21/2016,0.005991,223376
5/22/2016,0.005936,271290
5/23/2016,0.005908,509675
5/24/2016,0.005956,519775
5/25/2016,0.005761,513401
5/26/2016,0.005671,679715
5/27/2016,0.005676,1069750
5/28/2016,0.005679,846000
5/29/2016,0.005644,1050310
5/30/2016,0.005754,480406
5/31/2016,0.005705,841981
6/1/2016,0.00581,1020200
6/2/2016,0.005767,614033
6/3/2016,0.005821,438919
6/4/2016,0.005783,609434
6/5/2016,0.005796,550878
6/6/2016,0.005769,693464
6/7/2016,0.005776,781573
6/8/2016,0.005769,754756
6/9/2016,0.005786,509843
6/10/2016,0.00574,545539
6/11/2016,0.005756,375383
6/12/2016,0.005844,1168090
6/13/2016,0.005831,1567810
6/14/2016,0.006987,9770470
6/15/2016,0.006878,3365100
6/16/2016,0.006669,3064050
6/17/2016,0.006678,2164170
6/18/2016,0.006615,1186140
6/19/2016,0.006816,2390380
6/20/2016,0.006634,1715360
6/21/2016,0.006187,3258710
6/22/2016,0.006501,5033480
6/23/2016,0.006381,3225400
6/24/2016,0.006406,2392560
6/25/2016,0.006419,1184560
6/26/2016,0.006396,1236600
6/27/2016,0.006397,1124300
6/28/2016,0.006765,3173080
6/29/2016,0.006756,2060630
6/30/2016,0.006666,1055820
7/1/2016,0.006808,995115
7/2/2016,0.006734,821821
7/3/2016,0.006614,539443
7/4/2016,0.00701,877304
7/5/2016,0.006708,597693
7/6/2016,0.006696,600557
7/7/2016,0.006595,788366
7/8/2016,0.006708,605469
7/9/2016,0.006687,579077
7/10/2016,0.00667,571780
7/11/2016,0.006531,723026
7/12/2016,0.006381,963564
7/13/2016,0.006428,938645
7/14/2016,0.006385,696405
7/15/2016,0.00644,756878
7/16/2016,0.006572,653354
7/17/2016,0.006532,540673
7/18/2016,0.006488,447554
7/19/2016,0.006407,542536
7/20/2016,0.006409,691382
7/21/2016,0.006416,814120
7/22/2016,0.006305,772704
7/23/2016,0.006309,370709
7/24/2016,0.006293,322483
7/25/2016,0.006247,878540
7/26/2016,0.006,1546840
7/27/2016,0.005968,1362120
7/28/2016,0.005974,1279810
7/29/2016,0.006112,773543
7/30/2016,0.006122,449641
7/31/2016,0.005956,645633
8/1/2016,0.005909,954685
8/2/2016,0.005692,1520290
8/3/2016,0.005653,1606280
8/4/2016,0.005818,999099
8/5/2016,0.006444,707344
8/6/2016,0.006352,2161160
8/7/2016,0.006177,1303140
8/8/2016,0.006026,725965
8/9/2016,0.006167,1097260
8/10/2016,0.006201,882068
8/11/2016,0.00619,406905
8/12/2016,0.006131,645633
8/13/2016,0.006089,601562
8/14/2016,0.005993,496671
8/15/2016,0.006034,486413
8/16/2016,0.006138,1238530
8/17/2016,0.00611,1367080
8/18/2016,0.006104,1070290
8/19/2016,0.006103,1357320
8/20/2016,0.00612,394388
8/21/2016,0.00605,416810
8/22/2016,0.006,663609
8/23/2016,0.006019,974803
8/24/2016,0.006059,1128960
8/25/2016,0.006081,721561
8/26/2016,0.006033,566684
8/27/2016,0.005976,242501
8/28/2016,0.005961,591254
8/29/2016,0.00614,1490790
8/30/2016,0.006033,1043710
8/31/2016,0.006008,1173350
9/1/2016,0.00599,686362
9/2/2016,0.005974,582914
9/3/2016,0.005962,678314
9/4/2016,0.005945,806088
9/5/2016,0.005928,795151
9/6/2016,0.005911,778444
9/7/2016,0.005889,687249
9/8/2016,0.005902,861103
9/9/2016,0.005869,854559
9/10/2016,0.005866,313766
9/11/2016,0.005844,528001
9/12/2016,0.005894,686748
9/13/2016,0.005892,832417
9/14/2016,0.005975,1046840
9/15/2016,0.008299,15821900
9/16/2016,0.007376,12409700
9/17/2016,0.00703,1725780
9/18/2016,0.006857,2222500
9/19/2016,0.006872,2925540
9/20/2016,0.006788,1418680
9/21/2016,0.006823,1703520
9/22/2016,0.006835,1505070
9/23/2016,0.007268,3056340
9/24/2016,0.007385,2220690
9/25/2016,0.007939,4641840
9/26/2016,0.00812,8762770
9/27/2016,0.008253,6179620
9/28/2016,0.009061,7443020
9/29/2016,0.00894,6103280
9/30/2016,0.008857,7548990
10/1/2016,0.0082,5913380
10/2/2016,0.008153,2074630
10/3/2016,0.008123,2571860
10/4/2016,0.00788,2771920
10/5/2016,0.007412,4983430
10/6/2016,0.007379,2839700
10/7/2016,0.007367,3030770
10/8/2016,0.007308,2015030
10/9/2016,0.007534,3393370
10/10/2016,0.007974,5565070
10/11/2016,0.008271,3961500
10/12/2016,0.007945,2988620
10/13/2016,0.007984,1005940
10/14/2016,0.008829,1867480
10/15/2016,0.008146,796875
10/16/2016,0.008061,615802
10/17/2016,0.008035,2429920
10/18/2016,0.008347,3815580
10/19/2016,0.008584,3183470
10/20/2016,0.009093,6008900
10/21/2016,0.009031,4108640
10/22/2016,0.008966,1704230
10/23/2016,0.009397,931166
10/24/2016,0.00906,1715970
10/25/2016,0.008916,2853580
10/26/2016,0.008874,3085430
10/27/2016,0.008505,4357390
10/28/2016,0.00843,2711530
10/29/2016,0.007723,3571660
10/30/2016,0.007856,2339570
10/31/2016,0.008229,2434650
11/1/2016,0.00809,1880240
11/2/2016,0.008211,1682710
11/3/2016,0.008022,3109450
11/4/2016,0.008155,2710280
11/5/2016,0.00823,986716
11/6/2016,0.008195,777015
11/7/2016,0.008114,2288450
11/8/2016,0.008239,2067830
11/9/2016,0.008087,3656230
11/10/2016,0.008137,2576870
11/11/2016,0.008062,2085190
11/12/2016,0.008047,1682780
11/13/2016,0.008254,2227560
11/14/2016,0.008099,1278320
11/15/2016,0.007886,3048710
11/16/2016,0.007848,2917130
11/17/2016,0.007731,2390630
11/18/2016,0.007772,2503950
11/19/2016,0.007798,1300900
11/20/2016,0.007644,1872060
11/21/2016,0.007568,2585080
11/22/2016,0.007436,2413820
11/23/2016,0.007049,3721340
11/24/2016,0.006948,1854730
11/25/2016,0.0069,981461
11/26/2016,0.00714,561331
11/27/2016,0.007302,546743
11/28/2016,0.007008,1816270
11/29/2016,0.006783,1514390
11/30/2016,0.006737,1486150
12/1/2016,0.006716,1175980
12/2/2016,0.006672,1797660
12/3/2016,0.006595,1217110
12/4/2016,0.006531,1162000
12/5/2016,0.006422,814426
12/6/2016,0.006626,1384700
12/7/2016,0.00682,2731090
12/8/2016,0.007103,2861620
12/9/2016,0.007134,2438630
12/10/2016,0.006821,1322590
12/11/2016,0.006743,981049
12/12/2016,0.006779,1434590
12/13/2016,0.006709,1974930
12/14/2016,0.006705,2003000
12/15/2016,0.006658,1030760
12/16/2016,0.006709,2572180
12/17/2016,0.006536,1770230
12/18/2016,0.006575,1192970
12/19/2016,0.006543,1092150
12/20/2016,0.006495,2282160
12/21/2016,0.006439,2305770
12/22/2016,0.006371,2843460
12/23/2016,0.006281,3560500
12/24/2016,0.006342,2538810
12/25/2016,0.006444,2125100
12/26/2016,0.006329,1695600
12/27/2016,0.006189,2467560
12/28/2016,0.006184,2082990
12/29/2016,0.006336,1378090
12/30/2016,0.006432,1379520
12/31/2016,0.006487,272476
1/1/2017,0.006376,418493
1/2/2017,0.006309,1047280
1/3/2017,0.006385,1014600
1/4/2017,0.006566,1585550
1/5/2017,0.006194,4092710
1/6/2017,0.00633,1715300
1/7/2017,0.006361,1357240
1/8/2017,0.006242,552923
1/9/2017,0.006165,690212
1/10/2017,0.006713,2506190
1/11/2017,0.006454,3469780
1/12/2017,0.006488,5004900
1/13/2017,0.006616,2075820
1/14/2017,0.006845,1323960
1/15/2017,0.006791,777000
1/16/2017,0.00677,710993
1/17/2017,0.006764,1840920
1/18/2017,0.006763,1337800
1/19/2017,0.007022,775208
1/20/2017,0.006689,618070
1/21/2017,0.006708,543850
1/22/2017,0.006706,360991
1/23/2017,0.006696,302306
1/24/2017,0.006565,505799
1/25/2017,0.006519,531352
1/26/2017,0.006674,1440230
1/27/2017,0.0064,942663
1/28/2017,0.006349,240385
1/29/2017,0.006398,321562
1/30/2017,0.006372,398682
1/31/2017,0.006336,651837
2/1/2017,0.006492,1839380
2/2/2017,0.006467,681979
2/3/2017,0.006501,545416
2/4/2017,0.00648,316467
2/5/2017,0.006447,367364
2/6/2017,0.006445,388605
2/7/2017,0.006477,563802
2/8/2017,0.006428,861678
2/9/2017,0.006301,1608730
2/10/2017,0.006298,891574
2/11/2017,0.006345,336845
2/12/2017,0.006279,225089
2/13/2017,0.006243,467496
2/14/2017,0.006281,669313
2/15/2017,0.006102,797576
2/16/2017,0.006043,1338310
2/17/2017,0.005902,1173370
2/18/2017,0.005565,1873160
2/19/2017,0.005874,900571
2/20/2017,0.005777,795100
2/21/2017,0.005777,795100
2/22/2017,0.005777,795100
2/23/2017,0.005777,795100
2/24/2017,0.005701,1367850
2/25/2017,0.005664,680049
2/26/2017,0.00567,259722
2/27/2017,0.005613,644643
2/28/2017,0.005541,1681180
3/1/2017,0.005376,1621640
3/2/2017,0.006027,3804150
3/3/2017,0.006311,2686810
3/4/2017,0.006326,1410650
3/5/2017,0.006254,922273
3/6/2017,0.006067,1080960
3/7/2017,0.006577,2800310
3/8/2017,0.00649,3543910
3/9/2017,0.006534,2126160
3/10/2017,0.006227,3069740
3/11/2017,0.006244,1863970
3/12/2017,0.006243,1513040
3/13/2017,0.006391,2528400
3/14/2017,0.006343,1348750
3/15/2017,0.006312,1398830
3/16/2017,0.006236,2893180
3/17/2017,0.00613,3457130
3/18/2017,0.006787,7146690
3/19/2017,0.006928,4352960
3/20/2017,0.007018,3443200
3/21/2017,0.006914,3008720
3/22/2017,0.007324,4620820
3/23/2017,0.009612,10951600
3/24/2017,0.010743,25374500
3/25/2017,0.009137,11570400
3/26/2017,0.009513,5713300
3/27/2017,0.009435,6256690
3/28/2017,0.009529,3195600
3/29/2017,0.009945,3233830
3/30/2017,0.014072,19478600
3/31/2017,0.020394,72586500
4/1/2017,0.022594,30656500
4/2/2017,0.054541,215971000
4/3/2017,0.033204,160729000
4/4/2017,0.037085,79055900
4/5/2017,0.035739,42018800
4/6/2017,0.032284,48282200
4/7/2017,0.036571,36852000
4/8/2017,0.035784,15369400
4/9/2017,0.034937,15159100
4/10/2017,0.033786,12065800
4/11/2017,0.033199,11294500
4/12/2017,0.034151,13450700
4/13/2017,0.034256,15804100
4/14/2017,0.033867,8899060
4/15/2017,0.034001,4948530
4/16/2017,0.033424,5969870
4/17/2017,0.033701,7916960
4/18/2017,0.033259,8978900
4/19/2017,0.029687,12164300
4/20/2017,0.029851,26158000
4/21/2017,0.032739,28085100
4/22/2017,0.031714,9231890
4/23/2017,0.031088,4948700
4/24/2017,0.03139,6386250
4/25/2017,0.032263,13473400
4/26/2017,0.032754,11836100
4/27/2017,0.034555,16184200
4/28/2017,0.044695,81317400
4/29/2017,0.055114,111952000
4/30/2017,0.051487,44624600
5/1/2017,0.053275,60236000
5/2/2017,0.054064,34435200
5/3/2017,0.060929,40572500
5/4/2017,0.080567,152609000
5/5/2017,0.092864,186493000
5/6/2017,0.102521,88525900
5/7/2017,0.137873,246048000
5/8/2017,0.201431,403253000
5/9/2017,0.160441,215174000
5/10/2017,0.187175,140488000
5/11/2017,0.182093,104818000
5/12/2017,0.204731,120422000
5/13/2017,0.214357,122191000
5/14/2017,0.221262,69553400
5/15/2017,0.261789,214068000
5/16/2017,0.339733,439467000
5/17/2017,0.405379,478734000
5/18/2017,0.363136,271915000
5/19/2017,0.341917,219898000
5/20/2017,0.353756,240698000
5/21/2017,0.338757,130390000
5/22/2017,0.316974,263348000
5/23/2017,0.332185,165972000
5/24/2017,0.303762,153389000
5/25/2017,0.250816,235036000
5/26/2017,0.271538,255599000
5/27/2017,0.213315,254920000
5/28/2017,0.231631,122872000
5/29/2017,0.230942,86131200
5/30/2017,0.205543,92380400
5/31/2017,0.247677,158351000
6/1/2017,0.333491,587690000
6/2/2017,0.304602,296791000
6/3/2017,0.282311,152004000
6/4/2017,0.297987,155295000
6/5/2017,0.294139,78560800
6/6/2017,0.285504,132644000
6/7/2017,0.282413,146362000
6/8/2017,0.289515,104224000
6/9/2017,0.286557,101675000
6/10/2017,0.261162,155158000
6/11/2017,0.272619,116329000
6/12/2017,0.254826,150340000
6/13/2017,0.266639,112785000
6/14/2017,0.277881,429088000
6/15/2017,0.258172,190970000
6/16/2017,0.262451,88797200
6/17/2017,0.26828,120759000
6/18/2017,0.284225,232286000
6/19/2017,0.290239,144326000
6/20/2017,0.325172,798940000
6/21/2017,0.292925,354012000
6/22/2017,0.299346,197393000
6/23/2017,0.320574,176870000
6/24/2017,0.310808,313668000
6/25/2017,0.298092,158126000
6/26/2017,0.275927,276635000
6/27/2017,0.27538,187278000
6/28/2017,0.2809,126783000
6/29/2017,0.269185,102166000
6/30/2017,0.262806,67769400
7/1/2017,0.255292,53742700
7/2/2017,0.259801,54073700
7/3/2017,0.259848,60477900
7/4/2017,0.254387,55383200
7/5/2017,0.255837,73521600
7/6/2017,0.254885,44024300
7/7/2017,0.239652,87737800
7/8/2017,0.236171,124965000
7/9/2017,0.234352,82656600
7/10/2017,0.20535,117046000
7/11/2017,0.186181,279893000
7/12/2017,0.205163,150973000
7/13/2017,0.202281,218920000
7/14/2017,0.189839,97098600
7/15/2017,0.171654,132139000
7/16/2017,0.144688,250358000
7/17/2017,0.176842,311909000
7/18/2017,0.18925,300616000
7/19/2017,0.16227,139979000
7/20/2017,0.187339,184828000
7/21/2017,0.182354,105787000
7/22/2017,0.19439,83281800
7/23/2017,0.194755,196450000
7/24/2017,0.191998,56759700
7/25/2017,0.176387,163416000
7/26/2017,0.173817,77214200
7/27/2017,0.173468,34618900
7/28/2017,0.165379,74608900
7/29/2017,0.168693,78547200
7/30/2017,0.165704,42421600
7/31/2017,0.167145,56473400
8/1/2017,0.17656,119502000
8/2/2017,0.173609,58932400
8/3/2017,0.174492,31552200
8/4/2017,0.174084,45331100
8/5/2017,0.184159,112647000
8/6/2017,0.180304,74602800
8/7/2017,0.178999,58673900
8/8/2017,0.191757,178582000
8/9/2017,0.183649,99753300
8/10/2017,0.180664,48078700
8/11/2017,0.179888,54005900
8/12/2017,0.17429,64949200
8/13/2017,0.168459,110460000
8/14/2017,0.17043,84239200
8/15/2017,0.162467,99978000
8/16/2017,0.160204,108090000
8/17/2017,0.160787,108083000
8/18/2017,0.158533,146522000
8/19/2017,0.155775,87806000
8/20/2017,0.159505,68565100
8/21/2017,0.193611,424030000
8/22/2017,0.24087,1464530000
8/23/2017,0.248587,1782180000
8/24/2017,0.220536,1349560000
8/25/2017,0.218694,512362000
8/26/2017,0.212467,184897000
8/27/2017,0.203322,194379000
8/28/2017,0.223638,540170000
8/29/2017,0.218175,270649000
8/30/2017,0.22681,177740000
8/31/2017,0.254085,421998000
9/1/2017,0.249645,301857000
9/2/2017,0.22457,325019000
9/3/2017,0.228848,189239000
9/4/2017,0.206462,240074000
9/5/2017,0.216226,242231000
9/6/2017,0.22686,164915000
9/7/2017,0.223218,103081000
9/8/2017,0.211528,151429000
9/9/2017,0.210045,51433500
9/10/2017,0.212904,116985000
9/11/2017,0.214914,137781000
9/12/2017,0.20922,95200800
9/13/2017,0.200845,105461000
9/14/2017,0.164177,151959000
9/15/2017,0.181167,292527000
9/16/2017,0.178489,84819600
9/17/2017,0.178507,49237300
9/18/2017,0.189366,87804500
9/19/2017,0.183936,54680000
9/20/2017,0.18244,34323100
9/21/2017,0.171347,43701200
9/22/2017,0.173483,37657700
9/23/2017,0.177651,32293700
9/24/2017,0.175581,20622200
9/25/2017,0.181323,35564400
9/26/2017,0.187749,68676300
9/27/2017,0.203149,250229000
9/28/2017,0.196986,119123000
9/29/2017,0.193591,72779800
9/30/2017,0.196932,54584900
10/1/2017,0.203369,40788800
10/2/2017,0.202849,87714100
10/3/2017,0.203454,49127700
10/4/2017,0.213899,122758000
10/5/2017,0.236733,404202000
10/6/2017,0.233753,166435000
10/7/2017,0.238596,79461900
10/8/2017,0.279843,525909000
10/9/2017,0.249302,611117000
10/10/2017,0.259381,383954000
10/11/2017,0.264808,162503000
10/12/2017,0.250161,241877000
10/13/2017,0.259367,405766000
10/14/2017,0.258943,210881000
10/15/2017,0.265509,283097000
10/16/2017,0.255936,962326000
10/17/2017,0.226969,396170000
10/18/2017,0.219275,362534000
10/19/2017,0.213848,304018000
10/20/2017,0.210527,183001000
10/21/2017,0.207555,112474000
10/22/2017,0.203929,77794100
10/23/2017,0.198939,99132900
10/24/2017,0.207547,221929000
10/25/2017,0.204953,75572800
10/26/2017,0.203689,38415300
10/27/2017,0.202493,29633100
10/28/2017,0.20161,26578600
10/29/2017,0.202587,62100300
10/30/2017,0.202776,35235700
10/31/2017,0.200793,43202900
11/1/2017,0.194131,67053700
11/2/2017,0.205095,177140000
11/3/2017,0.208601,384713000
11/4/2017,0.204145,75498300
11/5/2017,0.202402,46527000
11/6/2017,0.206486,102457000
11/7/2017,0.209832,112888000
11/8/2017,0.216912,156998000
11/9/2017,0.217419,147850000
11/10/2017,0.206187,140712000
11/11/2017,0.210117,137105000
11/12/2017,0.196401,243874000
11/13/2017,0.203654,133388000
11/14/2017,0.20995,127124000
11/15/2017,0.212758,100024000
11/16/2017,0.223418,1003870000
11/17/2017,0.227181,404303000
11/18/2017,0.228036,144759000
11/19/2017,0.230733,193756000
11/20/2017,0.239804,212055000
11/21/2017,0.232854,220314000
11/22/2017,0.238634,166264000
11/23/2017,0.245077,238979000
11/24/2017,0.24466,214700000
11/25/2017,0.253218,212938000
11/26/2017,0.249117,134241000
11/27/2017,0.253946,195641000
11/28/2017,0.298582,711246000
11/29/2017,0.240521,546398000
11/30/2017,0.250447,272495000
12/1/2017,0.255387,184477000
12/2/2017,0.255487,118712000
12/3/2017,0.251969,133663000
12/4/2017,0.252982,104732000
12/5/2017,0.245933,173229000
12/6/2017,0.23525,260916000
12/7/2017,0.222823,274201000
12/8/2017,0.251643,659633000
12/9/2017,0.244248,206400000
12/10/2017,0.238779,199457000
12/11/2017,0.250616,175432000
12/12/2017,0.379427,1521700000
12/13/2017,0.478039,2808790000
12/14/2017,0.865028,6367070000
12/15/2017,0.76057,3210330000
12/16/2017,0.762863,1346740000
12/17/2017,0.729334,821122000
12/18/2017,0.776894,1318580000
12/19/2017,0.792545,1455610000
12/20/2017,0.774137,1004990000
12/21/2017,1.15914,3493390000
12/22/2017,1.10586,4608170000
12/23/2017,1.17695,1544270000
12/24/2017,1.0328,756540000
12/25/2017,1.12038,685907000
12/26/2017,1.18401,922634000
12/27/2017,1.40645,2876210000
12/28/2017,1.43294,2838000000
12/29/2017,2.20813,7511360000
12/30/2017,2.17644,8189150000
12/31/2017,2.28004,4654810000
1/1/2018,2.31012,1697900000
1/2/2018,2.45529,3206290000
1/3/2018,3.12571,6678660000
1/4/2018,3.22005,8104150000
1/5/2018,2.93138,6173580000
1/6/2018,3.09163,2833080000
1/7/2018,3.39845,2412330000
1/8/2018,2.4485,3307200000
1/9/2018,2.14126,3717140000
1/10/2018,1.95614,4840510000
1/11/2018,1.93361,6211300000
1/12/2018,2.02577,3325760000
1/13/2018,2.0225,2165090000
1/14/2018,1.86561,1990660000
1/15/2018,1.66706,1798380000
1/16/2018,1.19515,5720560000
1/17/2018,1.29116,7145750000
1/18/2018,1.61161,9205920000
1/19/2018,1.54157,3689240000
1/20/2018,1.58205,2348780000
1/21/2018,1.38127,2835820000
1/22/2018,1.30411,2445750000
1/23/2018,1.34234,3071850000
1/24/2018,1.33309,1819990000
1/25/2018,1.30965,1006410000
1/26/2018,1.21336,2043480000
1/27/2018,1.23119,772842000
1/28/2018,1.41666,1307040000
1/29/2018,1.31967,1093900000
1/30/2018,1.31231,1249430000
1/31/2018,1.13747,1106340000
2/1/2018,1.14397,1262330000
2/2/2018,0.958196,1403940000
2/3/2018,0.896766,3559920000
2/4/2018,0.919951,2021760000
2/5/2018,0.840231,1231960000
2/6/2018,0.692773,1261390000
2/7/2018,0.779269,2345600000
2/8/2018,0.732428,1159110000
2/9/2018,0.777794,881291000
2/10/2018,0.929139,1682040000
2/11/2018,1.08609,4747340000
2/12/2018,1.0132,2571620000
2/13/2018,1.09286,1790120000
2/14/2018,1.02514,953263000
2/15/2018,1.14767,1442970000
2/16/2018,1.14836,1210330000
2/17/2018,1.14125,579454000
2/18/2018,1.21041,1168690000
2/19/2018,1.12868,1120790000
2/20/2018,1.14499,574668000
2/21/2018,1.09852,734276000
2/22/2018,0.949136,895935000
2/23/2018,0.95568,904021000
2/24/2018,0.999782,899234000
2/25/2018,0.949314,491804000
2/26/2018,0.95122,361005000
2/27/2018,0.961025,463012000
2/28/2018,0.953311,316422000
3/1/2018,0.90914,327035000
3/2/2018,0.931663,476784000
3/3/2018,0.914247,275997000
3/4/2018,0.904932,282330000
3/5/2018,1.01533,694109000
3/6/2018,0.957767,1754140000
3/7/2018,0.916863,868140000
3/8/2018,0.876384,817321000
3/9/2018,0.827276,502973000
3/10/2018,0.845867,966093000
3/11/2018,0.802784,426465000
3/12/2018,0.831416,472828000
3/13/2018,0.8032,356504000
3/14/2018,0.788572,280713000
3/15/2018,0.700401,468306000
3/16/2018,0.703766,901276000
3/17/2018,0.697978,510127000
3/18/2018,0.648311,322763000
3/19/2018,0.661157,925265000
3/20/2018,0.73457,1067000000
3/21/2018,0.70411,818311000
3/22/2018,0.691842,530297000
3/23/2018,0.660199,447842000
3/24/2018,0.637919,381653000
3/25/2018,0.64259,392593000
3/26/2018,0.642111,231315000
3/27/2018,0.600615,382954000
3/28/2018,0.579457,350731000
3/29/2018,0.578339,259622000
3/30/2018,0.512946,419233000
3/31/2018,0.509616,520045000
4/1/2018,0.51199,293509000
4/2/2018,0.485634,297669000
4/3/2018,0.499772,261899000
4/4/2018,0.560281,576895000
4/5/2018,0.502687,419147000
4/6/2018,0.498358086,349725972.1
4/7/2018,0.475235074,208766084.9
4/8/2018,0.487961015,202138801.4
4/9/2018,0.499124735,131492857.3
4/10/2018,0.492436722,264924279.1
4/11/2018,0.492965905,150082659.7
4/12/2018,0.540384642,337059733.3
4/13/2018,0.625222679,1340107147
4/14/2018,0.635036283,1206794142
4/15/2018,0.63094825,612117534.9
4/16/2018,0.679873266,594497971.2
4/17/2018,0.663044296,518372866.7
4/18/2018,0.656574851,434471522.6
4/19/2018,0.705349644,605238192.9
4/20/2018,0.789901238,857326219.2
4/21/2018,0.930385185,2237130819
4/22/2018,0.872205703,1514444296
4/23/2018,0.869246994,924815947.1
4/24/2018,0.875024745,659161315
4/25/2018,0.940198086,1535514067
4/26/2018,0.795300256,1556787045
4/27/2018,0.851596117,1004687865
4/28/2018,0.813650162,643178788.8
4/29/2018,0.861026768,767659487.7
4/30/2018,0.870640603,867436015.2
5/1/2018,0.835342941,547950108.4
5/2/2018,0.837300127,609191492.4
5/3/2018,0.85539609,526700349
5/4/2018,0.887598645,242937512.4
5/5/2018,0.893844395,973087673.4
5/6/2018,0.904191805,643161107.8
5/7/2018,0.871525546,615666633.4
5/8/2018,0.831379309,580022615.6
5/9/2018,0.812258994,445003618.6
5/10/2018,0.800286274,589218874.2
5/11/2018,0.755570358,377984516.1
5/12/2018,0.686170545,962972031.3
5/13/2018,0.697820834,576819276.9
5/14/2018,0.745869887,519301882.3
5/15/2018,0.741709715,597681544.7
5/16/2018,0.69721612,401164090.2
5/17/2018,0.713593864,411155395.4
5/18/2018,0.667050118,319392431.9
5/19/2018,0.679514851,329205517.2
5/20/2018,0.674030852,234842714.6
5/21/2018,0.697846572,253782972.9
5/22/2018,0.680221277,233863050.5
5/23/2018,0.645208614,217172399.1
5/24/2018,0.60119855,449045060.8
5/25/2018,0.631637623,433631467.4
5/26/2018,0.611722481,283146364.5
5/27/2018,0.612348939,212645750.4
5/28/2018,0.606655974,187161084.9
5/29/2018,0.55189307,314041867.2
5/30/2018,0.601478974,368630220.9
5/31/2018,0.605363379,325334388.8
6/1/2018,0.613200146,272020881.2
6/2/2018,0.622789158,249614620.1
6/3/2018,0.641121983,305541830.5
6/4/2018,0.679120436,325995260.2
6/5/2018,0.661893931,532703939.4
6/6/2018,0.675837973,368807544.7
6/7/2018,0.673390369,261160236.3
6/8/2018,0.675446001,235286860.7
6/9/2018,0.672295267,215231567.2
6/10/2018,0.654282279,167926779.8
6/11/2018,0.585695519,475133281.5
6/12/2018,0.60488908,319214672.8
6/13/2018,0.563876868,299713066.8
6/14/2018,0.53516235,353045253.2
6/15/2018,0.5603573,373201980.4
6/16/2018,0.534229405,232030093.9
6/17/2018,0.533846709,197933206.8
6/18/2018,0.525608984,164492571.1
6/19/2018,0.53603666,266958371.1
6/20/2018,0.547988237,251602367.7
6/21/2018,0.537603888,251585004.2
6/22/2018,0.533660559,191501616
6/23/2018,0.48839541,325654524.4
6/24/2018,0.492234104,193945095.6
6/25/2018,0.477667451,367276172.1
6/26/2018,0.48138814,236171609.2
6/27/2018,0.455449593,186485862.2
6/28/2018,0.469691437,205808532.7
6/29/2018,0.449189688,206377401.5
6/30/2018,0.453132157,294970557.9
7/1/2018,0.465005651,329081328.9
7/2/2018,0.459475978,265723733.7
7/3/2018,0.485941379,323227123.2
7/4/2018,0.483524848,387397562.6
7/5/2018,0.4889309,295314167.3
7/6/2018,0.476424232,278943078.7
7/7/2018,0.477898129,246779300.6
7/8/2018,0.484151866,210764155.7
7/9/2018,0.476978629,228601389.9
7/10/2018,0.47257773,198792540.8
7/11/2018,0.444893858,232761626.2
7/12/2018,0.449035941,191665461.1
7/13/2018,0.435829349,181142235
7/14/2018,0.437947097,191554578
7/15/2018,0.438412987,147985465.5
7/16/2018,0.445659904,167484142.7
7/17/2018,0.481584969,312590882
7/18/2018,0.5041828,384106043.5
7/19/2018,0.48419496,413129052
7/20/2018,0.47555189,351829814.1
7/21/2018,0.445942327,350130265.2
7/22/2018,0.45415051,210109683.3
7/23/2018,0.448753208,178738821.4
7/24/2018,0.445060184,204996682.8
7/25/2018,0.458077795,320459822.4
7/26/2018,0.458664303,270143730.2
7/27/2018,0.448791278,231096150.4
7/28/2018,0.452254669,204700070.5
7/29/2018,0.454544423,168216669.4
7/30/2018,0.452850734,194852520.3
7/31/2018,0.446519265,248726668.7
8/1/2018,0.435434576,233995826.9
8/2/2018,0.447298456,338834094.1
8/3/2018,0.431147693,222305399.5
8/4/2018,0.440918782,287546122.7
8/5/2018,0.430049486,201577122.8
8/6/2018,0.434473671,207675194.6
8/7/2018,0.413334209,258285637
8/8/2018,0.380186552,337672018.5
8/9/2018,0.331736887,387146374.9
8/10/2018,0.346205383,387949885.3
8/11/2018,0.320764595,308624072.8
8/12/2018,0.30066297,308616055.5
8/13/2018,0.297115002,272765373
8/14/2018,0.279172648,269511987.5
8/15/2018,0.273936557,296755785.8
8/16/2018,0.281679614,340842440
8/17/2018,0.29235691,244969420.6
8/18/2018,0.365942509,525847021.5
8/19/2018,0.326364281,444762175.5
8/20/2018,0.343703475,341168051.1
8/21/2018,0.318491396,302218417.5
8/22/2018,0.334633042,253887820.8
8/23/2018,0.319322255,292955423.1
8/24/2018,0.327469186,224088236.9
8/25/2018,0.327292583,249317627.9
8/26/2018,0.328022313,174724569.3
8/27/2018,0.32358914,174306308.7
8/28/2018,0.33831813,236770852.9
8/29/2018,0.352397894,340767467.3
8/30/2018,0.344660533,284340626.2
8/31/2018,0.335561857,268653221.5
9/1/2018,0.335519503,227827316.7
9/2/2018,0.347982818,267450670.6
9/3/2018,0.342654064,255056352.7
9/4/2018,0.335754548,341896700.3
9/5/2018,0.330812177,468808206.9
9/6/2018,0.281468176,394545978.8
9/7/2018,0.301489352,421848840.6
9/8/2018,0.289365052,300432868.1
9/9/2018,0.274581995,298131545.3
9/10/2018,0.27749808,278611709.5
9/11/2018,0.26881171,302129589.1
9/12/2018,0.263836394,311759795
9/13/2018,0.270151107,342327516.7
9/14/2018,0.280815933,363840606.6
9/15/2018,0.276880547,326677786.4
9/16/2018,0.281883918,250387720.5
9/17/2018,0.28120384,241091500.9
9/18/2018,0.271347906,285533927.5
9/19/2018,0.321950175,674858731
9/20/2018,0.326004614,525069885.2
9/21/2018,0.449615905,1394001878
9/22/2018,0.565418551,4307403389
9/23/2018,0.573448623,2492897028
9/24/2018,0.572512681,1064007679
9/25/2018,0.494431878,1013020981
9/26/2018,0.528123262,1723375409
9/27/2018,0.514998566,1639250152
9/28/2018,0.542321115,859572804.3
9/29/2018,0.540110979,738590479.1
9/30/2018,0.57164087,1081239677
10/1/2018,0.58161275,1308391504
10/2/2018,0.577382932,1397493860
10/3/2018,0.516662498,700808852
10/4/2018,0.528511844,828787430.3
10/5/2018,0.527541728,596664917.3
10/6/2018,0.519752781,582795301.1
10/7/2018,0.488678786,710572866.4
10/8/2018,0.48306769,559788282.9
10/9/2018,0.49118236,571441759.7
10/10/2018,0.48025563,434700458.4
10/11/2018,0.463130196,419667835.8
10/12/2018,0.382765898,919679024.4
10/13/2018,0.421278584,974718176.9
10/14/2018,0.422132428,420676075.3
10/15/2018,0.40522945,339593825.3
10/16/2018,0.453025899,1229625623
10/17/2018,0.475810518,696224404
10/18/2018,0.47589815,711807146.9
10/19/2018,0.461449988,637016687.2
10/20/2018,0.457672067,444255149.1
10/21/2018,0.464206079,426405354.3
10/22/2018,0.460829574,446592474
10/23/2018,0.456776058,317539422.8
10/24/2018,0.463953781,646754244
10/25/2018,0.458797754,520379443.1
10/26/2018,0.460452039,445181041.1
10/27/2018,0.461604975,396254310.2
10/28/2018,0.457433361,289043924.6
10/29/2018,0.463058429,334957518.4
10/30/2018,0.44091381,480694704.7
10/31/2018,0.446720328,227040091.2
11/1/2018,0.453618031,302071251.8
11/2/2018,0.458067702,382968051.2
11/3/2018,0.461717666,493211574.2
11/4/2018,0.457133843,420589523.2
11/5/2018,0.459944341,618149344.7
11/6/2018,0.49667129,924082201.4
11/7/2018,0.549978539,1853044743
11/8/2018,0.539121323,895312330.9
11/9/2018,0.496651479,898074716
11/10/2018,0.502568553,671999305.7
11/11/2018,0.508052976,438844393.6
11/12/2018,0.50878586,514239181.2
11/13/2018,0.520972685,857397372.2
11/14/2018,0.513351643,764601053.5
11/15/2018,0.477334078,1739603422
11/16/2018,0.486614088,1304087630
11/17/2018,0.474831218,695872789.5
11/18/2018,0.495510037,740803249.8
11/19/2018,0.513161569,1019902684
11/20/2018,0.481709708,1849155450
11/21/2018,0.436569623,1948711156
11/22/2018,0.449660133,1389721463
11/23/2018,0.425897333,233415635.6
11/24/2018,0.4124455,1028685413
11/25/2018,0.377212978,856816582.2
11/26/2018,0.378313185,1580182738
11/27/2018,0.359461325,1371317182
11/28/2018,0.361691441,770673150.8
11/29/2018,0.391329242,1005109623
11/30/2018,0.37969823,814252722.2
12/1/2018,0.362500394,640077941.5
12/2/2018,0.372893853,563433646.9
12/3/2018,0.365815637,490227128.4
12/4/2018,0.349260797,572225365.6
12/5/2018,0.351926459,612588704
