Date,BTC_supply
12/7/2018,17410487.5
12/6/2018,17408800
12/5/2018,17407175
12/4/2018,17405450
12/3/2018,17404025
12/2/2018,17402600
12/1/2018,17401050
11/30/2018,17399787.5
11/29/2018,17398475
11/28/2018,17397000
11/27/2018,17395362.5
11/26/2018,17393975
11/25/2018,17392387.5
11/24/2018,17390600
11/23/2018,17389037.5
11/22/2018,17387512.5
11/21/2018,17386200
11/20/2018,17384550
11/19/2018,17382975
11/18/2018,17381437.5
11/17/2018,17379625
11/16/2018,17378050
11/15/2018,17376462.5
11/14/2018,17374775
11/13/2018,17373275
11/12/2018,17371525
11/11/2018,17369700
11/10/2018,17368062.5
11/9/2018,17366475
11/8/2018,17364962.5
11/7/2018,17363337.5
11/6/2018,17361737.5
11/5/2018,17359937.5
11/4/2018,17358400
11/3/2018,17356387.5
11/2/2018,17354600
11/1/2018,17352675
10/31/2018,17350637.5
10/30/2018,17348712.5
10/29/2018,17346887.5
10/28/2018,17345137.5
10/27/2018,17343437.5
10/26/2018,17341650
10/25/2018,17339937.5
10/24/2018,17338525
10/23/2018,17336600
10/22/2018,17334662.5
10/21/2018,17332937.5
10/20/2018,17331150
10/19/2018,17329375
10/18/2018,17327650
10/17/2018,17325925
10/16/2018,17324237.5
10/15/2018,17322212.5
10/14/2018,17320787.5
10/13/2018,17319025
10/12/2018,17317375
10/11/2018,17315387.5
10/10/2018,17313587.5
10/9/2018,17311962.5
10/8/2018,17310275
10/7/2018,17308500
10/6/2018,17306937.5
10/5/2018,17305312.5
10/4/2018,17303437.5
10/3/2018,17301625
10/2/2018,17299912.5
10/1/2018,17297937.5
9/30/2018,17295900
9/29/2018,17294000
9/28/2018,17292075
9/27/2018,17290287.5
9/26/2018,17288550
9/25/2018,17286437.5
9/24/2018,17284587.5
9/23/2018,17282712.5
9/22/2018,17280775
9/21/2018,17278975
9/20/2018,17277050
9/19/2018,17275100
9/18/2018,17273325
9/17/2018,17271637.5
9/16/2018,17269900
9/15/2018,17268150
9/14/2018,17266500
9/13/2018,17264650
9/12/2018,17262550
9/11/2018,17260787.5
9/10/2018,17259100
9/9/2018,17257062.5
9/8/2018,17255187.5
9/7/2018,17253287.5
9/6/2018,17251412.5
9/5/2018,17249762.5
9/4/2018,17248187.5
9/3/2018,17246387.5
9/2/2018,17244587.5
9/1/2018,17242700
8/31/2018,17240762.5
8/30/2018,17238837.5
8/29/2018,17237100
8/28/2018,17235187.5
8/27/2018,17232875
8/26/2018,17230712.5
8/25/2018,17229025
8/24/2018,17227200
8/23/2018,17225337.5
8/22/2018,17223337.5
8/21/2018,17221487.5
8/20/2018,17219612.5
8/19/2018,17217800
8/18/2018,17215800
8/17/2018,17213900
8/16/2018,17211925
8/15/2018,17209912.5
8/14/2018,17208212.5
8/13/2018,17206337.5
8/12/2018,17204400
8/11/2018,17202275
8/10/2018,17200075
8/9/2018,17198212.5
8/8/2018,17196237.5
8/7/2018,17194350
8/6/2018,17192712.5
8/5/2018,17190712.5
8/4/2018,17188512.5
8/3/2018,17186437.5
8/2/2018,17184525
8/1/2018,17182650
7/31/2018,17180812.5
7/30/2018,17179137.5
7/29/2018,17177012.5
7/28/2018,17175200
7/27/2018,17173112.5
7/26/2018,17171050
7/25/2018,17168837.5
7/24/2018,17166850
7/23/2018,17164775
7/22/2018,17162500
7/21/2018,17160787.5
7/20/2018,17158862.5
7/19/2018,17156725
7/18/2018,17154550
7/17/2018,17152562.5
7/16/2018,17151062.5
7/15/2018,17149400
7/14/2018,17147737.5
7/13/2018,17145950
7/12/2018,17144187.5
7/11/2018,17142500
7/10/2018,17140637.5
7/9/2018,17138937.5
7/8/2018,17136962.5
7/7/2018,17135012.5
7/6/2018,17133012.5
7/5/2018,17131300
7/4/2018,17129625
7/3/2018,17128175
7/2/2018,17126412.5
7/1/2018,17124575
6/30/2018,17122812.5
6/29/2018,17120925
6/28/2018,17118962.5
6/27/2018,17117450
6/26/2018,17115625
6/25/2018,17113662.5
6/24/2018,17111525
6/23/2018,17109525
6/22/2018,17107637.5
6/21/2018,17105512.5
6/20/2018,17103575
6/19/2018,17101637.5
6/18/2018,17099587.5
6/17/2018,17097625
6/16/2018,17095550
6/15/2018,17093637.5
6/14/2018,17091725
6/13/2018,17089937.5
6/12/2018,17088125
6/11/2018,17086375
6/10/2018,17084787.5
6/9/2018,17083000
6/8/2018,17081187.5
6/7/2018,17079400
6/6/2018,17077562.5
6/5/2018,17075375
6/4/2018,17073087.5
6/3/2018,17071050
6/2/2018,17069150
6/1/2018,17067075
5/31/2018,17064950
5/30/2018,17062775
5/29/2018,17061037.5
5/28/2018,17059087.5
5/27/2018,17057037.5
5/26/2018,17055012.5
5/25/2018,17052812.5
5/24/2018,17051025
5/23/2018,17049000
5/22/2018,17047112.5
5/21/2018,17045150
5/20/2018,17043350
5/19/2018,17041425
5/18/2018,17039575
5/17/2018,17037925
5/16/2018,17035687.5
5/15/2018,17033862.5
5/14/2018,17032212.5
5/13/2018,17030362.5
5/12/2018,17028300
5/11/2018,17026712.5
5/10/2018,17024787.5
5/9/2018,17022787.5
5/8/2018,17021050
5/7/2018,17019175
5/6/2018,17017462.5
5/5/2018,17015450
5/4/2018,17013725
5/3/2018,17011837.5
5/2/2018,17010087.5
5/1/2018,17008112.5
4/30/2018,17006175
4/29/2018,17004200
4/28/2018,17002600
4/27/2018,17000825
4/26/2018,16999062.5
4/25/2018,16997525
4/24/2018,16995537.5
4/23/2018,16993625
4/22/2018,16991625
4/21/2018,16989637.5
4/20/2018,16987925
4/19/2018,16985700
4/18/2018,16983700
4/17/2018,16981675
4/16/2018,16979912.5
4/15/2018,16977875
4/14/2018,16976162.5
4/13/2018,16974100
4/12/2018,16972175
4/11/2018,16970162.5
4/10/2018,16968112.5
4/9/2018,16966275
4/8/2018,16964262.5
4/7/2018,16962012.5
4/6/2018,16960287.5
4/5/2018,16958337.5
4/4/2018,16956500
4/3/2018,16954462.5
4/2/2018,16952512.5
4/1/2018,16950487.5
3/31/2018,16948887.5
3/30/2018,16946862.5
3/29/2018,16944962.5
3/28/2018,16943275
3/27/2018,16941375
3/26/2018,16939500
3/25/2018,16937812.5
3/24/2018,16935862.5
3/23/2018,16934200
3/22/2018,16932412.5
3/21/2018,16930512.5
3/20/2018,16928925
3/19/2018,16926987.5
3/18/2018,16925100
3/17/2018,16923237.5
3/16/2018,16921287.5
3/15/2018,16919487.5
3/14/2018,16917687.5
3/13/2018,16915712.5
3/12/2018,16913700
3/11/2018,16911787.5
3/10/2018,16910037.5
3/9/2018,16908212.5
3/8/2018,16906187.5
3/7/2018,16904225
3/6/2018,16902275
3/5/2018,16900412.5
3/4/2018,16898562.5
3/3/2018,16896312.5
3/2/2018,16894362.5
3/1/2018,16892300
2/28/2018,16890362.5
2/27/2018,16888362.5
2/26/2018,16886600
2/25/2018,16884462.5
2/24/2018,16882650
2/23/2018,16880800
2/22/2018,16878937.5
2/21/2018,16876825
2/20/2018,16875062.5
2/19/2018,16873037.5
2/18/2018,16871012.5
2/17/2018,16869150
2/16/2018,16867187.5
2/15/2018,16865550
2/14/2018,16863312.5
2/13/2018,16861262.5
2/12/2018,16859187.5
2/11/2018,16857300
2/10/2018,16855512.5
2/9/2018,16853825
2/8/2018,16852187.5
2/7/2018,16850425
2/6/2018,16848300
2/5/2018,16845987.5
2/4/2018,16843762.5
2/3/2018,16841787.5
2/2/2018,16839687.5
2/1/2018,16837687.5
1/31/2018,16836225
1/30/2018,16834137.5
1/29/2018,16832287.5
1/28/2018,16830312.5
1/27/2018,16828350
1/26/2018,16826412.5
1/25/2018,16824437.5
1/24/2018,16822237.5
1/23/2018,16820025
1/22/2018,16817937.5
1/21/2018,16815600
1/20/2018,16813375
1/19/2018,16811312.5
1/18/2018,16809150
1/17/2018,16807062.5
1/16/2018,16805075
1/15/2018,16803200
1/14/2018,16801262.5
1/13/2018,16799400
1/12/2018,16797175
1/11/2018,16794762.5
1/10/2018,16792687.5
1/9/2018,16790637.5
1/8/2018,16788562.5
1/7/2018,16786537.5
1/6/2018,16784437.5
1/5/2018,16782650
1/4/2018,16780550
1/3/2018,16778587.5
1/2/2018,16776450
1/1/2018,16774500
12/31/2017,16772462.5
12/30/2017,16770625
12/29/2017,16768562.5
12/28/2017,16766700
12/27/2017,16764750
12/26/2017,16762975
12/25/2017,16761287.5
12/24/2017,16759387.5
12/23/2017,16757650
12/22/2017,16755712.5
12/21/2017,16754062.5
12/20/2017,16752362.5
12/19/2017,16750612.5
12/18/2017,16748337.5
12/17/2017,16746025
12/16/2017,16743887.5
12/15/2017,16741775
12/14/2017,16739462.5
12/13/2017,16737137.5
12/12/2017,16735187.5
12/11/2017,16733050
12/10/2017,16731000
12/9/2017,16728825
12/8/2017,16726862.5
12/7/2017,16724975
12/6/2017,16722625
12/5/2017,16720400
12/4/2017,16718137.5
12/3/2017,16715937.5
12/2/2017,16713925
12/1/2017,16711637.5
11/30/2017,16709550
11/29/2017,16707387.5
11/28/2017,16705437.5
11/27/2017,16703312.5
11/26/2017,16701400
11/25/2017,16699450
11/24/2017,16697587.5
11/23/2017,16695312.5
11/22/2017,16693775
11/21/2017,16691612.5
11/20/2017,16689425
11/19/2017,16687425
11/18/2017,16685725
11/17/2017,16683637.5
11/16/2017,16681737.5
11/15/2017,16679837.5
11/14/2017,16678237.5
11/13/2017,16676487.5
11/12/2017,16675487.5
11/11/2017,16674487.5
11/10/2017,16672987.5
11/9/2017,16671075
11/8/2017,16669275
11/7/2017,16667325
11/6/2017,16665662.5
11/5/2017,16663900
11/4/2017,16662275
11/3/2017,16660787.5
11/2/2017,16658325
11/1/2017,16656962.5
10/31/2017,16655237.5
10/30/2017,16653400
10/29/2017,16651475
10/28/2017,16650412.5
10/27/2017,16649112.5
10/26/2017,16646862.5
10/25/2017,16644550
10/24/2017,16642462.5
10/23/2017,16640325
10/22/2017,16638050
10/21/2017,16636137.5
10/20/2017,16633900
10/19/2017,16631675
10/18/2017,16629787.5
10/17/2017,16627737.5
10/16/2017,16625562.5
10/15/2017,16623125
10/14/2017,16621362.5
10/13/2017,16619662.5
10/12/2017,16617750
10/11/2017,16616012.5
10/10/2017,16614012.5
10/9/2017,16612000
10/8/2017,16609725
10/7/2017,16607750
10/6/2017,16605762.5
10/5/2017,16604200
10/4/2017,16602525
10/3/2017,16600237.5
10/2/2017,16598362.5
10/1/2017,16596737.5
9/30/2017,16595012.5
9/29/2017,16592900
9/28/2017,16590687.5
9/27/2017,16588850
9/26/2017,16587125
9/25/2017,16585562.5
9/24/2017,16583750
9/23/2017,16581675
9/22/2017,16579937.5
9/21/2017,16577737.5
9/20/2017,16576275
9/19/2017,16574325
9/18/2017,16572737.5
9/17/2017,16570537.5
9/16/2017,16568425
9/15/2017,16566175
9/14/2017,16564000
9/13/2017,16561625
9/12/2017,16559275
9/11/2017,16557100
9/10/2017,16555375
9/9/2017,16553262.5
9/8/2017,16551075
9/7/2017,16548875
9/6/2017,16546850
9/5/2017,16544387.5
9/4/2017,16542200
9/3/2017,16540275
9/2/2017,16538225
9/1/2017,16536050
8/31/2017,16534012.5
8/30/2017,16531912.5
8/29/2017,16530050
8/28/2017,16528437.5
8/27/2017,16526500
8/26/2017,16525187.5
8/25/2017,16523925
8/24/2017,16522662.5
8/23/2017,16520675
8/22/2017,16519562.5
8/21/2017,16518125
8/20/2017,16516500
8/19/2017,16514612.5
8/18/2017,16512750
8/17/2017,16510512.5
8/16/2017,16508887.5
8/15/2017,16506987.5
8/14/2017,16505362.5
8/13/2017,16503512.5
8/12/2017,16501825
8/11/2017,16500025
8/10/2017,16498350
8/9/2017,16496625
8/8/2017,16494575
8/7/2017,16492662.5
8/6/2017,16490912.5
8/5/2017,16488700
8/4/2017,16486462.5
8/3/2017,16484737.5
8/2/2017,16482837.5
8/1/2017,16480975
7/31/2017,16479162.5
7/30/2017,16477325
7/29/2017,16475362.5
7/28/2017,16473487.5
7/27/2017,16471562.5
7/26/2017,16469725
7/25/2017,16467875
7/24/2017,16465650
7/23/2017,16463500
7/22/2017,16461500
7/21/2017,16459575
7/20/2017,16457550
7/19/2017,16455687.5
7/18/2017,16453625
7/17/2017,16451775
7/16/2017,16449737.5
7/15/2017,16448150
7/14/2017,16446412.5
7/13/2017,16444450
7/12/2017,16442237.5
7/11/2017,16440075
7/10/2017,16437612.5
7/9/2017,16435887.5
7/8/2017,16433825
7/7/2017,16431975
7/6/2017,16430200
7/5/2017,16428337.5
7/4/2017,16426425
7/3/2017,16426425
7/2/2017,16424300
7/1/2017,16419900
6/30/2017,16417975
6/29/2017,16416475
6/28/2017,16414512.5
6/27/2017,16412875
6/26/2017,16411100
6/25/2017,16409575
6/24/2017,16407750
6/23/2017,16405750
6/22/2017,16404012.5
6/21/2017,16402262.5
6/20/2017,16400537.5
6/19/2017,16398650
6/18/2017,16396837.5
6/17/2017,16395025
6/16/2017,16393175
6/15/2017,16391262.5
6/14/2017,16389512.5
6/13/2017,16387750
6/12/2017,16385912.5
6/11/2017,16384087.5
6/10/2017,16382325
6/9/2017,16380437.5
6/8/2017,16378375
6/7/2017,16376312.5
6/6/2017,16374425
6/5/2017,16372375
6/4/2017,16370362.5
6/3/2017,16367962.5
6/2/2017,16366137.5
6/1/2017,16364012.5
5/31/2017,16361962.5
5/30/2017,16359725
5/29/2017,16357837.5
5/28/2017,16355775
5/27/2017,16353675
5/26/2017,16351762.5
5/25/2017,16349725
5/24/2017,16347800
5/23/2017,16345700
5/22/2017,16343875
5/21/2017,16342037.5
5/20/2017,16339975
5/19/2017,16337925
5/18/2017,16336150
5/17/2017,16334212.5
5/16/2017,16332562.5
5/15/2017,16330437.5
5/14/2017,16328387.5
5/13/2017,16326412.5
5/12/2017,16324487.5
5/11/2017,16322800
5/10/2017,16320950
5/9/2017,16319012.5
5/8/2017,16316762.5
5/7/2017,16314675
5/6/2017,16312575
5/5/2017,16310962.5
5/4/2017,16308862.5
5/3/2017,16307212.5
5/2/2017,16305237.5
5/1/2017,16303362.5
4/30/2017,16301475
4/29/2017,16299312.5
4/28/2017,16297612.5
4/27/2017,16295775
4/26/2017,16293862.5
4/25/2017,16292012.5
4/24/2017,16290462.5
4/23/2017,16288550
4/22/2017,16286737.5
4/21/2017,16284650
4/20/2017,16282925
4/19/2017,16281137.5
4/18/2017,16279312.5
4/17/2017,16277587.5
4/16/2017,16275762.5
4/15/2017,16273887.5
4/14/2017,16272150
4/13/2017,16270562.5
4/12/2017,16268787.5
4/11/2017,16266700
4/10/2017,16264862.5
4/9/2017,16262875
4/8/2017,16261162.5
4/7/2017,16259137.5
4/6/2017,16257300
4/5/2017,16255275
4/4/2017,16253712.5
4/3/2017,16251512.5
4/2/2017,16249537.5
4/1/2017,16247887.5
3/31/2017,16246200
3/30/2017,16244150
3/29/2017,16242425
3/28/2017,16240487.5
3/27/2017,16238837.5
3/26/2017,16236762.5
3/25/2017,16235100
3/24/2017,16232900
3/23/2017,16231050
3/22/2017,16229062.5
3/21/2017,16227287.5
3/20/2017,16225587.5
3/19/2017,16223525
3/18/2017,16221562.5
3/17/2017,16219637.5
3/16/2017,16217725
3/15/2017,16215950
3/14/2017,16214000
3/13/2017,16212187.5
3/12/2017,16210250
3/11/2017,16208387.5
3/10/2017,16206437.5
3/9/2017,16204587.5
3/8/2017,16202812.5
3/7/2017,16200900
3/6/2017,16199125
3/5/2017,16197287.5
3/4/2017,16195637.5
3/3/2017,16193750
3/2/2017,16191787.5
3/1/2017,16189987.5
2/28/2017,16188075
2/27/2017,16186275
2/26/2017,16184050
2/25/2017,16181962.5
2/24/2017,16179925
2/23/2017,16178050
2/22/2017,16176325
2/21/2017,16174600
2/20/2017,16172750
2/19/2017,16171075
2/18/2017,16169187.5
2/17/2017,16167300
2/16/2017,16165412.5
2/15/2017,16163675
2/14/2017,16161562.5
2/13/2017,16159525
2/12/2017,16157775
2/11/2017,16156037.5
2/10/2017,16154200
2/9/2017,16152087.5
2/8/2017,16150262.5
2/7/2017,16148375
2/6/2017,16146812.5
2/5/2017,16144825
2/4/2017,16143025
2/3/2017,16141162.5
2/2/2017,16139200
2/1/2017,16136800
1/31/2017,16134987.5
1/30/2017,16133187.5
1/29/2017,16131100
1/28/2017,16129200
1/27/2017,16127075
1/26/2017,16125137.5
1/25/2017,16123275
1/24/2017,16121412.5
1/23/2017,16119687.5
1/22/2017,16117512.5
1/21/2017,16115250
1/20/2017,16112887.5
1/19/2017,16110712.5
1/18/2017,16108837.5
1/17/2017,16106862.5
1/16/2017,16104750
1/15/2017,16102662.5
1/14/2017,16100512.5
1/13/2017,16098637.5
1/12/2017,16096487.5
1/11/2017,16094575
1/10/2017,16092575
1/9/2017,16090875
1/8/2017,16088787.5
1/7/2017,16087062.5
1/6/2017,16085050
1/5/2017,16083300
1/4/2017,16081387.5
1/3/2017,16079337.5
1/2/2017,16077350
1/1/2017,16075400
12/31/2016,16073550
12/30/2016,16071587.5
12/29/2016,16069712.5
12/28/2016,16067662.5
12/27/2016,16065712.5
12/26/2016,16063937.5
12/25/2016,16061875
12/24/2016,16060162.5
12/23/2016,16058262.5
12/22/2016,16056275
12/21/2016,16054287.5
12/20/2016,16052562.5
12/19/2016,16050675
12/18/2016,16048912.5
12/17/2016,16047112.5
12/16/2016,16045450
12/15/2016,16043862.5
12/14/2016,16042125
12/13/2016,16039900
12/12/2016,16039900
12/11/2016,16035612.5
12/10/2016,16033962.5
12/9/2016,16032275
12/8/2016,16030312.5
12/7/2016,16028137.5
12/6/2016,16026262.5
12/5/2016,16024362.5
12/4/2016,16022512.5
12/3/2016,16020362.5
12/2/2016,16018575
12/1/2016,16016750
11/30/2016,16014975
11/29/2016,16013112.5
11/28/2016,16011062.5
11/27/2016,16009262.5
11/26/2016,16007350
11/25/2016,16005450
11/24/2016,16003425
11/23/2016,16001587.5
11/22/2016,15999912.5
11/21/2016,15998175
11/20/2016,15996575
11/19/2016,15994800
11/18/2016,15992950
11/17/2016,15990962.5
11/16/2016,15988825
11/15/2016,15986875
11/14/2016,15984725
11/13/2016,15982950
11/12/2016,15980850
11/11/2016,15978812.5
11/10/2016,15976712.5
11/9/2016,15974875
11/8/2016,15972762.5
11/7/2016,15970937.5
11/6/2016,15969025
11/5/2016,15967187.5
11/4/2016,15965737.5
11/3/2016,15963800
11/2/2016,15962137.5
11/1/2016,15960337.5
10/31/2016,15958500
10/30/2016,15956400
10/29/2016,15954537.5
10/28/2016,15952637.5
10/27/2016,15950612.5
10/26/2016,15948887.5
10/25/2016,15947150
10/24/2016,15945362.5
10/23/2016,15943562.5
10/22/2016,15941700
10/21/2016,15939650
10/20/2016,15937975
10/19/2016,15936412.5
10/18/2016,15934475
10/17/2016,15932912.5
10/16/2016,15931287.5
10/15/2016,15929512.5
10/14/2016,15927812.5
10/13/2016,15926212.5
10/12/2016,15924412.5
10/11/2016,15922675
10/10/2016,15921125
10/9/2016,15919125
10/8/2016,15917012.5
10/7/2016,15915225
10/6/2016,15913212.5
10/5/2016,15911125
10/4/2016,15909150
10/3/2016,15907262.5
10/2/2016,15905500
10/1/2016,15903537.5
9/30/2016,15901762.5
9/29/2016,15899975
9/28/2016,15898125
9/27/2016,15896037.5
9/26/2016,15894125
9/25/2016,15891812.5
9/24/2016,15889737.5
9/23/2016,15888037.5
9/22/2016,15886275
9/21/2016,15884200
9/20/2016,15882312.5
9/19/2016,15880650
9/18/2016,15878837.5
9/17/2016,15876800
9/16/2016,15875062.5
9/15/2016,15873137.5
9/14/2016,15871187.5
9/13/2016,15869125
9/12/2016,15867087.5
9/11/2016,15865037.5
9/10/2016,15863100
9/9/2016,15861325
9/8/2016,15859525
9/7/2016,15857625
9/6/2016,15855925
9/5/2016,15854175
9/4/2016,15851937.5
9/3/2016,15850362.5
9/2/2016,15848450
9/1/2016,15846700
8/31/2016,15845025
8/30/2016,15842975
8/29/2016,15841112.5
8/28/2016,15839212.5
8/27/2016,15837412.5
8/26/2016,15835762.5
8/25/2016,15834137.5
8/24/2016,15832237.5
8/23/2016,15830400
8/22/2016,15828425
8/21/2016,15826387.5
8/20/2016,15824450
8/19/2016,15822525
8/18/2016,15820600
8/17/2016,15819062.5
8/16/2016,15817375
8/15/2016,15815550
8/14/2016,15813512.5
8/13/2016,15811475
8/12/2016,15809612.5
8/11/2016,15807737.5
8/10/2016,15805850
8/9/2016,15804300
8/8/2016,15802450
8/7/2016,15800600
8/6/2016,15798525
8/5/2016,15796412.5
8/4/2016,15794500
8/3/2016,15792425
8/2/2016,15790500
8/1/2016,15788587.5
7/31/2016,15786662.5
7/30/2016,15785175
7/29/2016,15783337.5
7/28/2016,15781637.5
7/27/2016,15780037.5
7/26/2016,15778425
7/25/2016,15776787.5
7/24/2016,15775237.5
7/23/2016,15773600
7/22/2016,15771987.5
7/21/2016,15770325
7/20/2016,15768450
7/19/2016,15766850
7/18/2016,15765000
7/17/2016,15763137.5
7/16/2016,15761175
7/15/2016,15759487.5
7/14/2016,15757725
7/13/2016,15756112.5
7/12/2016,15754325
7/11/2016,15752537.5
7/10/2016,15750587.5
7/9/2016,15747450
7/8/2016,15743825
7/7/2016,15740400
7/6/2016,15736900
7/5/2016,15733275
7/4/2016,15729500
7/3/2016,15725650
7/2/2016,15721925
7/1/2016,15718050
6/30/2016,15714300
6/29/2016,15710650
6/28/2016,15706950
6/27/2016,15703275
6/26/2016,15699625
6/25/2016,15695575
6/24/2016,15692350
6/23/2016,15688850
6/22/2016,15685625
6/21/2016,15681900
6/20/2016,15677800
6/19/2016,15673375
6/18/2016,15669425
6/17/2016,15665700
6/16/2016,15661975
6/15/2016,15658175
6/14/2016,15654875
6/13/2016,15650850
6/12/2016,15647200
6/11/2016,15643300
6/10/2016,15639700
6/9/2016,15635575
6/8/2016,15631975
6/7/2016,15628475
6/6/2016,15624225
6/5/2016,15619975
6/4/2016,15617000
6/3/2016,15613450
6/2/2016,15610000
6/1/2016,15606425
5/31/2016,15603250
5/30/2016,15599650
5/29/2016,15595975
5/28/2016,15592650
5/27/2016,15589175
5/26/2016,15585800
5/25/2016,15582350
5/24/2016,15578675
5/23/2016,15574175
5/22/2016,15569575
5/21/2016,15566050
5/20/2016,15562325
5/19/2016,15559325
5/18/2016,15555500
5/17/2016,15551975
5/16/2016,15548450
5/15/2016,15544975
5/14/2016,15541375
5/13/2016,15537575
5/12/2016,15534100
5/11/2016,15530775
5/10/2016,15526825
5/9/2016,15522500
5/8/2016,15518350
5/7/2016,15514600
5/6/2016,15510550
5/5/2016,15506675
5/4/2016,15502500
5/3/2016,15498725
5/2/2016,15494800
5/1/2016,15490925
4/30/2016,15487275
4/29/2016,15483325
4/28/2016,15479950
4/27/2016,15476725
4/26/2016,15472950
4/25/2016,15469775
4/24/2016,15466475
4/23/2016,15462875
4/22/2016,15459300
4/21/2016,15455525
4/20/2016,15450475
4/19/2016,15446725
4/18/2016,15443350
4/17/2016,15439525
4/16/2016,15435950
4/15/2016,15432325
4/14/2016,15428200
4/13/2016,15424275
4/12/2016,15420475
4/11/2016,15416700
4/10/2016,15412350
4/9/2016,15408300
4/8/2016,15404775
4/7/2016,15401125
4/6/2016,15397250
4/5/2016,15393525
4/4/2016,15389425
4/3/2016,15385750
4/2/2016,15382000
4/1/2016,15378575
3/31/2016,15375450
3/30/2016,15371475
3/29/2016,15367225
3/28/2016,15363675
3/27/2016,15359850
3/26/2016,15356175
3/25/2016,15352550
3/24/2016,15348775
3/23/2016,15345000
3/22/2016,15341275
3/21/2016,15338125
3/20/2016,15334350
3/19/2016,15330975
3/18/2016,15327525
3/17/2016,15324150
3/16/2016,15319900
3/15/2016,15319900
3/14/2016,15316100
3/13/2016,15312325
3/12/2016,15305425
3/11/2016,15301350
3/10/2016,15297325
3/9/2016,15293200
3/8/2016,15289850
3/7/2016,15285975
3/6/2016,15282500
3/5/2016,15278525
3/4/2016,15274725
3/3/2016,15271400
3/2/2016,15267475
3/1/2016,15264275
2/29/2016,15260900
2/28/2016,15257175
2/27/2016,15253900
2/26/2016,15250150
2/25/2016,15246525
2/24/2016,15243450
2/23/2016,15240075
2/22/2016,15236825
2/21/2016,15233675
2/20/2016,15229725
2/19/2016,15226250
2/18/2016,15221750
2/17/2016,15218250
2/16/2016,15214525
2/15/2016,15210825
2/14/2016,15206325
2/13/2016,15202500
2/12/2016,15198525
2/11/2016,15193725
2/10/2016,15189500
2/9/2016,15185275
2/8/2016,15181250
2/7/2016,15176700
2/6/2016,15171925
2/5/2016,15167425
2/4/2016,15162800
2/3/2016,15158450
2/2/2016,15154350
2/1/2016,15149950
1/31/2016,15145475
1/30/2016,15141050
1/29/2016,15136800
1/28/2016,15133100
1/27/2016,15129250
1/26/2016,15125150
1/25/2016,15120825
1/24/2016,15116675
1/23/2016,15112200
1/22/2016,15108075
1/21/2016,15104725
1/20/2016,15101075
1/19/2016,15097350
1/18/2016,15092975
1/17/2016,15089500
1/16/2016,15086025
1/15/2016,15082950
1/14/2016,15079650
1/13/2016,15075825
1/12/2016,15071425
1/11/2016,15067175
1/10/2016,15062925
1/9/2016,15058950
1/8/2016,15054575
1/7/2016,15050975
1/6/2016,15047575
1/5/2016,15043500
1/4/2016,15039125
1/3/2016,15035400
1/2/2016,15031975
1/1/2016,15028600
12/31/2015,15025000
12/30/2015,15020675
12/29/2015,15016875
12/28/2015,15012850
12/27/2015,15007975
12/26/2015,15003325
12/25/2015,14999975
12/24/2015,14996250
12/23/2015,14992125
12/22/2015,14988600
12/21/2015,14984750
12/20/2015,14980525
12/19/2015,14976650
12/18/2015,14972650
12/17/2015,14968675
12/16/2015,14964475
12/15/2015,14959650
12/14/2015,14955250
12/13/2015,14951525
12/12/2015,14947350
12/11/2015,14942975
12/10/2015,14938075
12/9/2015,14933650
12/8/2015,14929675
12/7/2015,14925900
12/6/2015,14925900
12/5/2015,14921600
12/4/2015,14913750
12/3/2015,14910150
12/2/2015,14906475
12/1/2015,14901675
11/30/2015,14897925
11/29/2015,14894000
11/28/2015,14890350
11/27/2015,14886625
11/26/2015,14882575
11/25/2015,14878725
11/24/2015,14874925
11/23/2015,14870925
11/22/2015,14866575
11/21/2015,14862125
11/20/2015,14858150
11/19/2015,14854650
11/18/2015,14851150
11/17/2015,14847125
11/16/2015,14842725
11/15/2015,14839100
11/14/2015,14835300
11/13/2015,14831125
11/12/2015,14827475
11/11/2015,14823050
11/10/2015,14819475
11/9/2015,14815800
11/8/2015,14812300
11/7/2015,14808225
11/6/2015,14804800
11/5/2015,14801075
11/4/2015,14797200
11/3/2015,14793250
11/2/2015,14789625
11/1/2015,14785650
10/31/2015,14781850
10/30/2015,14777750
10/29/2015,14774050
10/28/2015,14770650
10/27/2015,14766700
10/26/2015,14762900
10/25/2015,14759025
10/24/2015,14755550
10/23/2015,14751700
10/22/2015,14747775
10/21/2015,14744150
10/20/2015,14740975
10/19/2015,14736825
10/18/2015,14736825
10/17/2015,14733250
10/16/2015,14729975
10/15/2015,14726100
10/14/2015,14722025
10/13/2015,14718225
10/12/2015,14714875
10/11/2015,14711375
10/10/2015,14707625
10/9/2015,14703900
10/8/2015,14700575
10/7/2015,14697150
10/6/2015,14693775
10/5/2015,14690050
10/4/2015,14686350
10/3/2015,14682575
10/2/2015,14678775
10/1/2015,14675650
9/30/2015,14671800
9/29/2015,14667925
9/28/2015,14663600
9/27/2015,14660125
9/26/2015,14652725
9/25/2015,14648675
9/24/2015,14645050
9/23/2015,14641300
9/22/2015,14637300
9/21/2015,14634000
9/20/2015,14631000
9/19/2015,14627700
9/18/2015,14624100
9/17/2015,14620575
9/16/2015,14616850
9/15/2015,14612775
9/14/2015,14608800
9/13/2015,14605300
9/12/2015,14601900
9/11/2015,14597575
9/10/2015,14593350
9/9/2015,14589825
9/8/2015,14586350
9/7/2015,14582950
9/6/2015,14578975
9/5/2015,14575200
9/4/2015,14571400
9/3/2015,14567625
9/2/2015,14563775
9/1/2015,14559975
8/31/2015,14556000
8/30/2015,14552400
8/29/2015,14548275
8/28/2015,14544550
8/27/2015,14540825
8/26/2015,14536950
8/25/2015,14533500
8/24/2015,14529575
8/23/2015,14526150
8/22/2015,14522325
8/21/2015,14518475
8/20/2015,14514600
8/19/2015,14510800
8/18/2015,14507175
8/17/2015,14503575
8/16/2015,14503575
8/15/2015,14499900
8/14/2015,14496550
8/13/2015,14493200
8/12/2015,14489475
8/11/2015,14486400
8/10/2015,14482175
8/9/2015,14477800
8/8/2015,14474425
8/7/2015,14470500
8/6/2015,14466950
8/5/2015,14463450
8/4/2015,14460300
8/3/2015,14456700
8/2/2015,14453025
8/1/2015,14449100
7/31/2015,14445000
7/30/2015,14441525
7/29/2015,14438100
7/28/2015,14434375
7/27/2015,14430825
7/26/2015,14426950
7/25/2015,14423500
7/24/2015,14419675
7/23/2015,14415475
7/22/2015,14411750
7/21/2015,14408075
7/20/2015,14404575
7/19/2015,14400975
7/18/2015,14397400
7/17/2015,14393400
7/16/2015,14389800
7/15/2015,14386400
7/14/2015,14382550
7/13/2015,14379075
7/12/2015,14375450
7/11/2015,14372000
7/10/2015,14368375
7/9/2015,14364475
7/8/2015,14361025
7/7/2015,14357175
7/6/2015,14353475
7/5/2015,14349225
7/4/2015,14345600
7/3/2015,14341725
7/2/2015,14337675
7/1/2015,14334175
6/30/2015,14330550
6/29/2015,14326975
6/28/2015,14323550
6/27/2015,14319875
6/26/2015,14316675
6/25/2015,14312975
6/24/2015,14308975
6/23/2015,14305200
6/22/2015,14301625
6/21/2015,14297925
6/20/2015,14294875
6/19/2015,14291525
6/18/2015,14287500
6/17/2015,14283650
6/16/2015,14280100
6/15/2015,14277025
6/14/2015,14273275
6/13/2015,14269650
6/12/2015,14265700
6/11/2015,14262300
6/10/2015,14258425
6/9/2015,14254475
6/8/2015,14250425
6/7/2015,14246900
6/6/2015,14242725
6/5/2015,14238700
6/4/2015,14235150
6/3/2015,14231600
6/2/2015,14228050
6/1/2015,14224400
5/31/2015,14220975
5/30/2015,14217300
5/29/2015,14214200
5/28/2015,14210275
5/27/2015,14206975
5/26/2015,14203350
5/25/2015,14199975
5/24/2015,14196375
5/23/2015,14192850
5/22/2015,14189850
5/21/2015,14186300
5/20/2015,14182475
5/19/2015,14178925
5/18/2015,14175525
5/17/2015,14172100
5/16/2015,14167775
5/15/2015,14164575
5/14/2015,14160450
5/13/2015,14156950
5/12/2015,14152900
5/11/2015,14148950
5/10/2015,14145225
5/9/2015,14142000
5/8/2015,14138850
5/7/2015,14135150
5/6/2015,14131125
5/5/2015,14127550
5/4/2015,14123700
5/3/2015,14120400
5/2/2015,14116950
5/1/2015,14113275
4/30/2015,14109600
4/29/2015,14106275
4/28/2015,14103050
4/27/2015,14099125
4/26/2015,14095675
4/25/2015,14091950
4/24/2015,14088100
4/23/2015,14085100
4/22/2015,14081650
4/21/2015,14078075
4/20/2015,14074100
4/19/2015,14069950
4/18/2015,14066550
4/17/2015,14063225
4/16/2015,14059875
4/15/2015,14056425
4/14/2015,14053350
4/13/2015,14049400
4/12/2015,14045875
4/11/2015,14042475
4/10/2015,14039050
4/9/2015,14035500
4/8/2015,14031925
4/7/2015,14028950
4/6/2015,14024975
4/5/2015,14021750
4/4/2015,14017975
4/3/2015,14014125
4/2/2015,14010350
4/1/2015,14006675
3/31/2015,14003125
3/30/2015,13999400
3/29/2015,13995850
3/28/2015,13992075
3/27/2015,13988325
3/26/2015,13984025
3/25/2015,13980300
3/24/2015,13976150
3/23/2015,13971975
3/22/2015,13968175
3/21/2015,13964850
3/20/2015,13961275
3/19/2015,13957750
3/18/2015,13954175
3/17/2015,13950650
3/16/2015,13947075
3/15/2015,13943800
3/14/2015,13940125
3/13/2015,13936775
3/12/2015,13933300
3/11/2015,13929975
3/10/2015,13925825
3/9/2015,13922050
3/8/2015,13918750
3/7/2015,13914850
3/6/2015,13911325
3/5/2015,13907375
3/4/2015,13904525
3/3/2015,13900600
3/2/2015,13896750
3/1/2015,13893000
2/28/2015,13889250
2/27/2015,13885875
2/26/2015,13881925
2/25/2015,13878325
2/24/2015,13874425
2/23/2015,13870975
2/22/2015,13867550
2/21/2015,13863775
2/20/2015,13860325
2/19/2015,13856175
2/18/2015,13852075
2/17/2015,13848050
2/16/2015,13844175
2/15/2015,13840225
2/14/2015,13836875
2/13/2015,13832850
2/12/2015,13829350
2/11/2015,13825950
2/10/2015,13822200
2/9/2015,13818450
2/8/2015,13814575
2/7/2015,13811375
2/6/2015,13807075
2/5/2015,13802700
2/4/2015,13799025
2/3/2015,13795000
2/2/2015,13791625
2/1/2015,13787950
1/31/2015,13783700
1/30/2015,13779825
1/29/2015,13776350
1/28/2015,13772100
1/27/2015,13768150
1/26/2015,13764525
1/25/2015,13761350
1/24/2015,13758200
1/23/2015,13755175
1/22/2015,13752075
1/21/2015,13748325
1/20/2015,13744900
1/19/2015,13741900
1/18/2015,13738025
1/17/2015,13734300
1/15/2015,13727150
1/14/2015,13723675
1/13/2015,13719900
1/12/2015,13717275
1/11/2015,13713175
1/10/2015,13709500
1/9/2015,13705975
1/8/2015,13702175
1/7/2015,13698800
1/6/2015,13695100
1/5/2015,13691175
1/4/2015,13686975
1/3/2015,13682825
1/2/2015,13678725
1/1/2015,13674725
12/31/2014,13670575
12/30/2014,13666700
12/29/2014,13663050
12/28/2014,13658825
12/27/2014,13654650
12/26/2014,13650650
12/25/2014,13647050
12/24/2014,13642825
12/23/2014,13639050
12/22/2014,13635000
12/21/2014,13631775
12/20/2014,13628150
12/19/2014,13624625
12/18/2014,13621525
12/17/2014,13618050
12/16/2014,13614875
12/15/2014,13611550
12/14/2014,13607725
12/13/2014,13604425
12/12/2014,13600850
12/11/2014,13597300
12/10/2014,13593675
12/9/2014,13589575
12/8/2014,13586100
12/7/2014,13582350
12/6/2014,13579300
12/5/2014,13575675
12/4/2014,13571925
12/3/2014,13568225
12/2/2014,13565200
12/1/2014,13561650
11/30/2014,13558075
11/29/2014,13554175
11/28/2014,13550400
11/27/2014,13546525
11/26/2014,13543250
11/25/2014,13539675
11/24/2014,13536475
11/23/2014,13532600
11/22/2014,13529075
11/21/2014,13525125
11/20/2014,13522025
11/19/2014,13518600
11/18/2014,13515175
11/17/2014,13511425
11/16/2014,13507625
11/15/2014,13504000
11/14/2014,13500250
11/13/2014,13496600
11/12/2014,13492950
11/11/2014,13489575
11/10/2014,13486050
11/9/2014,13482100
11/8/2014,13478625
11/7/2014,13474725
11/6/2014,13471125
11/5/2014,13467500
11/4/2014,13463500
11/3/2014,13459400
11/2/2014,13455525
11/1/2014,13451425
10/31/2014,13447425
10/30/2014,13442725
10/29/2014,13438400
10/28/2014,13434800
10/27/2014,13431050
10/26/2014,13427325
10/25/2014,13424075
10/24/2014,13420275
10/23/2014,13416200
10/22/2014,13412625
10/21/2014,13408350
10/20/2014,13404850
10/19/2014,13401400
10/18/2014,13398050
10/17/2014,13393825
10/16/2014,13390475
10/15/2014,13386725
10/14/2014,13383050
10/13/2014,13379550
10/12/2014,13375725
10/11/2014,13372025
10/10/2014,13368450
10/9/2014,13364475
10/8/2014,13360925
10/7/2014,13357650
10/6/2014,13353875
10/5/2014,13349875
10/4/2014,13345425
10/3/2014,13341850
10/2/2014,13338325
10/1/2014,13334625
9/30/2014,13331000
9/29/2014,13327200
9/28/2014,13323750
9/27/2014,13320275
9/26/2014,13317075
9/25/2014,13313300
9/24/2014,13309225
9/23/2014,13305150
9/22/2014,13301375
9/21/2014,13297450
9/20/2014,13293075
9/19/2014,13288750
9/18/2014,13284700
9/17/2014,13280075
9/16/2014,13275350
9/15/2014,13271125
9/14/2014,13267425
9/13/2014,13263175
9/12/2014,13258750
9/11/2014,13254725
9/10/2014,13250675
9/9/2014,13246775
9/8/2014,13243475
9/7/2014,13239650
9/6/2014,13235550
9/5/2014,13231350
9/4/2014,13227625
9/3/2014,13223450
9/2/2014,13219475
9/1/2014,13215900
8/31/2014,13212150
8/30/2014,13207275
8/29/2014,13202975
8/28/2014,13198825
8/27/2014,13194300
8/26/2014,13190275
8/25/2014,13186125
8/24/2014,13182775
8/23/2014,13178675
8/22/2014,13174750
8/21/2014,13170725
8/20/2014,13166525
8/19/2014,13162575
8/18/2014,13157425
8/17/2014,13153050
8/16/2014,13148925
8/15/2014,13144650
8/14/2014,13140575
8/13/2014,13136325
8/12/2014,13132400
8/11/2014,13127875
8/10/2014,13123325
8/9/2014,13118850
8/8/2014,13114525
8/7/2014,13110500
8/6/2014,13106575
8/5/2014,13102750
8/4/2014,13099450
8/3/2014,13096075
8/2/2014,13092275
8/1/2014,13088050
7/31/2014,13084225
7/30/2014,13080375
7/29/2014,13076000
7/28/2014,13072275
7/27/2014,13068875
7/26/2014,13064850
7/25/2014,13061350
7/24/2014,13057425
7/23/2014,13053700
7/22/2014,13050050
7/21/2014,13046475
7/20/2014,13042750
7/19/2014,13038500
7/18/2014,13034200
7/17/2014,13030225
7/16/2014,13025950
7/15/2014,13021825
7/14/2014,13018375
7/13/2014,13014750
7/12/2014,13010900
7/11/2014,13006775
7/10/2014,13003025
7/9/2014,12999175
7/8/2014,12995200
7/7/2014,12991150
7/6/2014,12987675
7/5/2014,12983950
7/4/2014,12980150
7/3/2014,12976150
7/2/2014,12972825
7/1/2014,12969350
6/30/2014,12965900
6/29/2014,12962775
6/28/2014,12958425
6/27/2014,12953750
6/26/2014,12949075
6/25/2014,12944800
6/24/2014,12940150
6/23/2014,12935200
6/22/2014,12931250
6/21/2014,12926425
6/20/2014,12921700
6/19/2014,12917075
6/18/2014,12913300
6/17/2014,12909050
6/16/2014,12904600
6/15/2014,12899525
6/14/2014,12894875
6/13/2014,12890475
6/12/2014,12886275
6/11/2014,12882400
6/10/2014,12878750
6/9/2014,12874325
6/8/2014,12870925
6/7/2014,12867175
6/6/2014,12863350
6/5/2014,12859650
6/4/2014,12856025
6/3/2014,12851450
6/2/2014,12846750
6/1/2014,12842275
5/31/2014,12837800
5/30/2014,12834000
5/29/2014,12829925
5/28/2014,12826650
5/27/2014,12822225
5/26/2014,12819000
5/25/2014,12814775
5/24/2014,12811000
5/23/2014,12806800
5/22/2014,12802850
5/21/2014,12798675
5/20/2014,12794225
5/19/2014,12789750
5/18/2014,12785325
5/17/2014,12781475
5/16/2014,12776900
5/15/2014,12772350
5/14/2014,12768200
5/13/2014,12764450
5/12/2014,12760200
5/11/2014,12756275
5/10/2014,12752125
5/9/2014,12747700
5/8/2014,12743550
5/7/2014,12739650
5/6/2014,12735575
5/5/2014,12730925
5/4/2014,12727800
5/3/2014,12724000
5/2/2014,12720400
5/1/2014,12716150
4/30/2014,12711950
4/29/2014,12708300
4/28/2014,12704350
4/27/2014,12700200
4/26/2014,12696025
4/25/2014,12691575
4/24/2014,12687475
4/23/2014,12683800
4/22/2014,12679425
4/21/2014,12675575
4/20/2014,12671150
4/19/2014,12666900
4/18/2014,12662825
4/17/2014,12658925
4/16/2014,12654575
4/15/2014,12650850
4/14/2014,12645975
4/13/2014,12641425
4/12/2014,12636450
4/11/2014,12632450
4/10/2014,12628725
4/9/2014,12624350
4/8/2014,12620725
4/7/2014,12616825
4/6/2014,12613175
4/5/2014,12609625
4/4/2014,12605150
4/3/2014,12600125
4/2/2014,12594925
4/1/2014,12590300
3/31/2014,12585825
3/30/2014,12581625
3/29/2014,12577900
3/28/2014,12573625
3/27/2014,12569050
3/26/2014,12564875
3/25/2014,12560925
3/24/2014,12557150
3/23/2014,12552175
3/22/2014,12547050
3/21/2014,12542650
3/20/2014,12538125
3/19/2014,12533950
3/18/2014,12530075
3/17/2014,12526450
3/16/2014,12522000
3/15/2014,12518050
3/14/2014,12513675
3/13/2014,12510200
3/12/2014,12505975
3/11/2014,12501775
3/10/2014,12497575
3/9/2014,12493450
3/8/2014,12489350
3/7/2014,12484975
3/6/2014,12480800
3/5/2014,12476750
3/4/2014,12472725
3/3/2014,12469250
3/2/2014,12465700
3/1/2014,12461975
2/28/2014,12458275
2/27/2014,12453575
2/26/2014,12449025
2/25/2014,12444500
2/24/2014,12440250
2/23/2014,12435700
2/22/2014,12431150
2/21/2014,12427050
2/20/2014,12422850
2/19/2014,12418575
2/18/2014,12413800
2/17/2014,12409625
2/16/2014,12405475
2/15/2014,12400650
2/14/2014,12396150
2/13/2014,12391375
2/12/2014,12386875
2/11/2014,12382700
2/10/2014,12378525
2/9/2014,12374700
2/8/2014,12370925
2/7/2014,12366550
2/6/2014,12362425
2/5/2014,12358250
2/4/2014,12353975
2/3/2014,12349750
2/2/2014,12344900
2/1/2014,12340450
1/31/2014,12335525
1/30/2014,12330925
1/29/2014,12326925
1/28/2014,12322975
1/27/2014,12318825
1/26/2014,12314800
1/25/2014,12310800
1/24/2014,12306925
1/23/2014,12302025
1/22/2014,12297575
1/21/2014,12292825
1/20/2014,12288525
1/19/2014,12283950
1/18/2014,12279350
1/17/2014,12275275
1/16/2014,12271450
1/15/2014,12266450
1/14/2014,12262175
1/13/2014,12258325
1/12/2014,12253250
1/11/2014,12248500
1/10/2014,12243325
1/9/2014,12238275
1/8/2014,12233750
1/7/2014,12228825
1/6/2014,12224150
1/5/2014,12219725
1/4/2014,12215225
1/3/2014,12211525
1/2/2014,12207450
1/1/2014,12203800
12/31/2013,12198800
12/30/2013,12194575
12/29/2013,12189725
12/28/2013,12185975
12/27/2013,12181875
